{"timestamp":"2026-05-23T10:43:43.721Z","level":"LOG","message":"[dotenv@17.3.1] injecting env (19) from .env -- tip: 🔐 encrypt with Dotenvx: https://dotenvx.com"}
{"timestamp":"2026-05-23T10:43:44.218Z","level":"LOG","message":"[dotenv@17.3.1] injecting env (0) from .env -- tip: ⚙️  enable debug logging with { debug: true }"}
{"timestamp":"2026-05-23T10:43:44.880Z","level":"LOG","message":"[dotenv@17.3.1] injecting env (0) from .env -- tip: 🔐 encrypt with Dotenvx: https://dotenvx.com"}
{"timestamp":"2026-05-23T10:43:45.413Z","level":"LOG","message":"✅ DB Connected"}
{"timestamp":"2026-05-23T10:43:45.643Z","level":"LOG","message":"✅ Tables Synced"}
{"timestamp":"2026-05-23T10:43:45.659Z","level":"LOG","message":"🚀 Server running on port 9001"}
{"timestamp":"2026-05-23T10:45:50.019Z","level":"LOG","message":"[dotenv@17.3.1] injecting env (19) from .env -- tip: 🤖 agentic secret storage: https://dotenvx.com/as2"}
{"timestamp":"2026-05-23T10:45:50.384Z","level":"LOG","message":"[dotenv@17.3.1] injecting env (0) from .env -- tip: ⚙️  write to custom object with { processEnv: myObject }"}
{"timestamp":"2026-05-23T10:45:50.882Z","level":"LOG","message":"[dotenv@17.3.1] injecting env (0) from .env -- tip: 🤖 agentic secret storage: https://dotenvx.com/as2"}
{"timestamp":"2026-05-23T10:45:51.344Z","level":"LOG","message":"✅ DB Connected"}
{"timestamp":"2026-05-23T10:45:51.489Z","level":"LOG","message":"✅ Tables Synced"}
{"timestamp":"2026-05-23T10:45:51.503Z","level":"LOG","message":"🚀 Server running on port 9001"}
{"timestamp":"2026-05-23T10:49:56.131Z","level":"LOG","message":"Decoded user: {\"id\":11,\"phone\":\"8447771582\",\"iat\":1779528982,\"exp\":1780133782}"}
{"timestamp":"2026-05-23T10:49:56.331Z","level":"LOG","message":"Decoded user: {\"id\":11,\"phone\":\"8447771582\",\"iat\":1779528982,\"exp\":1780133782}"}
{"timestamp":"2026-05-23T10:49:56.458Z","level":"LOG","message":"Decoded user: {\"id\":11,\"phone\":\"8447771582\",\"iat\":1779528982,\"exp\":1780133782}"}
{"timestamp":"2026-05-23T10:49:56.459Z","level":"LOG","message":"REQ USER: {\"id\":11,\"phone\":\"8447771582\",\"iat\":1779528982,\"exp\":1780133782}"}
{"timestamp":"2026-05-23T11:00:46.184Z","level":"LOG","message":"Decoded user: {\"id\":11,\"phone\":\"8447771582\",\"iat\":1779528982,\"exp\":1780133782}"}
{"timestamp":"2026-05-23T11:00:46.314Z","level":"LOG","message":"Decoded user: {\"id\":11,\"phone\":\"8447771582\",\"iat\":1779528982,\"exp\":1780133782}"}
{"timestamp":"2026-05-23T11:00:46.400Z","level":"LOG","message":"Decoded user: {\"id\":11,\"phone\":\"8447771582\",\"iat\":1779528982,\"exp\":1780133782}"}
{"timestamp":"2026-05-23T11:00:46.400Z","level":"LOG","message":"REQ USER: {\"id\":11,\"phone\":\"8447771582\",\"iat\":1779528982,\"exp\":1780133782}"}
{"timestamp":"2026-05-23T11:01:29.992Z","level":"LOG","message":"[dotenv@17.3.1] injecting env (19) from .env -- tip: 🔐 encrypt with Dotenvx: https://dotenvx.com"}
{"timestamp":"2026-05-23T11:01:30.266Z","level":"LOG","message":"[dotenv@17.3.1] injecting env (0) from .env -- tip: ⚙️  override existing env vars with { override: true }"}
{"timestamp":"2026-05-23T11:01:30.606Z","level":"LOG","message":"[dotenv@17.3.1] injecting env (0) from .env -- tip: 🔐 prevent building .env in docker: https://dotenvx.com/prebuild"}
{"timestamp":"2026-05-23T11:01:30.887Z","level":"LOG","message":"✅ DB Connected"}
{"timestamp":"2026-05-23T11:01:30.973Z","level":"LOG","message":"✅ Tables Synced"}
{"timestamp":"2026-05-23T11:01:30.983Z","level":"LOG","message":"🚀 Server running on port 9001"}
{"timestamp":"2026-05-23T11:01:31.732Z","level":"LOG","message":"[dotenv@17.3.1] injecting env (19) from .env -- tip: ⚙️  specify custom .env file path with { path: '/custom/path/.env' }"}
{"timestamp":"2026-05-23T11:01:32.038Z","level":"LOG","message":"[dotenv@17.3.1] injecting env (0) from .env -- tip: 🛡️ auth for agents: https://vestauth.com"}
{"timestamp":"2026-05-23T11:01:32.415Z","level":"LOG","message":"[dotenv@17.3.1] injecting env (0) from .env -- tip: 🤖 agentic secret storage: https://dotenvx.com/as2"}
{"timestamp":"2026-05-23T11:01:32.715Z","level":"LOG","message":"✅ DB Connected"}
{"timestamp":"2026-05-23T11:01:32.810Z","level":"LOG","message":"✅ Tables Synced"}
{"timestamp":"2026-05-23T11:01:32.820Z","level":"LOG","message":"🚀 Server running on port 9001"}
{"timestamp":"2026-05-23T11:03:08.399Z","level":"LOG","message":"Decoded user: {\"id\":11,\"phone\":\"8447771582\",\"iat\":1779528982,\"exp\":1780133782}"}
{"timestamp":"2026-05-23T11:05:28.269Z","level":"LOG","message":"Decoded user: {\"id\":11,\"phone\":\"8447771582\",\"iat\":1779528982,\"exp\":1780133782}"}
{"timestamp":"2026-05-23T11:05:28.270Z","level":"LOG","message":"REQ USER: {\"id\":11,\"phone\":\"8447771582\",\"iat\":1779528982,\"exp\":1780133782}"}
{"timestamp":"2026-05-23T11:05:28.383Z","level":"LOG","message":"Decoded user: {\"id\":11,\"phone\":\"8447771582\",\"iat\":1779528982,\"exp\":1780133782}"}
{"timestamp":"2026-05-23T11:05:28.384Z","level":"LOG","message":"REQ USER: {\"id\":11,\"phone\":\"8447771582\",\"iat\":1779528982,\"exp\":1780133782}"}
{"timestamp":"2026-05-23T11:07:51.492Z","level":"LOG","message":"Decoded user: {\"id\":11,\"phone\":\"8447771582\",\"iat\":1779528982,\"exp\":1780133782}"}
{"timestamp":"2026-05-23T11:07:51.493Z","level":"LOG","message":"REQ USER: {\"id\":11,\"phone\":\"8447771582\",\"iat\":1779528982,\"exp\":1780133782}"}
{"timestamp":"2026-05-23T11:07:51.544Z","level":"LOG","message":"Decoded user: {\"id\":11,\"phone\":\"8447771582\",\"iat\":1779528982,\"exp\":1780133782}"}
{"timestamp":"2026-05-23T11:07:51.544Z","level":"LOG","message":"REQ USER: {\"id\":11,\"phone\":\"8447771582\",\"iat\":1779528982,\"exp\":1780133782}"}
{"timestamp":"2026-05-23T11:07:53.130Z","level":"LOG","message":"Decoded user: {\"id\":11,\"phone\":\"8447771582\",\"iat\":1779528982,\"exp\":1780133782}"}
{"timestamp":"2026-05-23T11:07:53.202Z","level":"LOG","message":"Decoded user: {\"id\":11,\"phone\":\"8447771582\",\"iat\":1779528982,\"exp\":1780133782}"}
{"timestamp":"2026-05-23T11:07:55.648Z","level":"LOG","message":"Decoded user: {\"id\":11,\"phone\":\"8447771582\",\"iat\":1779528982,\"exp\":1780133782}"}
{"timestamp":"2026-05-23T11:07:55.689Z","level":"LOG","message":"Decoded user: {\"id\":11,\"phone\":\"8447771582\",\"iat\":1779528982,\"exp\":1780133782}"}
{"timestamp":"2026-05-23T11:08:00.650Z","level":"LOG","message":"TODAY: 2026-05-23"}
{"timestamp":"2026-05-23T11:08:00.650Z","level":"LOG","message":"BEGIN: 2026-05-23"}
{"timestamp":"2026-05-23T11:08:00.650Z","level":"LOG","message":"END: 2026-05-24"}
{"timestamp":"2026-05-23T11:08:08.937Z","level":"LOG","message":"Decoded user: {\"id\":11,\"phone\":\"8447771582\",\"iat\":1779528982,\"exp\":1780133782}"}
{"timestamp":"2026-05-23T11:08:09.216Z","level":"LOG","message":"Decoded user: {\"id\":11,\"phone\":\"8447771582\",\"iat\":1779528982,\"exp\":1780133782}"}
{"timestamp":"2026-05-23T11:08:09.216Z","level":"LOG","message":"REQ USER: {\"id\":11,\"phone\":\"8447771582\",\"iat\":1779528982,\"exp\":1780133782}"}
{"timestamp":"2026-05-23T11:08:36.331Z","level":"LOG","message":"TODAY: 2026-05-23"}
{"timestamp":"2026-05-23T11:08:36.331Z","level":"LOG","message":"BEGIN: 2026-04-01"}
{"timestamp":"2026-05-23T11:08:36.331Z","level":"LOG","message":"END: 2027-03-31"}
{"timestamp":"2026-05-23T11:08:48.849Z","level":"LOG","message":"Decoded user: {\"id\":11,\"phone\":\"8447771582\",\"iat\":1779528982,\"exp\":1780133782}"}
{"timestamp":"2026-05-23T11:08:49.127Z","level":"LOG","message":"Decoded user: {\"id\":11,\"phone\":\"8447771582\",\"iat\":1779528982,\"exp\":1780133782}"}
{"timestamp":"2026-05-23T11:08:49.127Z","level":"LOG","message":"REQ USER: {\"id\":11,\"phone\":\"8447771582\",\"iat\":1779528982,\"exp\":1780133782}"}
{"timestamp":"2026-05-23T11:08:51.122Z","level":"LOG","message":"TODAY: 2026-05-23"}
{"timestamp":"2026-05-23T11:08:51.122Z","level":"LOG","message":"BEGIN: 2026-05-23"}
{"timestamp":"2026-05-23T11:08:51.122Z","level":"LOG","message":"END: 2026-05-24"}
{"timestamp":"2026-05-23T11:08:53.776Z","level":"LOG","message":"Decoded user: {\"id\":11,\"phone\":\"8447771582\",\"iat\":1779528982,\"exp\":1780133782}"}
{"timestamp":"2026-05-23T11:08:53.837Z","level":"LOG","message":"Decoded user: {\"id\":11,\"phone\":\"8447771582\",\"iat\":1779528982,\"exp\":1780133782}"}
{"timestamp":"2026-05-23T11:08:53.837Z","level":"LOG","message":"REQ USER: {\"id\":11,\"phone\":\"8447771582\",\"iat\":1779528982,\"exp\":1780133782}"}
{"timestamp":"2026-05-23T11:08:58.516Z","level":"LOG","message":"TODAY: 2026-05-23"}
{"timestamp":"2026-05-23T11:08:58.516Z","level":"LOG","message":"BEGIN: 2026-05-23"}
{"timestamp":"2026-05-23T11:08:58.516Z","level":"LOG","message":"END: 2026-05-24"}
{"timestamp":"2026-05-23T11:09:01.519Z","level":"LOG","message":"Decoded user: {\"id\":11,\"phone\":\"8447771582\",\"iat\":1779528982,\"exp\":1780133782}"}
{"timestamp":"2026-05-23T11:09:01.798Z","level":"LOG","message":"Decoded user: {\"id\":11,\"phone\":\"8447771582\",\"iat\":1779528982,\"exp\":1780133782}"}
{"timestamp":"2026-05-23T11:09:01.798Z","level":"LOG","message":"REQ USER: {\"id\":11,\"phone\":\"8447771582\",\"iat\":1779528982,\"exp\":1780133782}"}
{"timestamp":"2026-05-23T11:09:04.316Z","level":"LOG","message":"Decoded user: {\"id\":11,\"phone\":\"8447771582\",\"iat\":1779528982,\"exp\":1780133782}"}
{"timestamp":"2026-05-23T11:09:04.316Z","level":"LOG","message":"REQ USER: {\"id\":11,\"phone\":\"8447771582\",\"iat\":1779528982,\"exp\":1780133782}"}
{"timestamp":"2026-05-23T11:09:04.700Z","level":"LOG","message":"Decoded user: {\"id\":11,\"phone\":\"8447771582\",\"iat\":1779528982,\"exp\":1780133782}"}
{"timestamp":"2026-05-23T11:09:04.700Z","level":"LOG","message":"REQ USER: {\"id\":11,\"phone\":\"8447771582\",\"iat\":1779528982,\"exp\":1780133782}"}
{"timestamp":"2026-05-23T11:19:49.345Z","level":"LOG","message":"SMS Response: {\"return\":true,\"request_id\":\"S690bKmroYAWkH2\",\"message\":[\"SMS sent successfully.\"]}"}
{"timestamp":"2026-05-23T11:19:53.724Z","level":"LOG","message":"SMS DLR (after await):\n{\n  \"success\": true,\n  \"message\": \"DLR found successfully.\",\n  \"data\": [\n    {\n      \"request_id\": \"S690bKmroYAWkH2\",\n      \"route\": \"dlt\",\n      \"delivery_status\": [\n        {\n          \"sender_id\": \"SHOPHN\",\n          \"mobile\": 9935146914,\n          \"status\": \"Sent\",\n          \"status_description\": \"Delivered successfully\",\n          \"dlr_attempt\": 1,\n          \"sms_language\": \"english\",\n          \"character_count\": 65,\n          \"sms_count\": 1,\n          \"amount_debited\": \"0.2500\",\n          \"sent_timestamp\": 1779535191,\n          \"sent_time\": \"23-05-2026 11:19:51 AM\"\n        }\n      ]\n    }\n  ]\n}"}
{"timestamp":"2026-05-23T11:20:07.393Z","level":"LOG","message":"Decoded user: {\"id\":2,\"phone\":\"9935146914\",\"iat\":1779535206,\"exp\":1780140006}"}
{"timestamp":"2026-05-23T11:20:07.393Z","level":"LOG","message":"REQ USER: {\"id\":2,\"phone\":\"9935146914\",\"iat\":1779535206,\"exp\":1780140006}"}
{"timestamp":"2026-05-23T11:20:08.261Z","level":"LOG","message":"Decoded user: {\"id\":2,\"phone\":\"9935146914\",\"iat\":1779535206,\"exp\":1780140006}"}
{"timestamp":"2026-05-23T11:20:08.262Z","level":"LOG","message":"REQ USER: {\"id\":2,\"phone\":\"9935146914\",\"iat\":1779535206,\"exp\":1780140006}"}
{"timestamp":"2026-05-23T11:20:12.046Z","level":"LOG","message":"Decoded user: {\"id\":2,\"phone\":\"9935146914\",\"iat\":1779535206,\"exp\":1780140006}"}
{"timestamp":"2026-05-23T11:20:13.647Z","level":"LOG","message":"Decoded user: {\"id\":2,\"phone\":\"9935146914\",\"iat\":1779535206,\"exp\":1780140006}"}
{"timestamp":"2026-05-23T11:20:34.997Z","level":"LOG","message":"TODAY: 2026-05-23"}
{"timestamp":"2026-05-23T11:20:34.997Z","level":"LOG","message":"BEGIN: 2026-04-01"}
{"timestamp":"2026-05-23T11:20:34.997Z","level":"LOG","message":"END: 2027-03-31"}
{"timestamp":"2026-05-23T11:25:39.201Z","level":"LOG","message":"Decoded user: {\"id\":11,\"phone\":\"8447771582\",\"iat\":1779528982,\"exp\":1780133782}"}
{"timestamp":"2026-05-23T11:25:39.201Z","level":"LOG","message":"REQ USER: {\"id\":11,\"phone\":\"8447771582\",\"iat\":1779528982,\"exp\":1780133782}"}
{"timestamp":"2026-05-23T11:25:39.267Z","level":"LOG","message":"Decoded user: {\"id\":11,\"phone\":\"8447771582\",\"iat\":1779528982,\"exp\":1780133782}"}
{"timestamp":"2026-05-23T11:25:39.267Z","level":"LOG","message":"REQ USER: {\"id\":11,\"phone\":\"8447771582\",\"iat\":1779528982,\"exp\":1780133782}"}
{"timestamp":"2026-05-23T11:27:58.512Z","level":"LOG","message":"Decoded user: {\"id\":11,\"phone\":\"8447771582\",\"iat\":1779528982,\"exp\":1780133782}"}
{"timestamp":"2026-05-23T11:27:58.512Z","level":"LOG","message":"REQ USER: {\"id\":11,\"phone\":\"8447771582\",\"iat\":1779528982,\"exp\":1780133782}"}
{"timestamp":"2026-05-23T11:27:58.689Z","level":"LOG","message":"Decoded user: {\"id\":11,\"phone\":\"8447771582\",\"iat\":1779528982,\"exp\":1780133782}"}
{"timestamp":"2026-05-23T11:27:58.689Z","level":"LOG","message":"REQ USER: {\"id\":11,\"phone\":\"8447771582\",\"iat\":1779528982,\"exp\":1780133782}"}
{"timestamp":"2026-05-23T11:28:24.506Z","level":"LOG","message":"Decoded user: {\"id\":11,\"phone\":\"8447771582\",\"iat\":1779528982,\"exp\":1780133782}"}
{"timestamp":"2026-05-23T11:28:24.506Z","level":"LOG","message":"REQ USER: {\"id\":11,\"phone\":\"8447771582\",\"iat\":1779528982,\"exp\":1780133782}"}
{"timestamp":"2026-05-23T11:28:24.734Z","level":"LOG","message":"Decoded user: {\"id\":11,\"phone\":\"8447771582\",\"iat\":1779528982,\"exp\":1780133782}"}
{"timestamp":"2026-05-23T11:28:24.734Z","level":"LOG","message":"REQ USER: {\"id\":11,\"phone\":\"8447771582\",\"iat\":1779528982,\"exp\":1780133782}"}
{"timestamp":"2026-05-23T11:29:17.891Z","level":"LOG","message":"Decoded user: {\"id\":11,\"phone\":\"8447771582\",\"iat\":1779528982,\"exp\":1780133782}"}
{"timestamp":"2026-05-23T11:29:17.891Z","level":"LOG","message":"REQ USER: {\"id\":11,\"phone\":\"8447771582\",\"iat\":1779528982,\"exp\":1780133782}"}
{"timestamp":"2026-05-23T11:29:17.964Z","level":"LOG","message":"Decoded user: {\"id\":11,\"phone\":\"8447771582\",\"iat\":1779528982,\"exp\":1780133782}"}
{"timestamp":"2026-05-23T11:29:17.964Z","level":"LOG","message":"REQ USER: {\"id\":11,\"phone\":\"8447771582\",\"iat\":1779528982,\"exp\":1780133782}"}
{"timestamp":"2026-05-23T11:53:24.120Z","level":"LOG","message":"[dotenv@17.3.1] injecting env (19) from .env -- tip: ⚙️  suppress all logs with { quiet: true }"}
{"timestamp":"2026-05-23T11:53:24.375Z","level":"LOG","message":"[dotenv@17.3.1] injecting env (0) from .env -- tip: ⚙️  specify custom .env file path with { path: '/custom/path/.env' }"}
{"timestamp":"2026-05-23T11:53:24.684Z","level":"LOG","message":"[dotenv@17.3.1] injecting env (0) from .env -- tip: 🔐 encrypt with Dotenvx: https://dotenvx.com"}
{"timestamp":"2026-05-23T11:53:24.963Z","level":"LOG","message":"✅ DB Connected"}
{"timestamp":"2026-05-23T11:53:25.060Z","level":"LOG","message":"✅ Tables Synced"}
{"timestamp":"2026-05-23T11:53:25.076Z","level":"LOG","message":"🚀 Server running on port 9001"}
{"timestamp":"2026-05-23T11:53:35.933Z","level":"LOG","message":"[dotenv@17.3.1] injecting env (19) from .env -- tip: ⚙️  specify custom .env file path with { path: '/custom/path/.env' }"}
{"timestamp":"2026-05-23T11:53:36.228Z","level":"LOG","message":"[dotenv@17.3.1] injecting env (0) from .env -- tip: ⚙️  override existing env vars with { override: true }"}
{"timestamp":"2026-05-23T11:53:36.646Z","level":"LOG","message":"[dotenv@17.3.1] injecting env (0) from .env -- tip: ⚙️  suppress all logs with { quiet: true }"}
{"timestamp":"2026-05-23T11:53:36.987Z","level":"LOG","message":"✅ DB Connected"}
{"timestamp":"2026-05-23T11:53:37.096Z","level":"LOG","message":"✅ Tables Synced"}
{"timestamp":"2026-05-23T11:53:37.109Z","level":"LOG","message":"🚀 Server running on port 9001"}
{"timestamp":"2026-05-23T11:53:37.193Z","level":"LOG","message":"Decoded user: {\"id\":11,\"phone\":\"8447771582\",\"iat\":1779528982,\"exp\":1780133782}"}
{"timestamp":"2026-05-23T11:53:37.207Z","level":"LOG","message":"GET PROFILE ERROR: Error\n    at Query.run (/home/u823569727/domains/api.shop99.co.in/nodejs/node_modules/sequelize/lib/dialects/mysql/query.js:52:25)\n    at /home/u823569727/domains/api.shop99.co.in/nodejs/node_modules/sequelize/lib/sequelize.js:315:28\n    at process.processTicksAndRejections (node:internal/process/task_queues:105:5)\n    at async MySQLQueryInterface.select (/home/u823569727/domains/api.shop99.co.in/nodejs/node_modules/sequelize/lib/dialects/abstract/query-interface.js:407:12)\n    at async User.findAll (/home/u823569727/domains/api.shop99.co.in/nodejs/node_modules/sequelize/lib/model.js:1140:21)\n    at async User.findOne (/home/u823569727/domains/api.shop99.co.in/nodejs/node_modules/sequelize/lib/model.js:1240:12)\n    at async User.findByPk (/home/u823569727/domains/api.shop99.co.in/nodejs/node_modules/sequelize/lib/model.js:1221:12)\n    at async exports.getProfile (/home/u823569727/domains/api.shop99.co.in/nodejs/controllers/profileController.js:62:18)"}
{"timestamp":"2026-05-23T11:53:37.253Z","level":"LOG","message":"Decoded user: {\"id\":11,\"phone\":\"8447771582\",\"iat\":1779528982,\"exp\":1780133782}"}
{"timestamp":"2026-05-23T11:53:37.255Z","level":"LOG","message":"GET PROFILE ERROR: Error\n    at Query.run (/home/u823569727/domains/api.shop99.co.in/nodejs/node_modules/sequelize/lib/dialects/mysql/query.js:52:25)\n    at /home/u823569727/domains/api.shop99.co.in/nodejs/node_modules/sequelize/lib/sequelize.js:315:28\n    at process.processTicksAndRejections (node:internal/process/task_queues:105:5)\n    at async MySQLQueryInterface.select (/home/u823569727/domains/api.shop99.co.in/nodejs/node_modules/sequelize/lib/dialects/abstract/query-interface.js:407:12)\n    at async User.findAll (/home/u823569727/domains/api.shop99.co.in/nodejs/node_modules/sequelize/lib/model.js:1140:21)\n    at async User.findOne (/home/u823569727/domains/api.shop99.co.in/nodejs/node_modules/sequelize/lib/model.js:1240:12)\n    at async User.findByPk (/home/u823569727/domains/api.shop99.co.in/nodejs/node_modules/sequelize/lib/model.js:1221:12)\n    at async exports.getProfile (/home/u823569727/domains/api.shop99.co.in/nodejs/controllers/profileController.js:62:18)"}
{"timestamp":"2026-05-23T11:53:37.303Z","level":"LOG","message":"Decoded user: {\"id\":11,\"phone\":\"8447771582\",\"iat\":1779528982,\"exp\":1780133782}"}
{"timestamp":"2026-05-23T11:53:37.306Z","level":"LOG","message":"GET PROFILE ERROR: Error\n    at Query.run (/home/u823569727/domains/api.shop99.co.in/nodejs/node_modules/sequelize/lib/dialects/mysql/query.js:52:25)\n    at /home/u823569727/domains/api.shop99.co.in/nodejs/node_modules/sequelize/lib/sequelize.js:315:28\n    at process.processTicksAndRejections (node:internal/process/task_queues:105:5)\n    at async MySQLQueryInterface.select (/home/u823569727/domains/api.shop99.co.in/nodejs/node_modules/sequelize/lib/dialects/abstract/query-interface.js:407:12)\n    at async User.findAll (/home/u823569727/domains/api.shop99.co.in/nodejs/node_modules/sequelize/lib/model.js:1140:21)\n    at async User.findOne (/home/u823569727/domains/api.shop99.co.in/nodejs/node_modules/sequelize/lib/model.js:1240:12)\n    at async User.findByPk (/home/u823569727/domains/api.shop99.co.in/nodejs/node_modules/sequelize/lib/model.js:1221:12)\n    at async exports.getProfile (/home/u823569727/domains/api.shop99.co.in/nodejs/controllers/profileController.js:62:18)"}
{"timestamp":"2026-05-23T11:53:37.353Z","level":"LOG","message":"Decoded user: {\"id\":11,\"phone\":\"8447771582\",\"iat\":1779528982,\"exp\":1780133782}"}
{"timestamp":"2026-05-23T11:53:37.355Z","level":"LOG","message":"GET PROFILE ERROR: Error\n    at Query.run (/home/u823569727/domains/api.shop99.co.in/nodejs/node_modules/sequelize/lib/dialects/mysql/query.js:52:25)\n    at /home/u823569727/domains/api.shop99.co.in/nodejs/node_modules/sequelize/lib/sequelize.js:315:28\n    at process.processTicksAndRejections (node:internal/process/task_queues:105:5)\n    at async MySQLQueryInterface.select (/home/u823569727/domains/api.shop99.co.in/nodejs/node_modules/sequelize/lib/dialects/abstract/query-interface.js:407:12)\n    at async User.findAll (/home/u823569727/domains/api.shop99.co.in/nodejs/node_modules/sequelize/lib/model.js:1140:21)\n    at async User.findOne (/home/u823569727/domains/api.shop99.co.in/nodejs/node_modules/sequelize/lib/model.js:1240:12)\n    at async User.findByPk (/home/u823569727/domains/api.shop99.co.in/nodejs/node_modules/sequelize/lib/model.js:1221:12)\n    at async exports.getProfile (/home/u823569727/domains/api.shop99.co.in/nodejs/controllers/profileController.js:62:18)"}
{"timestamp":"2026-05-23T11:53:38.981Z","level":"LOG","message":"Decoded user: {\"id\":11,\"phone\":\"8447771582\",\"iat\":1779528982,\"exp\":1780133782}"}
{"timestamp":"2026-05-23T11:53:38.984Z","level":"LOG","message":"GET PROFILE ERROR: Error\n    at Query.run (/home/u823569727/domains/api.shop99.co.in/nodejs/node_modules/sequelize/lib/dialects/mysql/query.js:52:25)\n    at /home/u823569727/domains/api.shop99.co.in/nodejs/node_modules/sequelize/lib/sequelize.js:315:28\n    at process.processTicksAndRejections (node:internal/process/task_queues:105:5)\n    at async MySQLQueryInterface.select (/home/u823569727/domains/api.shop99.co.in/nodejs/node_modules/sequelize/lib/dialects/abstract/query-interface.js:407:12)\n    at async User.findAll (/home/u823569727/domains/api.shop99.co.in/nodejs/node_modules/sequelize/lib/model.js:1140:21)\n    at async User.findOne (/home/u823569727/domains/api.shop99.co.in/nodejs/node_modules/sequelize/lib/model.js:1240:12)\n    at async User.findByPk (/home/u823569727/domains/api.shop99.co.in/nodejs/node_modules/sequelize/lib/model.js:1221:12)\n    at async exports.getProfile (/home/u823569727/domains/api.shop99.co.in/nodejs/controllers/profileController.js:62:18)"}
{"timestamp":"2026-05-23T11:53:39.616Z","level":"LOG","message":"Decoded user: {\"id\":11,\"phone\":\"8447771582\",\"iat\":1779528982,\"exp\":1780133782}"}
{"timestamp":"2026-05-23T11:53:39.617Z","level":"LOG","message":"GET PROFILE ERROR: Error\n    at Query.run (/home/u823569727/domains/api.shop99.co.in/nodejs/node_modules/sequelize/lib/dialects/mysql/query.js:52:25)\n    at /home/u823569727/domains/api.shop99.co.in/nodejs/node_modules/sequelize/lib/sequelize.js:315:28\n    at process.processTicksAndRejections (node:internal/process/task_queues:105:5)\n    at async MySQLQueryInterface.select (/home/u823569727/domains/api.shop99.co.in/nodejs/node_modules/sequelize/lib/dialects/abstract/query-interface.js:407:12)\n    at async User.findAll (/home/u823569727/domains/api.shop99.co.in/nodejs/node_modules/sequelize/lib/model.js:1140:21)\n    at async User.findOne (/home/u823569727/domains/api.shop99.co.in/nodejs/node_modules/sequelize/lib/model.js:1240:12)\n    at async User.findByPk (/home/u823569727/domains/api.shop99.co.in/nodejs/node_modules/sequelize/lib/model.js:1221:12)\n    at async exports.getProfile (/home/u823569727/domains/api.shop99.co.in/nodejs/controllers/profileController.js:62:18)"}
{"timestamp":"2026-05-23T11:53:39.664Z","level":"LOG","message":"Decoded user: {\"id\":11,\"phone\":\"8447771582\",\"iat\":1779528982,\"exp\":1780133782}"}
{"timestamp":"2026-05-23T11:53:39.666Z","level":"LOG","message":"GET PROFILE ERROR: Error\n    at Query.run (/home/u823569727/domains/api.shop99.co.in/nodejs/node_modules/sequelize/lib/dialects/mysql/query.js:52:25)\n    at /home/u823569727/domains/api.shop99.co.in/nodejs/node_modules/sequelize/lib/sequelize.js:315:28\n    at process.processTicksAndRejections (node:internal/process/task_queues:105:5)\n    at async MySQLQueryInterface.select (/home/u823569727/domains/api.shop99.co.in/nodejs/node_modules/sequelize/lib/dialects/abstract/query-interface.js:407:12)\n    at async User.findAll (/home/u823569727/domains/api.shop99.co.in/nodejs/node_modules/sequelize/lib/model.js:1140:21)\n    at async User.findOne (/home/u823569727/domains/api.shop99.co.in/nodejs/node_modules/sequelize/lib/model.js:1240:12)\n    at async User.findByPk (/home/u823569727/domains/api.shop99.co.in/nodejs/node_modules/sequelize/lib/model.js:1221:12)\n    at async exports.getProfile (/home/u823569727/domains/api.shop99.co.in/nodejs/controllers/profileController.js:62:18)"}
{"timestamp":"2026-05-23T11:53:41.731Z","level":"LOG","message":"Decoded user: {\"id\":11,\"phone\":\"8447771582\",\"iat\":1779528982,\"exp\":1780133782}"}
{"timestamp":"2026-05-23T11:53:41.737Z","level":"LOG","message":"Decoded user: {\"id\":11,\"phone\":\"8447771582\",\"iat\":1779528982,\"exp\":1780133782}"}
{"timestamp":"2026-05-23T11:53:41.742Z","level":"LOG","message":"GET PROFILE ERROR: Error\n    at Query.run (/home/u823569727/domains/api.shop99.co.in/nodejs/node_modules/sequelize/lib/dialects/mysql/query.js:52:25)\n    at /home/u823569727/domains/api.shop99.co.in/nodejs/node_modules/sequelize/lib/sequelize.js:315:28\n    at process.processTicksAndRejections (node:internal/process/task_queues:105:5)\n    at async MySQLQueryInterface.select (/home/u823569727/domains/api.shop99.co.in/nodejs/node_modules/sequelize/lib/dialects/abstract/query-interface.js:407:12)\n    at async User.findAll (/home/u823569727/domains/api.shop99.co.in/nodejs/node_modules/sequelize/lib/model.js:1140:21)\n    at async User.findOne (/home/u823569727/domains/api.shop99.co.in/nodejs/node_modules/sequelize/lib/model.js:1240:12)\n    at async User.findByPk (/home/u823569727/domains/api.shop99.co.in/nodejs/node_modules/sequelize/lib/model.js:1221:12)\n    at async exports.getProfile (/home/u823569727/domains/api.shop99.co.in/nodejs/controllers/profileController.js:62:18)"}
{"timestamp":"2026-05-23T11:53:41.790Z","level":"LOG","message":"GET PROFILE ERROR: Error\n    at Query.run (/home/u823569727/domains/api.shop99.co.in/nodejs/node_modules/sequelize/lib/dialects/mysql/query.js:52:25)\n    at /home/u823569727/domains/api.shop99.co.in/nodejs/node_modules/sequelize/lib/sequelize.js:315:28\n    at process.processTicksAndRejections (node:internal/process/task_queues:105:5)\n    at async MySQLQueryInterface.select (/home/u823569727/domains/api.shop99.co.in/nodejs/node_modules/sequelize/lib/dialects/abstract/query-interface.js:407:12)\n    at async User.findAll (/home/u823569727/domains/api.shop99.co.in/nodejs/node_modules/sequelize/lib/model.js:1140:21)\n    at async User.findOne (/home/u823569727/domains/api.shop99.co.in/nodejs/node_modules/sequelize/lib/model.js:1240:12)\n    at async User.findByPk (/home/u823569727/domains/api.shop99.co.in/nodejs/node_modules/sequelize/lib/model.js:1221:12)\n    at async exports.getProfile (/home/u823569727/domains/api.shop99.co.in/nodejs/controllers/profileController.js:62:18)"}
{"timestamp":"2026-05-23T11:53:42.083Z","level":"LOG","message":"Decoded user: {\"id\":11,\"phone\":\"8447771582\",\"iat\":1779528982,\"exp\":1780133782}"}
{"timestamp":"2026-05-23T11:53:42.083Z","level":"LOG","message":"REQ USER: {\"id\":11,\"phone\":\"8447771582\",\"iat\":1779528982,\"exp\":1780133782}"}
{"timestamp":"2026-05-23T11:53:52.325Z","level":"LOG","message":"Decoded user: {\"id\":11,\"phone\":\"8447771582\",\"iat\":1779528982,\"exp\":1780133782}"}
{"timestamp":"2026-05-23T11:53:52.327Z","level":"LOG","message":"GET PROFILE ERROR: Error\n    at Query.run (/home/u823569727/domains/api.shop99.co.in/nodejs/node_modules/sequelize/lib/dialects/mysql/query.js:52:25)\n    at /home/u823569727/domains/api.shop99.co.in/nodejs/node_modules/sequelize/lib/sequelize.js:315:28\n    at process.processTicksAndRejections (node:internal/process/task_queues:105:5)\n    at async MySQLQueryInterface.select (/home/u823569727/domains/api.shop99.co.in/nodejs/node_modules/sequelize/lib/dialects/abstract/query-interface.js:407:12)\n    at async User.findAll (/home/u823569727/domains/api.shop99.co.in/nodejs/node_modules/sequelize/lib/model.js:1140:21)\n    at async User.findOne (/home/u823569727/domains/api.shop99.co.in/nodejs/node_modules/sequelize/lib/model.js:1240:12)\n    at async User.findByPk (/home/u823569727/domains/api.shop99.co.in/nodejs/node_modules/sequelize/lib/model.js:1221:12)\n    at async exports.getProfile (/home/u823569727/domains/api.shop99.co.in/nodejs/controllers/profileController.js:62:18)"}
{"timestamp":"2026-05-23T11:53:56.328Z","level":"LOG","message":"Decoded user: {\"id\":11,\"phone\":\"8447771582\",\"iat\":1779528982,\"exp\":1780133782}"}
{"timestamp":"2026-05-23T11:53:56.331Z","level":"LOG","message":"GET PROFILE ERROR: Error\n    at Query.run (/home/u823569727/domains/api.shop99.co.in/nodejs/node_modules/sequelize/lib/dialects/mysql/query.js:52:25)\n    at /home/u823569727/domains/api.shop99.co.in/nodejs/node_modules/sequelize/lib/sequelize.js:315:28\n    at process.processTicksAndRejections (node:internal/process/task_queues:105:5)\n    at async MySQLQueryInterface.select (/home/u823569727/domains/api.shop99.co.in/nodejs/node_modules/sequelize/lib/dialects/abstract/query-interface.js:407:12)\n    at async User.findAll (/home/u823569727/domains/api.shop99.co.in/nodejs/node_modules/sequelize/lib/model.js:1140:21)\n    at async User.findOne (/home/u823569727/domains/api.shop99.co.in/nodejs/node_modules/sequelize/lib/model.js:1240:12)\n    at async User.findByPk (/home/u823569727/domains/api.shop99.co.in/nodejs/node_modules/sequelize/lib/model.js:1221:12)\n    at async exports.getProfile (/home/u823569727/domains/api.shop99.co.in/nodejs/controllers/profileController.js:62:18)"}
{"timestamp":"2026-05-23T11:53:56.394Z","level":"LOG","message":"Decoded user: {\"id\":11,\"phone\":\"8447771582\",\"iat\":1779528982,\"exp\":1780133782}"}
{"timestamp":"2026-05-23T11:53:56.408Z","level":"LOG","message":"GET PROFILE ERROR: Error\n    at Query.run (/home/u823569727/domains/api.shop99.co.in/nodejs/node_modules/sequelize/lib/dialects/mysql/query.js:52:25)\n    at /home/u823569727/domains/api.shop99.co.in/nodejs/node_modules/sequelize/lib/sequelize.js:315:28\n    at process.processTicksAndRejections (node:internal/process/task_queues:105:5)\n    at async MySQLQueryInterface.select (/home/u823569727/domains/api.shop99.co.in/nodejs/node_modules/sequelize/lib/dialects/abstract/query-interface.js:407:12)\n    at async User.findAll (/home/u823569727/domains/api.shop99.co.in/nodejs/node_modules/sequelize/lib/model.js:1140:21)\n    at async User.findOne (/home/u823569727/domains/api.shop99.co.in/nodejs/node_modules/sequelize/lib/model.js:1240:12)\n    at async User.findByPk (/home/u823569727/domains/api.shop99.co.in/nodejs/node_modules/sequelize/lib/model.js:1221:12)\n    at async exports.getProfile (/home/u823569727/domains/api.shop99.co.in/nodejs/controllers/profileController.js:62:18)"}
{"timestamp":"2026-05-23T11:53:56.677Z","level":"LOG","message":"Decoded user: {\"id\":11,\"phone\":\"8447771582\",\"iat\":1779528982,\"exp\":1780133782}"}
{"timestamp":"2026-05-23T11:53:56.677Z","level":"LOG","message":"REQ USER: {\"id\":11,\"phone\":\"8447771582\",\"iat\":1779528982,\"exp\":1780133782}"}
{"timestamp":"2026-05-23T11:54:06.281Z","level":"LOG","message":"Decoded user: {\"id\":11,\"phone\":\"8447771582\",\"iat\":1779528982,\"exp\":1780133782}"}
{"timestamp":"2026-05-23T11:54:06.286Z","level":"LOG","message":"Decoded user: {\"id\":11,\"phone\":\"8447771582\",\"iat\":1779528982,\"exp\":1780133782}"}
{"timestamp":"2026-05-23T11:54:06.303Z","level":"LOG","message":"GET PROFILE ERROR: Error\n    at Query.run (/home/u823569727/domains/api.shop99.co.in/nodejs/node_modules/sequelize/lib/dialects/mysql/query.js:52:25)\n    at /home/u823569727/domains/api.shop99.co.in/nodejs/node_modules/sequelize/lib/sequelize.js:315:28\n    at process.processTicksAndRejections (node:internal/process/task_queues:105:5)\n    at async MySQLQueryInterface.select (/home/u823569727/domains/api.shop99.co.in/nodejs/node_modules/sequelize/lib/dialects/abstract/query-interface.js:407:12)\n    at async User.findAll (/home/u823569727/domains/api.shop99.co.in/nodejs/node_modules/sequelize/lib/model.js:1140:21)\n    at async User.findOne (/home/u823569727/domains/api.shop99.co.in/nodejs/node_modules/sequelize/lib/model.js:1240:12)\n    at async User.findByPk (/home/u823569727/domains/api.shop99.co.in/nodejs/node_modules/sequelize/lib/model.js:1221:12)\n    at async exports.getProfile (/home/u823569727/domains/api.shop99.co.in/nodejs/controllers/profileController.js:62:18)"}
{"timestamp":"2026-05-23T11:54:06.327Z","level":"LOG","message":"GET PROFILE ERROR: Error\n    at Query.run (/home/u823569727/domains/api.shop99.co.in/nodejs/node_modules/sequelize/lib/dialects/mysql/query.js:52:25)\n    at /home/u823569727/domains/api.shop99.co.in/nodejs/node_modules/sequelize/lib/sequelize.js:315:28\n    at process.processTicksAndRejections (node:internal/process/task_queues:105:5)\n    at async MySQLQueryInterface.select (/home/u823569727/domains/api.shop99.co.in/nodejs/node_modules/sequelize/lib/dialects/abstract/query-interface.js:407:12)\n    at async User.findAll (/home/u823569727/domains/api.shop99.co.in/nodejs/node_modules/sequelize/lib/model.js:1140:21)\n    at async User.findOne (/home/u823569727/domains/api.shop99.co.in/nodejs/node_modules/sequelize/lib/model.js:1240:12)\n    at async User.findByPk (/home/u823569727/domains/api.shop99.co.in/nodejs/node_modules/sequelize/lib/model.js:1221:12)\n    at async exports.getProfile (/home/u823569727/domains/api.shop99.co.in/nodejs/controllers/profileController.js:62:18)"}
{"timestamp":"2026-05-23T11:54:06.572Z","level":"LOG","message":"Decoded user: {\"id\":11,\"phone\":\"8447771582\",\"iat\":1779528982,\"exp\":1780133782}"}
{"timestamp":"2026-05-23T11:54:06.573Z","level":"LOG","message":"REQ USER: {\"id\":11,\"phone\":\"8447771582\",\"iat\":1779528982,\"exp\":1780133782}"}
{"timestamp":"2026-05-23T11:54:07.496Z","level":"LOG","message":"Decoded user: {\"id\":11,\"phone\":\"8447771582\",\"iat\":1779528982,\"exp\":1780133782}"}
{"timestamp":"2026-05-23T11:54:07.505Z","level":"LOG","message":"Decoded user: {\"id\":11,\"phone\":\"8447771582\",\"iat\":1779528982,\"exp\":1780133782}"}
{"timestamp":"2026-05-23T11:54:07.511Z","level":"LOG","message":"GET PROFILE ERROR: Error\n    at Query.run (/home/u823569727/domains/api.shop99.co.in/nodejs/node_modules/sequelize/lib/dialects/mysql/query.js:52:25)\n    at /home/u823569727/domains/api.shop99.co.in/nodejs/node_modules/sequelize/lib/sequelize.js:315:28\n    at process.processTicksAndRejections (node:internal/process/task_queues:105:5)\n    at async MySQLQueryInterface.select (/home/u823569727/domains/api.shop99.co.in/nodejs/node_modules/sequelize/lib/dialects/abstract/query-interface.js:407:12)\n    at async User.findAll (/home/u823569727/domains/api.shop99.co.in/nodejs/node_modules/sequelize/lib/model.js:1140:21)\n    at async User.findOne (/home/u823569727/domains/api.shop99.co.in/nodejs/node_modules/sequelize/lib/model.js:1240:12)\n    at async User.findByPk (/home/u823569727/domains/api.shop99.co.in/nodejs/node_modules/sequelize/lib/model.js:1221:12)\n    at async exports.getProfile (/home/u823569727/domains/api.shop99.co.in/nodejs/controllers/profileController.js:62:18)"}
{"timestamp":"2026-05-23T11:54:07.513Z","level":"LOG","message":"GET PROFILE ERROR: Error\n    at Query.run (/home/u823569727/domains/api.shop99.co.in/nodejs/node_modules/sequelize/lib/dialects/mysql/query.js:52:25)\n    at /home/u823569727/domains/api.shop99.co.in/nodejs/node_modules/sequelize/lib/sequelize.js:315:28\n    at process.processTicksAndRejections (node:internal/process/task_queues:105:5)\n    at async MySQLQueryInterface.select (/home/u823569727/domains/api.shop99.co.in/nodejs/node_modules/sequelize/lib/dialects/abstract/query-interface.js:407:12)\n    at async User.findAll (/home/u823569727/domains/api.shop99.co.in/nodejs/node_modules/sequelize/lib/model.js:1140:21)\n    at async User.findOne (/home/u823569727/domains/api.shop99.co.in/nodejs/node_modules/sequelize/lib/model.js:1240:12)\n    at async User.findByPk (/home/u823569727/domains/api.shop99.co.in/nodejs/node_modules/sequelize/lib/model.js:1221:12)\n    at async exports.getProfile (/home/u823569727/domains/api.shop99.co.in/nodejs/controllers/profileController.js:62:18)"}
{"timestamp":"2026-05-23T11:54:07.726Z","level":"LOG","message":"Decoded user: {\"id\":11,\"phone\":\"8447771582\",\"iat\":1779528982,\"exp\":1780133782}"}
{"timestamp":"2026-05-23T11:54:07.726Z","level":"LOG","message":"REQ USER: {\"id\":11,\"phone\":\"8447771582\",\"iat\":1779528982,\"exp\":1780133782}"}
{"timestamp":"2026-05-23T11:54:08.934Z","level":"LOG","message":"Decoded user: {\"id\":11,\"phone\":\"8447771582\",\"iat\":1779528982,\"exp\":1780133782}"}
{"timestamp":"2026-05-23T11:54:08.934Z","level":"LOG","message":"REQ USER: {\"id\":11,\"phone\":\"8447771582\",\"iat\":1779528982,\"exp\":1780133782}"}
{"timestamp":"2026-05-23T11:54:08.994Z","level":"LOG","message":"Decoded user: {\"id\":11,\"phone\":\"8447771582\",\"iat\":1779528982,\"exp\":1780133782}"}
{"timestamp":"2026-05-23T11:54:08.994Z","level":"LOG","message":"REQ USER: {\"id\":11,\"phone\":\"8447771582\",\"iat\":1779528982,\"exp\":1780133782}"}
{"timestamp":"2026-05-23T11:54:14.151Z","level":"LOG","message":"Decoded user: {\"id\":11,\"phone\":\"8447771582\",\"iat\":1779528982,\"exp\":1780133782}"}
{"timestamp":"2026-05-23T11:54:14.154Z","level":"LOG","message":"GET PROFILE ERROR: Error\n    at Query.run (/home/u823569727/domains/api.shop99.co.in/nodejs/node_modules/sequelize/lib/dialects/mysql/query.js:52:25)\n    at /home/u823569727/domains/api.shop99.co.in/nodejs/node_modules/sequelize/lib/sequelize.js:315:28\n    at process.processTicksAndRejections (node:internal/process/task_queues:105:5)\n    at async MySQLQueryInterface.select (/home/u823569727/domains/api.shop99.co.in/nodejs/node_modules/sequelize/lib/dialects/abstract/query-interface.js:407:12)\n    at async User.findAll (/home/u823569727/domains/api.shop99.co.in/nodejs/node_modules/sequelize/lib/model.js:1140:21)\n    at async User.findOne (/home/u823569727/domains/api.shop99.co.in/nodejs/node_modules/sequelize/lib/model.js:1240:12)\n    at async User.findByPk (/home/u823569727/domains/api.shop99.co.in/nodejs/node_modules/sequelize/lib/model.js:1221:12)\n    at async exports.getProfile (/home/u823569727/domains/api.shop99.co.in/nodejs/controllers/profileController.js:62:18)"}
{"timestamp":"2026-05-23T11:54:14.194Z","level":"LOG","message":"Decoded user: {\"id\":11,\"phone\":\"8447771582\",\"iat\":1779528982,\"exp\":1780133782}"}
{"timestamp":"2026-05-23T11:54:14.196Z","level":"LOG","message":"GET PROFILE ERROR: Error\n    at Query.run (/home/u823569727/domains/api.shop99.co.in/nodejs/node_modules/sequelize/lib/dialects/mysql/query.js:52:25)\n    at /home/u823569727/domains/api.shop99.co.in/nodejs/node_modules/sequelize/lib/sequelize.js:315:28\n    at process.processTicksAndRejections (node:internal/process/task_queues:105:5)\n    at async MySQLQueryInterface.select (/home/u823569727/domains/api.shop99.co.in/nodejs/node_modules/sequelize/lib/dialects/abstract/query-interface.js:407:12)\n    at async User.findAll (/home/u823569727/domains/api.shop99.co.in/nodejs/node_modules/sequelize/lib/model.js:1140:21)\n    at async User.findOne (/home/u823569727/domains/api.shop99.co.in/nodejs/node_modules/sequelize/lib/model.js:1240:12)\n    at async User.findByPk (/home/u823569727/domains/api.shop99.co.in/nodejs/node_modules/sequelize/lib/model.js:1221:12)\n    at async exports.getProfile (/home/u823569727/domains/api.shop99.co.in/nodejs/controllers/profileController.js:62:18)"}
{"timestamp":"2026-05-23T11:54:14.238Z","level":"LOG","message":"Decoded user: {\"id\":11,\"phone\":\"8447771582\",\"iat\":1779528982,\"exp\":1780133782}"}
{"timestamp":"2026-05-23T11:54:14.241Z","level":"LOG","message":"GET PROFILE ERROR: Error\n    at Query.run (/home/u823569727/domains/api.shop99.co.in/nodejs/node_modules/sequelize/lib/dialects/mysql/query.js:52:25)\n    at /home/u823569727/domains/api.shop99.co.in/nodejs/node_modules/sequelize/lib/sequelize.js:315:28\n    at process.processTicksAndRejections (node:internal/process/task_queues:105:5)\n    at async MySQLQueryInterface.select (/home/u823569727/domains/api.shop99.co.in/nodejs/node_modules/sequelize/lib/dialects/abstract/query-interface.js:407:12)\n    at async User.findAll (/home/u823569727/domains/api.shop99.co.in/nodejs/node_modules/sequelize/lib/model.js:1140:21)\n    at async User.findOne (/home/u823569727/domains/api.shop99.co.in/nodejs/node_modules/sequelize/lib/model.js:1240:12)\n    at async User.findByPk (/home/u823569727/domains/api.shop99.co.in/nodejs/node_modules/sequelize/lib/model.js:1221:12)\n    at async exports.getProfile (/home/u823569727/domains/api.shop99.co.in/nodejs/controllers/profileController.js:62:18)"}
{"timestamp":"2026-05-23T11:54:14.294Z","level":"LOG","message":"Decoded user: {\"id\":11,\"phone\":\"8447771582\",\"iat\":1779528982,\"exp\":1780133782}"}
{"timestamp":"2026-05-23T11:54:14.296Z","level":"LOG","message":"GET PROFILE ERROR: Error\n    at Query.run (/home/u823569727/domains/api.shop99.co.in/nodejs/node_modules/sequelize/lib/dialects/mysql/query.js:52:25)\n    at /home/u823569727/domains/api.shop99.co.in/nodejs/node_modules/sequelize/lib/sequelize.js:315:28\n    at process.processTicksAndRejections (node:internal/process/task_queues:105:5)\n    at async MySQLQueryInterface.select (/home/u823569727/domains/api.shop99.co.in/nodejs/node_modules/sequelize/lib/dialects/abstract/query-interface.js:407:12)\n    at async User.findAll (/home/u823569727/domains/api.shop99.co.in/nodejs/node_modules/sequelize/lib/model.js:1140:21)\n    at async User.findOne (/home/u823569727/domains/api.shop99.co.in/nodejs/node_modules/sequelize/lib/model.js:1240:12)\n    at async User.findByPk (/home/u823569727/domains/api.shop99.co.in/nodejs/node_modules/sequelize/lib/model.js:1221:12)\n    at async exports.getProfile (/home/u823569727/domains/api.shop99.co.in/nodejs/controllers/profileController.js:62:18)"}
{"timestamp":"2026-05-23T11:54:15.484Z","level":"LOG","message":"Decoded user: {\"id\":11,\"phone\":\"8447771582\",\"iat\":1779528982,\"exp\":1780133782}"}
{"timestamp":"2026-05-23T11:54:15.486Z","level":"LOG","message":"GET PROFILE ERROR: Error\n    at Query.run (/home/u823569727/domains/api.shop99.co.in/nodejs/node_modules/sequelize/lib/dialects/mysql/query.js:52:25)\n    at /home/u823569727/domains/api.shop99.co.in/nodejs/node_modules/sequelize/lib/sequelize.js:315:28\n    at process.processTicksAndRejections (node:internal/process/task_queues:105:5)\n    at async MySQLQueryInterface.select (/home/u823569727/domains/api.shop99.co.in/nodejs/node_modules/sequelize/lib/dialects/abstract/query-interface.js:407:12)\n    at async User.findAll (/home/u823569727/domains/api.shop99.co.in/nodejs/node_modules/sequelize/lib/model.js:1140:21)\n    at async User.findOne (/home/u823569727/domains/api.shop99.co.in/nodejs/node_modules/sequelize/lib/model.js:1240:12)\n    at async User.findByPk (/home/u823569727/domains/api.shop99.co.in/nodejs/node_modules/sequelize/lib/model.js:1221:12)\n    at async exports.getProfile (/home/u823569727/domains/api.shop99.co.in/nodejs/controllers/profileController.js:62:18)"}
{"timestamp":"2026-05-23T11:54:15.527Z","level":"LOG","message":"Decoded user: {\"id\":11,\"phone\":\"8447771582\",\"iat\":1779528982,\"exp\":1780133782}"}
{"timestamp":"2026-05-23T11:54:15.529Z","level":"LOG","message":"GET PROFILE ERROR: Error\n    at Query.run (/home/u823569727/domains/api.shop99.co.in/nodejs/node_modules/sequelize/lib/dialects/mysql/query.js:52:25)\n    at /home/u823569727/domains/api.shop99.co.in/nodejs/node_modules/sequelize/lib/sequelize.js:315:28\n    at process.processTicksAndRejections (node:internal/process/task_queues:105:5)\n    at async MySQLQueryInterface.select (/home/u823569727/domains/api.shop99.co.in/nodejs/node_modules/sequelize/lib/dialects/abstract/query-interface.js:407:12)\n    at async User.findAll (/home/u823569727/domains/api.shop99.co.in/nodejs/node_modules/sequelize/lib/model.js:1140:21)\n    at async User.findOne (/home/u823569727/domains/api.shop99.co.in/nodejs/node_modules/sequelize/lib/model.js:1240:12)\n    at async User.findByPk (/home/u823569727/domains/api.shop99.co.in/nodejs/node_modules/sequelize/lib/model.js:1221:12)\n    at async exports.getProfile (/home/u823569727/domains/api.shop99.co.in/nodejs/controllers/profileController.js:62:18)"}
{"timestamp":"2026-05-23T11:54:16.983Z","level":"LOG","message":"Decoded user: {\"id\":11,\"phone\":\"8447771582\",\"iat\":1779528982,\"exp\":1780133782}"}
{"timestamp":"2026-05-23T11:54:16.983Z","level":"LOG","message":"REQ USER: {\"id\":11,\"phone\":\"8447771582\",\"iat\":1779528982,\"exp\":1780133782}"}
{"timestamp":"2026-05-23T11:54:17.852Z","level":"LOG","message":"Decoded user: {\"id\":11,\"phone\":\"8447771582\",\"iat\":1779528982,\"exp\":1780133782}"}
{"timestamp":"2026-05-23T11:54:17.859Z","level":"LOG","message":"GET PROFILE ERROR: Error\n    at Query.run (/home/u823569727/domains/api.shop99.co.in/nodejs/node_modules/sequelize/lib/dialects/mysql/query.js:52:25)\n    at /home/u823569727/domains/api.shop99.co.in/nodejs/node_modules/sequelize/lib/sequelize.js:315:28\n    at process.processTicksAndRejections (node:internal/process/task_queues:105:5)\n    at async MySQLQueryInterface.select (/home/u823569727/domains/api.shop99.co.in/nodejs/node_modules/sequelize/lib/dialects/abstract/query-interface.js:407:12)\n    at async User.findAll (/home/u823569727/domains/api.shop99.co.in/nodejs/node_modules/sequelize/lib/model.js:1140:21)\n    at async User.findOne (/home/u823569727/domains/api.shop99.co.in/nodejs/node_modules/sequelize/lib/model.js:1240:12)\n    at async User.findByPk (/home/u823569727/domains/api.shop99.co.in/nodejs/node_modules/sequelize/lib/model.js:1221:12)\n    at async exports.getProfile (/home/u823569727/domains/api.shop99.co.in/nodejs/controllers/profileController.js:62:18)"}
{"timestamp":"2026-05-23T11:54:18.534Z","level":"LOG","message":"Decoded user: {\"id\":11,\"phone\":\"8447771582\",\"iat\":1779528982,\"exp\":1780133782}"}
{"timestamp":"2026-05-23T11:54:18.578Z","level":"LOG","message":"Decoded user: {\"id\":11,\"phone\":\"8447771582\",\"iat\":1779528982,\"exp\":1780133782}"}
{"timestamp":"2026-05-23T11:54:19.933Z","level":"LOG","message":"Decoded user: {\"id\":11,\"phone\":\"8447771582\",\"iat\":1779528982,\"exp\":1780133782}"}
{"timestamp":"2026-05-23T11:54:19.934Z","level":"LOG","message":"GET PROFILE ERROR: Error\n    at Query.run (/home/u823569727/domains/api.shop99.co.in/nodejs/node_modules/sequelize/lib/dialects/mysql/query.js:52:25)\n    at /home/u823569727/domains/api.shop99.co.in/nodejs/node_modules/sequelize/lib/sequelize.js:315:28\n    at process.processTicksAndRejections (node:internal/process/task_queues:105:5)\n    at async MySQLQueryInterface.select (/home/u823569727/domains/api.shop99.co.in/nodejs/node_modules/sequelize/lib/dialects/abstract/query-interface.js:407:12)\n    at async User.findAll (/home/u823569727/domains/api.shop99.co.in/nodejs/node_modules/sequelize/lib/model.js:1140:21)\n    at async User.findOne (/home/u823569727/domains/api.shop99.co.in/nodejs/node_modules/sequelize/lib/model.js:1240:12)\n    at async User.findByPk (/home/u823569727/domains/api.shop99.co.in/nodejs/node_modules/sequelize/lib/model.js:1221:12)\n    at async exports.getProfile (/home/u823569727/domains/api.shop99.co.in/nodejs/controllers/profileController.js:62:18)"}
{"timestamp":"2026-05-23T11:54:19.975Z","level":"LOG","message":"Decoded user: {\"id\":11,\"phone\":\"8447771582\",\"iat\":1779528982,\"exp\":1780133782}"}
{"timestamp":"2026-05-23T11:54:19.977Z","level":"LOG","message":"GET PROFILE ERROR: Error\n    at Query.run (/home/u823569727/domains/api.shop99.co.in/nodejs/node_modules/sequelize/lib/dialects/mysql/query.js:52:25)\n    at /home/u823569727/domains/api.shop99.co.in/nodejs/node_modules/sequelize/lib/sequelize.js:315:28\n    at process.processTicksAndRejections (node:internal/process/task_queues:105:5)\n    at async MySQLQueryInterface.select (/home/u823569727/domains/api.shop99.co.in/nodejs/node_modules/sequelize/lib/dialects/abstract/query-interface.js:407:12)\n    at async User.findAll (/home/u823569727/domains/api.shop99.co.in/nodejs/node_modules/sequelize/lib/model.js:1140:21)\n    at async User.findOne (/home/u823569727/domains/api.shop99.co.in/nodejs/node_modules/sequelize/lib/model.js:1240:12)\n    at async User.findByPk (/home/u823569727/domains/api.shop99.co.in/nodejs/node_modules/sequelize/lib/model.js:1221:12)\n    at async exports.getProfile (/home/u823569727/domains/api.shop99.co.in/nodejs/controllers/profileController.js:62:18)"}
{"timestamp":"2026-05-23T11:54:42.046Z","level":"LOG","message":"[dotenv@17.3.1] injecting env (19) from .env -- tip: 🤖 agentic secret storage: https://dotenvx.com/as2"}
{"timestamp":"2026-05-23T11:54:42.320Z","level":"LOG","message":"[dotenv@17.3.1] injecting env (0) from .env -- tip: 🔐 encrypt with Dotenvx: https://dotenvx.com"}
{"timestamp":"2026-05-23T11:54:42.633Z","level":"LOG","message":"[dotenv@17.3.1] injecting env (0) from .env -- tip: ⚙️  override existing env vars with { override: true }"}
{"timestamp":"2026-05-23T11:54:42.894Z","level":"LOG","message":"✅ DB Connected"}
{"timestamp":"2026-05-23T11:54:42.958Z","level":"LOG","message":"✅ Tables Synced"}
{"timestamp":"2026-05-23T11:54:42.968Z","level":"LOG","message":"🚀 Server running on port 9001"}
{"timestamp":"2026-05-23T11:54:43.465Z","level":"LOG","message":"[dotenv@17.3.1] injecting env (19) from .env -- tip: 🤖 agentic secret storage: https://dotenvx.com/as2"}
{"timestamp":"2026-05-23T11:54:43.707Z","level":"LOG","message":"[dotenv@17.3.1] injecting env (0) from .env -- tip: 🔐 encrypt with Dotenvx: https://dotenvx.com"}
{"timestamp":"2026-05-23T11:54:43.985Z","level":"LOG","message":"[dotenv@17.3.1] injecting env (0) from .env -- tip: ⚙️  enable debug logging with { debug: true }"}
{"timestamp":"2026-05-23T11:54:44.224Z","level":"LOG","message":"✅ DB Connected"}
{"timestamp":"2026-05-23T11:54:44.299Z","level":"LOG","message":"✅ Tables Synced"}
{"timestamp":"2026-05-23T11:54:44.308Z","level":"LOG","message":"🚀 Server running on port 9001"}
{"timestamp":"2026-05-23T11:54:44.384Z","level":"LOG","message":"Decoded user: {\"id\":11,\"phone\":\"8447771582\",\"iat\":1779528982,\"exp\":1780133782}"}
{"timestamp":"2026-05-23T11:54:44.400Z","level":"LOG","message":"Decoded user: {\"id\":11,\"phone\":\"8447771582\",\"iat\":1779528982,\"exp\":1780133782}"}
{"timestamp":"2026-05-23T11:54:44.421Z","level":"LOG","message":"GET PROFILE ERROR: Error\n    at Query.run (/home/u823569727/domains/api.shop99.co.in/nodejs/node_modules/sequelize/lib/dialects/mysql/query.js:52:25)\n    at /home/u823569727/domains/api.shop99.co.in/nodejs/node_modules/sequelize/lib/sequelize.js:315:28\n    at process.processTicksAndRejections (node:internal/process/task_queues:105:5)\n    at async MySQLQueryInterface.select (/home/u823569727/domains/api.shop99.co.in/nodejs/node_modules/sequelize/lib/dialects/abstract/query-interface.js:407:12)\n    at async User.findAll (/home/u823569727/domains/api.shop99.co.in/nodejs/node_modules/sequelize/lib/model.js:1140:21)\n    at async User.findOne (/home/u823569727/domains/api.shop99.co.in/nodejs/node_modules/sequelize/lib/model.js:1240:12)\n    at async User.findByPk (/home/u823569727/domains/api.shop99.co.in/nodejs/node_modules/sequelize/lib/model.js:1221:12)\n    at async exports.getProfile (/home/u823569727/domains/api.shop99.co.in/nodejs/controllers/profileController.js:62:18)"}
{"timestamp":"2026-05-23T11:54:44.422Z","level":"LOG","message":"GET PROFILE ERROR: Error\n    at Query.run (/home/u823569727/domains/api.shop99.co.in/nodejs/node_modules/sequelize/lib/dialects/mysql/query.js:52:25)\n    at /home/u823569727/domains/api.shop99.co.in/nodejs/node_modules/sequelize/lib/sequelize.js:315:28\n    at process.processTicksAndRejections (node:internal/process/task_queues:105:5)\n    at async MySQLQueryInterface.select (/home/u823569727/domains/api.shop99.co.in/nodejs/node_modules/sequelize/lib/dialects/abstract/query-interface.js:407:12)\n    at async User.findAll (/home/u823569727/domains/api.shop99.co.in/nodejs/node_modules/sequelize/lib/model.js:1140:21)\n    at async User.findOne (/home/u823569727/domains/api.shop99.co.in/nodejs/node_modules/sequelize/lib/model.js:1240:12)\n    at async User.findByPk (/home/u823569727/domains/api.shop99.co.in/nodejs/node_modules/sequelize/lib/model.js:1221:12)\n    at async exports.getProfile (/home/u823569727/domains/api.shop99.co.in/nodejs/controllers/profileController.js:62:18)"}
{"timestamp":"2026-05-23T11:54:44.664Z","level":"LOG","message":"Decoded user: {\"id\":11,\"phone\":\"8447771582\",\"iat\":1779528982,\"exp\":1780133782}"}
{"timestamp":"2026-05-23T11:54:44.664Z","level":"LOG","message":"REQ USER: {\"id\":11,\"phone\":\"8447771582\",\"iat\":1779528982,\"exp\":1780133782}"}
{"timestamp":"2026-05-23T11:54:46.756Z","level":"LOG","message":"Decoded user: {\"id\":11,\"phone\":\"8447771582\",\"iat\":1779528982,\"exp\":1780133782}"}
{"timestamp":"2026-05-23T11:54:46.759Z","level":"LOG","message":"Decoded user: {\"id\":11,\"phone\":\"8447771582\",\"iat\":1779528982,\"exp\":1780133782}"}
{"timestamp":"2026-05-23T11:54:46.771Z","level":"LOG","message":"GET PROFILE ERROR: Error\n    at Query.run (/home/u823569727/domains/api.shop99.co.in/nodejs/node_modules/sequelize/lib/dialects/mysql/query.js:52:25)\n    at /home/u823569727/domains/api.shop99.co.in/nodejs/node_modules/sequelize/lib/sequelize.js:315:28\n    at process.processTicksAndRejections (node:internal/process/task_queues:105:5)\n    at async MySQLQueryInterface.select (/home/u823569727/domains/api.shop99.co.in/nodejs/node_modules/sequelize/lib/dialects/abstract/query-interface.js:407:12)\n    at async User.findAll (/home/u823569727/domains/api.shop99.co.in/nodejs/node_modules/sequelize/lib/model.js:1140:21)\n    at async User.findOne (/home/u823569727/domains/api.shop99.co.in/nodejs/node_modules/sequelize/lib/model.js:1240:12)\n    at async User.findByPk (/home/u823569727/domains/api.shop99.co.in/nodejs/node_modules/sequelize/lib/model.js:1221:12)\n    at async exports.getProfile (/home/u823569727/domains/api.shop99.co.in/nodejs/controllers/profileController.js:62:18)"}
{"timestamp":"2026-05-23T11:54:46.773Z","level":"LOG","message":"GET PROFILE ERROR: Error\n    at Query.run (/home/u823569727/domains/api.shop99.co.in/nodejs/node_modules/sequelize/lib/dialects/mysql/query.js:52:25)\n    at /home/u823569727/domains/api.shop99.co.in/nodejs/node_modules/sequelize/lib/sequelize.js:315:28\n    at process.processTicksAndRejections (node:internal/process/task_queues:105:5)\n    at async MySQLQueryInterface.select (/home/u823569727/domains/api.shop99.co.in/nodejs/node_modules/sequelize/lib/dialects/abstract/query-interface.js:407:12)\n    at async User.findAll (/home/u823569727/domains/api.shop99.co.in/nodejs/node_modules/sequelize/lib/model.js:1140:21)\n    at async User.findOne (/home/u823569727/domains/api.shop99.co.in/nodejs/node_modules/sequelize/lib/model.js:1240:12)\n    at async User.findByPk (/home/u823569727/domains/api.shop99.co.in/nodejs/node_modules/sequelize/lib/model.js:1221:12)\n    at async exports.getProfile (/home/u823569727/domains/api.shop99.co.in/nodejs/controllers/profileController.js:62:18)"}
{"timestamp":"2026-05-23T11:54:46.867Z","level":"LOG","message":"Decoded user: {\"id\":11,\"phone\":\"8447771582\",\"iat\":1779528982,\"exp\":1780133782}"}
{"timestamp":"2026-05-23T11:54:46.867Z","level":"LOG","message":"REQ USER: {\"id\":11,\"phone\":\"8447771582\",\"iat\":1779528982,\"exp\":1780133782}"}
{"timestamp":"2026-05-23T11:56:07.634Z","level":"LOG","message":"Decoded user: {\"id\":11,\"phone\":\"8447771582\",\"iat\":1779528982,\"exp\":1780133782}"}
{"timestamp":"2026-05-23T11:56:07.664Z","level":"LOG","message":"GET PROFILE ERROR: Error\n    at Query.run (/home/u823569727/domains/api.shop99.co.in/nodejs/node_modules/sequelize/lib/dialects/mysql/query.js:52:25)\n    at /home/u823569727/domains/api.shop99.co.in/nodejs/node_modules/sequelize/lib/sequelize.js:315:28\n    at process.processTicksAndRejections (node:internal/process/task_queues:105:5)\n    at async MySQLQueryInterface.select (/home/u823569727/domains/api.shop99.co.in/nodejs/node_modules/sequelize/lib/dialects/abstract/query-interface.js:407:12)\n    at async User.findAll (/home/u823569727/domains/api.shop99.co.in/nodejs/node_modules/sequelize/lib/model.js:1140:21)\n    at async User.findOne (/home/u823569727/domains/api.shop99.co.in/nodejs/node_modules/sequelize/lib/model.js:1240:12)\n    at async User.findByPk (/home/u823569727/domains/api.shop99.co.in/nodejs/node_modules/sequelize/lib/model.js:1221:12)\n    at async exports.getProfile (/home/u823569727/domains/api.shop99.co.in/nodejs/controllers/profileController.js:62:18)"}
{"timestamp":"2026-05-23T11:56:07.886Z","level":"LOG","message":"Decoded user: {\"id\":11,\"phone\":\"8447771582\",\"iat\":1779528982,\"exp\":1780133782}"}
{"timestamp":"2026-05-23T11:56:07.934Z","level":"LOG","message":"Decoded user: {\"id\":11,\"phone\":\"8447771582\",\"iat\":1779528982,\"exp\":1780133782}"}
{"timestamp":"2026-05-23T11:56:07.934Z","level":"LOG","message":"REQ USER: {\"id\":11,\"phone\":\"8447771582\",\"iat\":1779528982,\"exp\":1780133782}"}
{"timestamp":"2026-05-23T11:56:08.063Z","level":"LOG","message":"GET PROFILE ERROR: Error\n    at Query.run (/home/u823569727/domains/api.shop99.co.in/nodejs/node_modules/sequelize/lib/dialects/mysql/query.js:52:25)\n    at /home/u823569727/domains/api.shop99.co.in/nodejs/node_modules/sequelize/lib/sequelize.js:315:28\n    at process.processTicksAndRejections (node:internal/process/task_queues:105:5)\n    at async MySQLQueryInterface.select (/home/u823569727/domains/api.shop99.co.in/nodejs/node_modules/sequelize/lib/dialects/abstract/query-interface.js:407:12)\n    at async User.findAll (/home/u823569727/domains/api.shop99.co.in/nodejs/node_modules/sequelize/lib/model.js:1140:21)\n    at async User.findOne (/home/u823569727/domains/api.shop99.co.in/nodejs/node_modules/sequelize/lib/model.js:1240:12)\n    at async User.findByPk (/home/u823569727/domains/api.shop99.co.in/nodejs/node_modules/sequelize/lib/model.js:1221:12)\n    at async exports.getProfile (/home/u823569727/domains/api.shop99.co.in/nodejs/controllers/profileController.js:62:18)"}
{"timestamp":"2026-05-23T11:56:28.665Z","level":"LOG","message":"Decoded user: {\"id\":11,\"phone\":\"8447771582\",\"iat\":1779528982,\"exp\":1780133782}"}
{"timestamp":"2026-05-23T11:56:28.679Z","level":"LOG","message":"Decoded user: {\"id\":11,\"phone\":\"8447771582\",\"iat\":1779528982,\"exp\":1780133782}"}
{"timestamp":"2026-05-23T11:56:28.693Z","level":"LOG","message":"GET PROFILE ERROR: Error\n    at Query.run (/home/u823569727/domains/api.shop99.co.in/nodejs/node_modules/sequelize/lib/dialects/mysql/query.js:52:25)\n    at /home/u823569727/domains/api.shop99.co.in/nodejs/node_modules/sequelize/lib/sequelize.js:315:28\n    at process.processTicksAndRejections (node:internal/process/task_queues:105:5)\n    at async MySQLQueryInterface.select (/home/u823569727/domains/api.shop99.co.in/nodejs/node_modules/sequelize/lib/dialects/abstract/query-interface.js:407:12)\n    at async User.findAll (/home/u823569727/domains/api.shop99.co.in/nodejs/node_modules/sequelize/lib/model.js:1140:21)\n    at async User.findOne (/home/u823569727/domains/api.shop99.co.in/nodejs/node_modules/sequelize/lib/model.js:1240:12)\n    at async User.findByPk (/home/u823569727/domains/api.shop99.co.in/nodejs/node_modules/sequelize/lib/model.js:1221:12)\n    at async exports.getProfile (/home/u823569727/domains/api.shop99.co.in/nodejs/controllers/profileController.js:62:18)"}
{"timestamp":"2026-05-23T11:56:28.699Z","level":"LOG","message":"GET PROFILE ERROR: Error\n    at Query.run (/home/u823569727/domains/api.shop99.co.in/nodejs/node_modules/sequelize/lib/dialects/mysql/query.js:52:25)\n    at /home/u823569727/domains/api.shop99.co.in/nodejs/node_modules/sequelize/lib/sequelize.js:315:28\n    at process.processTicksAndRejections (node:internal/process/task_queues:105:5)\n    at async MySQLQueryInterface.select (/home/u823569727/domains/api.shop99.co.in/nodejs/node_modules/sequelize/lib/dialects/abstract/query-interface.js:407:12)\n    at async User.findAll (/home/u823569727/domains/api.shop99.co.in/nodejs/node_modules/sequelize/lib/model.js:1140:21)\n    at async User.findOne (/home/u823569727/domains/api.shop99.co.in/nodejs/node_modules/sequelize/lib/model.js:1240:12)\n    at async User.findByPk (/home/u823569727/domains/api.shop99.co.in/nodejs/node_modules/sequelize/lib/model.js:1221:12)\n    at async exports.getProfile (/home/u823569727/domains/api.shop99.co.in/nodejs/controllers/profileController.js:62:18)"}
{"timestamp":"2026-05-23T11:56:28.892Z","level":"LOG","message":"Decoded user: {\"id\":11,\"phone\":\"8447771582\",\"iat\":1779528982,\"exp\":1780133782}"}
{"timestamp":"2026-05-23T11:56:28.892Z","level":"LOG","message":"REQ USER: {\"id\":11,\"phone\":\"8447771582\",\"iat\":1779528982,\"exp\":1780133782}"}
{"timestamp":"2026-05-23T11:56:39.332Z","level":"LOG","message":"[dotenv@17.3.1] injecting env (19) from .env -- tip: ⚙️  specify custom .env file path with { path: '/custom/path/.env' }"}
{"timestamp":"2026-05-23T11:56:39.579Z","level":"LOG","message":"[dotenv@17.3.1] injecting env (0) from .env -- tip: 🤖 agentic secret storage: https://dotenvx.com/as2"}
{"timestamp":"2026-05-23T11:56:39.898Z","level":"LOG","message":"[dotenv@17.3.1] injecting env (0) from .env -- tip: 🔐 prevent building .env in docker: https://dotenvx.com/prebuild"}
{"timestamp":"2026-05-23T11:56:40.142Z","level":"LOG","message":"✅ DB Connected"}
{"timestamp":"2026-05-23T11:56:40.207Z","level":"LOG","message":"✅ Tables Synced"}
{"timestamp":"2026-05-23T11:56:40.216Z","level":"LOG","message":"🚀 Server running on port 9001"}
{"timestamp":"2026-05-23T11:56:40.721Z","level":"LOG","message":"[dotenv@17.3.1] injecting env (19) from .env -- tip: 🛠️  run anywhere with `dotenvx run -- yourcommand`"}
{"timestamp":"2026-05-23T11:56:40.949Z","level":"LOG","message":"[dotenv@17.3.1] injecting env (0) from .env -- tip: 🔐 prevent building .env in docker: https://dotenvx.com/prebuild"}
{"timestamp":"2026-05-23T11:56:41.232Z","level":"LOG","message":"[dotenv@17.3.1] injecting env (0) from .env -- tip: ⚙️  override existing env vars with { override: true }"}
{"timestamp":"2026-05-23T11:56:41.494Z","level":"LOG","message":"✅ DB Connected"}
{"timestamp":"2026-05-23T11:56:41.565Z","level":"LOG","message":"✅ Tables Synced"}
{"timestamp":"2026-05-23T11:56:41.577Z","level":"LOG","message":"🚀 Server running on port 9001"}
{"timestamp":"2026-05-23T11:56:41.616Z","level":"LOG","message":"Decoded user: {\"id\":11,\"phone\":\"8447771582\",\"iat\":1779528982,\"exp\":1780133782}"}
{"timestamp":"2026-05-23T11:56:41.639Z","level":"LOG","message":"Decoded user: {\"id\":11,\"phone\":\"8447771582\",\"iat\":1779528982,\"exp\":1780133782}"}
{"timestamp":"2026-05-23T11:56:42.455Z","level":"LOG","message":"Decoded user: {\"id\":11,\"phone\":\"8447771582\",\"iat\":1779528982,\"exp\":1780133782}"}
{"timestamp":"2026-05-23T11:56:42.456Z","level":"LOG","message":"REQ USER: {\"id\":11,\"phone\":\"8447771582\",\"iat\":1779528982,\"exp\":1780133782}"}
{"timestamp":"2026-05-23T11:56:42.551Z","level":"LOG","message":"Decoded user: {\"id\":11,\"phone\":\"8447771582\",\"iat\":1779528982,\"exp\":1780133782}"}
{"timestamp":"2026-05-23T11:56:42.551Z","level":"LOG","message":"REQ USER: {\"id\":11,\"phone\":\"8447771582\",\"iat\":1779528982,\"exp\":1780133782}"}
{"timestamp":"2026-05-23T11:56:47.199Z","level":"LOG","message":"Decoded user: {\"id\":11,\"phone\":\"8447771582\",\"iat\":1779528982,\"exp\":1780133782}"}
{"timestamp":"2026-05-23T11:56:47.253Z","level":"LOG","message":"Decoded user: {\"id\":11,\"phone\":\"8447771582\",\"iat\":1779528982,\"exp\":1780133782}"}
{"timestamp":"2026-05-23T11:56:47.301Z","level":"LOG","message":"Decoded user: {\"id\":11,\"phone\":\"8447771582\",\"iat\":1779528982,\"exp\":1780133782}"}
{"timestamp":"2026-05-23T11:56:47.350Z","level":"LOG","message":"Decoded user: {\"id\":11,\"phone\":\"8447771582\",\"iat\":1779528982,\"exp\":1780133782}"}
{"timestamp":"2026-05-23T12:07:33.231Z","level":"LOG","message":"Decoded user: {\"id\":2,\"phone\":\"9935146914\",\"iat\":1779535206,\"exp\":1780140006}"}
{"timestamp":"2026-05-23T12:07:33.231Z","level":"LOG","message":"REQ USER: {\"id\":2,\"phone\":\"9935146914\",\"iat\":1779535206,\"exp\":1780140006}"}
{"timestamp":"2026-05-23T12:07:33.369Z","level":"LOG","message":"Decoded user: {\"id\":2,\"phone\":\"9935146914\",\"iat\":1779535206,\"exp\":1780140006}"}
{"timestamp":"2026-05-23T12:07:33.369Z","level":"LOG","message":"REQ USER: {\"id\":2,\"phone\":\"9935146914\",\"iat\":1779535206,\"exp\":1780140006}"}
{"timestamp":"2026-05-23T12:08:23.960Z","level":"LOG","message":"Decoded user: {\"id\":2,\"phone\":\"9935146914\",\"iat\":1779535206,\"exp\":1780140006}"}
{"timestamp":"2026-05-23T12:08:23.960Z","level":"LOG","message":"REQ USER: {\"id\":2,\"phone\":\"9935146914\",\"iat\":1779535206,\"exp\":1780140006}"}
{"timestamp":"2026-05-23T12:08:24.181Z","level":"LOG","message":"Decoded user: {\"id\":2,\"phone\":\"9935146914\",\"iat\":1779535206,\"exp\":1780140006}"}
{"timestamp":"2026-05-23T12:08:24.182Z","level":"LOG","message":"REQ USER: {\"id\":2,\"phone\":\"9935146914\",\"iat\":1779535206,\"exp\":1780140006}"}
{"timestamp":"2026-05-23T12:08:44.763Z","level":"LOG","message":"Decoded user: {\"id\":2,\"phone\":\"9935146914\",\"iat\":1779535206,\"exp\":1780140006}"}
{"timestamp":"2026-05-23T12:08:44.763Z","level":"LOG","message":"REQ USER: {\"id\":2,\"phone\":\"9935146914\",\"iat\":1779535206,\"exp\":1780140006}"}
{"timestamp":"2026-05-23T12:08:44.934Z","level":"LOG","message":"Decoded user: {\"id\":2,\"phone\":\"9935146914\",\"iat\":1779535206,\"exp\":1780140006}"}
{"timestamp":"2026-05-23T12:08:44.935Z","level":"LOG","message":"REQ USER: {\"id\":2,\"phone\":\"9935146914\",\"iat\":1779535206,\"exp\":1780140006}"}
{"timestamp":"2026-05-23T12:08:47.409Z","level":"LOG","message":"Decoded user: {\"id\":2,\"phone\":\"9935146914\",\"iat\":1779535206,\"exp\":1780140006}"}
{"timestamp":"2026-05-23T12:08:47.409Z","level":"LOG","message":"REQ USER: {\"id\":2,\"phone\":\"9935146914\",\"iat\":1779535206,\"exp\":1780140006}"}
{"timestamp":"2026-05-23T12:08:47.740Z","level":"LOG","message":"Decoded user: {\"id\":2,\"phone\":\"9935146914\",\"iat\":1779535206,\"exp\":1780140006}"}
{"timestamp":"2026-05-23T12:08:47.740Z","level":"LOG","message":"REQ USER: {\"id\":2,\"phone\":\"9935146914\",\"iat\":1779535206,\"exp\":1780140006}"}
{"timestamp":"2026-05-23T12:11:02.595Z","level":"LOG","message":"Decoded user: {\"id\":2,\"phone\":\"9935146914\",\"iat\":1779535206,\"exp\":1780140006}"}
{"timestamp":"2026-05-23T12:11:02.597Z","level":"LOG","message":"REQ USER: {\"id\":2,\"phone\":\"9935146914\",\"iat\":1779535206,\"exp\":1780140006}"}
{"timestamp":"2026-05-23T12:11:03.016Z","level":"LOG","message":"Decoded user: {\"id\":2,\"phone\":\"9935146914\",\"iat\":1779535206,\"exp\":1780140006}"}
{"timestamp":"2026-05-23T12:11:03.016Z","level":"LOG","message":"REQ USER: {\"id\":2,\"phone\":\"9935146914\",\"iat\":1779535206,\"exp\":1780140006}"}
{"timestamp":"2026-05-23T12:14:28.458Z","level":"LOG","message":"Decoded user: {\"id\":2,\"phone\":\"9935146914\",\"iat\":1779535206,\"exp\":1780140006}"}
{"timestamp":"2026-05-23T12:14:28.458Z","level":"LOG","message":"REQ USER: {\"id\":2,\"phone\":\"9935146914\",\"iat\":1779535206,\"exp\":1780140006}"}
{"timestamp":"2026-05-23T12:45:57.986Z","level":"LOG","message":"Decoded user: {\"id\":11,\"phone\":\"8447771582\",\"iat\":1779528982,\"exp\":1780133782}"}
{"timestamp":"2026-05-23T12:45:57.986Z","level":"LOG","message":"REQ USER: {\"id\":11,\"phone\":\"8447771582\",\"iat\":1779528982,\"exp\":1780133782}"}
{"timestamp":"2026-05-23T12:45:58.072Z","level":"LOG","message":"Decoded user: {\"id\":11,\"phone\":\"8447771582\",\"iat\":1779528982,\"exp\":1780133782}"}
{"timestamp":"2026-05-23T12:45:58.072Z","level":"LOG","message":"REQ USER: {\"id\":11,\"phone\":\"8447771582\",\"iat\":1779528982,\"exp\":1780133782}"}
{"timestamp":"2026-05-23T12:49:53.701Z","level":"LOG","message":"Decoded user: {\"id\":11,\"phone\":\"8447771582\",\"iat\":1779528982,\"exp\":1780133782}"}
{"timestamp":"2026-05-23T12:49:53.701Z","level":"LOG","message":"REQ USER: {\"id\":11,\"phone\":\"8447771582\",\"iat\":1779528982,\"exp\":1780133782}"}
{"timestamp":"2026-05-23T12:49:53.779Z","level":"LOG","message":"Decoded user: {\"id\":11,\"phone\":\"8447771582\",\"iat\":1779528982,\"exp\":1780133782}"}
{"timestamp":"2026-05-23T12:49:53.779Z","level":"LOG","message":"REQ USER: {\"id\":11,\"phone\":\"8447771582\",\"iat\":1779528982,\"exp\":1780133782}"}
{"timestamp":"2026-05-23T12:50:01.460Z","level":"LOG","message":"Decoded user: {\"id\":11,\"phone\":\"8447771582\",\"iat\":1779528982,\"exp\":1780133782}"}
{"timestamp":"2026-05-23T12:50:01.460Z","level":"LOG","message":"REQ USER: {\"id\":11,\"phone\":\"8447771582\",\"iat\":1779528982,\"exp\":1780133782}"}
{"timestamp":"2026-05-23T12:50:01.522Z","level":"LOG","message":"Decoded user: {\"id\":11,\"phone\":\"8447771582\",\"iat\":1779528982,\"exp\":1780133782}"}
{"timestamp":"2026-05-23T12:50:01.522Z","level":"LOG","message":"REQ USER: {\"id\":11,\"phone\":\"8447771582\",\"iat\":1779528982,\"exp\":1780133782}"}
{"timestamp":"2026-05-23T12:57:03.257Z","level":"LOG","message":"[dotenv@17.3.1] injecting env (19) from .env -- tip: ⚙️  suppress all logs with { quiet: true }"}
{"timestamp":"2026-05-23T12:57:03.548Z","level":"LOG","message":"[dotenv@17.3.1] injecting env (0) from .env -- tip: 🔐 prevent committing .env to code: https://dotenvx.com/precommit"}
{"timestamp":"2026-05-23T12:57:04.004Z","level":"LOG","message":"[dotenv@17.3.1] injecting env (0) from .env -- tip: 🔐 encrypt with Dotenvx: https://dotenvx.com"}
{"timestamp":"2026-05-23T12:57:04.335Z","level":"LOG","message":"✅ DB Connected"}
{"timestamp":"2026-05-23T12:57:04.432Z","level":"LOG","message":"✅ Tables Synced"}
{"timestamp":"2026-05-23T12:57:04.446Z","level":"LOG","message":"🚀 Server running on port 9001"}
{"timestamp":"2026-05-23T12:58:36.648Z","level":"LOG","message":"Decoded user: {\"id\":11,\"phone\":\"8447771582\",\"iat\":1779528982,\"exp\":1780133782}"}
{"timestamp":"2026-05-23T12:58:36.649Z","level":"LOG","message":"REQ USER: {\"id\":11,\"phone\":\"8447771582\",\"iat\":1779528982,\"exp\":1780133782}"}
{"timestamp":"2026-05-23T12:58:36.699Z","level":"LOG","message":"Decoded user: {\"id\":11,\"phone\":\"8447771582\",\"iat\":1779528982,\"exp\":1780133782}"}
{"timestamp":"2026-05-23T12:58:36.699Z","level":"LOG","message":"REQ USER: {\"id\":11,\"phone\":\"8447771582\",\"iat\":1779528982,\"exp\":1780133782}"}
{"timestamp":"2026-05-23T12:58:43.845Z","level":"LOG","message":"Decoded user: {\"id\":11,\"phone\":\"8447771582\",\"iat\":1779528982,\"exp\":1780133782}"}
{"timestamp":"2026-05-23T12:58:43.889Z","level":"LOG","message":"Decoded user: {\"id\":11,\"phone\":\"8447771582\",\"iat\":1779528982,\"exp\":1780133782}"}
{"timestamp":"2026-05-23T12:59:05.036Z","level":"LOG","message":"Decoded user: {\"id\":11,\"phone\":\"8447771582\",\"iat\":1779528982,\"exp\":1780133782}"}
{"timestamp":"2026-05-23T12:59:05.036Z","level":"LOG","message":"REQ USER: {\"id\":11,\"phone\":\"8447771582\",\"iat\":1779528982,\"exp\":1780133782}"}
{"timestamp":"2026-05-23T12:59:05.165Z","level":"LOG","message":"Decoded user: {\"id\":11,\"phone\":\"8447771582\",\"iat\":1779528982,\"exp\":1780133782}"}
{"timestamp":"2026-05-23T12:59:05.165Z","level":"LOG","message":"REQ USER: {\"id\":11,\"phone\":\"8447771582\",\"iat\":1779528982,\"exp\":1780133782}"}
{"timestamp":"2026-05-23T13:03:05.173Z","level":"LOG","message":"Decoded user: {\"id\":11,\"phone\":\"8447771582\",\"iat\":1779528982,\"exp\":1780133782}"}
{"timestamp":"2026-05-23T13:03:05.173Z","level":"LOG","message":"REQ USER: {\"id\":11,\"phone\":\"8447771582\",\"iat\":1779528982,\"exp\":1780133782}"}
{"timestamp":"2026-05-23T13:03:05.221Z","level":"LOG","message":"Decoded user: {\"id\":11,\"phone\":\"8447771582\",\"iat\":1779528982,\"exp\":1780133782}"}
{"timestamp":"2026-05-23T13:03:05.221Z","level":"LOG","message":"REQ USER: {\"id\":11,\"phone\":\"8447771582\",\"iat\":1779528982,\"exp\":1780133782}"}
{"timestamp":"2026-05-23T13:03:18.547Z","level":"LOG","message":"Decoded user: {\"id\":11,\"phone\":\"8447771582\",\"iat\":1779528982,\"exp\":1780133782}"}
{"timestamp":"2026-05-23T13:03:18.547Z","level":"LOG","message":"REQ USER: {\"id\":11,\"phone\":\"8447771582\",\"iat\":1779528982,\"exp\":1780133782}"}
{"timestamp":"2026-05-23T13:03:18.589Z","level":"LOG","message":"Decoded user: {\"id\":11,\"phone\":\"8447771582\",\"iat\":1779528982,\"exp\":1780133782}"}
{"timestamp":"2026-05-23T13:03:18.589Z","level":"LOG","message":"REQ USER: {\"id\":11,\"phone\":\"8447771582\",\"iat\":1779528982,\"exp\":1780133782}"}
{"timestamp":"2026-05-23T13:03:24.659Z","level":"LOG","message":"Decoded user: {\"id\":11,\"phone\":\"8447771582\",\"iat\":1779528982,\"exp\":1780133782}"}
{"timestamp":"2026-05-23T13:03:24.659Z","level":"LOG","message":"REQ USER: {\"id\":11,\"phone\":\"8447771582\",\"iat\":1779528982,\"exp\":1780133782}"}
{"timestamp":"2026-05-23T13:03:24.706Z","level":"LOG","message":"Decoded user: {\"id\":11,\"phone\":\"8447771582\",\"iat\":1779528982,\"exp\":1780133782}"}
{"timestamp":"2026-05-23T13:03:24.706Z","level":"LOG","message":"REQ USER: {\"id\":11,\"phone\":\"8447771582\",\"iat\":1779528982,\"exp\":1780133782}"}
{"timestamp":"2026-05-23T13:03:30.834Z","level":"LOG","message":"Decoded user: {\"id\":11,\"phone\":\"8447771582\",\"iat\":1779528982,\"exp\":1780133782}"}
{"timestamp":"2026-05-23T13:03:30.875Z","level":"LOG","message":"Decoded user: {\"id\":11,\"phone\":\"8447771582\",\"iat\":1779528982,\"exp\":1780133782}"}
{"timestamp":"2026-05-23T13:03:33.778Z","level":"LOG","message":"Decoded user: {\"id\":11,\"phone\":\"8447771582\",\"iat\":1779528982,\"exp\":1780133782}"}
{"timestamp":"2026-05-23T13:03:33.778Z","level":"LOG","message":"REQ USER: {\"id\":11,\"phone\":\"8447771582\",\"iat\":1779528982,\"exp\":1780133782}"}
{"timestamp":"2026-05-23T13:03:33.831Z","level":"LOG","message":"Decoded user: {\"id\":11,\"phone\":\"8447771582\",\"iat\":1779528982,\"exp\":1780133782}"}
{"timestamp":"2026-05-23T13:03:33.831Z","level":"LOG","message":"REQ USER: {\"id\":11,\"phone\":\"8447771582\",\"iat\":1779528982,\"exp\":1780133782}"}
{"timestamp":"2026-05-23T13:03:36.221Z","level":"LOG","message":"Decoded user: {\"id\":11,\"phone\":\"8447771582\",\"iat\":1779528982,\"exp\":1780133782}"}
{"timestamp":"2026-05-23T13:03:36.221Z","level":"LOG","message":"REQ USER: {\"id\":11,\"phone\":\"8447771582\",\"iat\":1779528982,\"exp\":1780133782}"}
{"timestamp":"2026-05-23T13:03:36.262Z","level":"LOG","message":"Decoded user: {\"id\":11,\"phone\":\"8447771582\",\"iat\":1779528982,\"exp\":1780133782}"}
{"timestamp":"2026-05-23T13:03:36.262Z","level":"LOG","message":"REQ USER: {\"id\":11,\"phone\":\"8447771582\",\"iat\":1779528982,\"exp\":1780133782}"}
{"timestamp":"2026-05-23T13:08:50.323Z","level":"LOG","message":"Decoded user: {\"id\":11,\"phone\":\"8447771582\",\"iat\":1779528982,\"exp\":1780133782}"}
{"timestamp":"2026-05-23T13:08:50.379Z","level":"LOG","message":"Decoded user: {\"id\":11,\"phone\":\"8447771582\",\"iat\":1779528982,\"exp\":1780133782}"}
{"timestamp":"2026-05-23T13:08:53.661Z","level":"LOG","message":"Decoded user: {\"id\":11,\"phone\":\"8447771582\",\"iat\":1779528982,\"exp\":1780133782}"}
{"timestamp":"2026-05-23T13:08:53.661Z","level":"LOG","message":"REQ USER: {\"id\":11,\"phone\":\"8447771582\",\"iat\":1779528982,\"exp\":1780133782}"}
{"timestamp":"2026-05-23T13:08:53.701Z","level":"LOG","message":"Decoded user: {\"id\":11,\"phone\":\"8447771582\",\"iat\":1779528982,\"exp\":1780133782}"}
{"timestamp":"2026-05-23T13:08:53.701Z","level":"LOG","message":"REQ USER: {\"id\":11,\"phone\":\"8447771582\",\"iat\":1779528982,\"exp\":1780133782}"}
{"timestamp":"2026-05-23T13:08:54.752Z","level":"LOG","message":"Decoded user: {\"id\":11,\"phone\":\"8447771582\",\"iat\":1779528982,\"exp\":1780133782}"}
{"timestamp":"2026-05-23T13:08:54.752Z","level":"LOG","message":"REQ USER: {\"id\":11,\"phone\":\"8447771582\",\"iat\":1779528982,\"exp\":1780133782}"}
{"timestamp":"2026-05-23T13:08:54.824Z","level":"LOG","message":"Decoded user: {\"id\":11,\"phone\":\"8447771582\",\"iat\":1779528982,\"exp\":1780133782}"}
{"timestamp":"2026-05-23T13:08:54.824Z","level":"LOG","message":"REQ USER: {\"id\":11,\"phone\":\"8447771582\",\"iat\":1779528982,\"exp\":1780133782}"}
{"timestamp":"2026-05-23T13:15:36.567Z","level":"LOG","message":"Decoded user: {\"id\":11,\"phone\":\"8447771582\",\"iat\":1779528982,\"exp\":1780133782}"}
{"timestamp":"2026-05-23T13:15:36.567Z","level":"LOG","message":"REQ USER: {\"id\":11,\"phone\":\"8447771582\",\"iat\":1779528982,\"exp\":1780133782}"}
{"timestamp":"2026-05-23T13:15:36.617Z","level":"LOG","message":"Decoded user: {\"id\":11,\"phone\":\"8447771582\",\"iat\":1779528982,\"exp\":1780133782}"}
{"timestamp":"2026-05-23T13:15:36.617Z","level":"LOG","message":"REQ USER: {\"id\":11,\"phone\":\"8447771582\",\"iat\":1779528982,\"exp\":1780133782}"}
{"timestamp":"2026-05-23T13:18:08.586Z","level":"LOG","message":"Decoded user: {\"id\":11,\"phone\":\"8447771582\",\"iat\":1779528982,\"exp\":1780133782}"}
{"timestamp":"2026-05-23T13:18:08.587Z","level":"LOG","message":"REQ USER: {\"id\":11,\"phone\":\"8447771582\",\"iat\":1779528982,\"exp\":1780133782}"}
{"timestamp":"2026-05-23T13:18:08.642Z","level":"LOG","message":"Decoded user: {\"id\":11,\"phone\":\"8447771582\",\"iat\":1779528982,\"exp\":1780133782}"}
{"timestamp":"2026-05-23T13:18:08.642Z","level":"LOG","message":"REQ USER: {\"id\":11,\"phone\":\"8447771582\",\"iat\":1779528982,\"exp\":1780133782}"}
{"timestamp":"2026-05-23T13:18:11.911Z","level":"LOG","message":"Decoded user: {\"id\":11,\"phone\":\"8447771582\",\"iat\":1779528982,\"exp\":1780133782}"}
{"timestamp":"2026-05-23T13:18:11.911Z","level":"LOG","message":"REQ USER: {\"id\":11,\"phone\":\"8447771582\",\"iat\":1779528982,\"exp\":1780133782}"}
{"timestamp":"2026-05-23T13:18:12.414Z","level":"LOG","message":"Decoded user: {\"id\":11,\"phone\":\"8447771582\",\"iat\":1779528982,\"exp\":1780133782}"}
{"timestamp":"2026-05-23T13:18:12.415Z","level":"LOG","message":"REQ USER: {\"id\":11,\"phone\":\"8447771582\",\"iat\":1779528982,\"exp\":1780133782}"}
{"timestamp":"2026-05-23T13:18:16.850Z","level":"LOG","message":"Decoded user: {\"id\":11,\"phone\":\"8447771582\",\"iat\":1779528982,\"exp\":1780133782}"}
{"timestamp":"2026-05-23T13:18:16.851Z","level":"LOG","message":"REQ USER: {\"id\":11,\"phone\":\"8447771582\",\"iat\":1779528982,\"exp\":1780133782}"}
{"timestamp":"2026-05-23T13:18:16.920Z","level":"LOG","message":"Decoded user: {\"id\":11,\"phone\":\"8447771582\",\"iat\":1779528982,\"exp\":1780133782}"}
{"timestamp":"2026-05-23T13:18:16.920Z","level":"LOG","message":"REQ USER: {\"id\":11,\"phone\":\"8447771582\",\"iat\":1779528982,\"exp\":1780133782}"}
{"timestamp":"2026-05-23T13:18:23.493Z","level":"LOG","message":"Decoded user: {\"id\":11,\"phone\":\"8447771582\",\"iat\":1779528982,\"exp\":1780133782}"}
{"timestamp":"2026-05-23T13:18:23.493Z","level":"LOG","message":"REQ USER: {\"id\":11,\"phone\":\"8447771582\",\"iat\":1779528982,\"exp\":1780133782}"}
{"timestamp":"2026-05-23T13:18:23.544Z","level":"LOG","message":"Decoded user: {\"id\":11,\"phone\":\"8447771582\",\"iat\":1779528982,\"exp\":1780133782}"}
{"timestamp":"2026-05-23T13:18:23.544Z","level":"LOG","message":"REQ USER: {\"id\":11,\"phone\":\"8447771582\",\"iat\":1779528982,\"exp\":1780133782}"}
{"timestamp":"2026-05-23T14:49:54.527Z","level":"LOG","message":"[dotenv@17.3.1] injecting env (19) from .env -- tip: 🔐 prevent committing .env to code: https://dotenvx.com/precommit"}
{"timestamp":"2026-05-23T14:49:54.902Z","level":"LOG","message":"[dotenv@17.3.1] injecting env (0) from .env -- tip: ⚙️  load multiple .env files with { path: ['.env.local', '.env'] }"}
{"timestamp":"2026-05-23T14:49:55.371Z","level":"LOG","message":"[dotenv@17.3.1] injecting env (0) from .env -- tip: ⚙️  suppress all logs with { quiet: true }"}
{"timestamp":"2026-05-23T14:49:55.716Z","level":"LOG","message":"✅ DB Connected"}
{"timestamp":"2026-05-23T14:49:55.807Z","level":"LOG","message":"✅ Tables Synced"}
{"timestamp":"2026-05-23T14:49:55.820Z","level":"LOG","message":"🚀 Server running on port 9001"}
{"timestamp":"2026-05-23T16:01:35.362Z","level":"LOG","message":"[dotenv@17.3.1] injecting env (19) from .env -- tip: 🛠️  run anywhere with `dotenvx run -- yourcommand`"}
{"timestamp":"2026-05-23T16:01:35.665Z","level":"LOG","message":"[dotenv@17.3.1] injecting env (0) from .env -- tip: ⚙️  enable debug logging with { debug: true }"}
{"timestamp":"2026-05-23T16:01:36.112Z","level":"LOG","message":"[dotenv@17.3.1] injecting env (0) from .env -- tip: ⚙️  enable debug logging with { debug: true }"}
{"timestamp":"2026-05-23T16:01:36.470Z","level":"LOG","message":"✅ DB Connected"}
{"timestamp":"2026-05-23T16:01:36.563Z","level":"LOG","message":"✅ Tables Synced"}
{"timestamp":"2026-05-23T16:01:36.574Z","level":"LOG","message":"🚀 Server running on port 9001"}
{"timestamp":"2026-05-23T17:02:12.130Z","level":"LOG","message":"[dotenv@17.3.1] injecting env (19) from .env -- tip: 🛠️  run anywhere with `dotenvx run -- yourcommand`"}
{"timestamp":"2026-05-23T17:02:12.433Z","level":"LOG","message":"[dotenv@17.3.1] injecting env (0) from .env -- tip: 🤖 agentic secret storage: https://dotenvx.com/as2"}
{"timestamp":"2026-05-23T17:02:12.852Z","level":"LOG","message":"[dotenv@17.3.1] injecting env (0) from .env -- tip: 🛡️ auth for agents: https://vestauth.com"}
{"timestamp":"2026-05-23T17:02:13.144Z","level":"LOG","message":"✅ DB Connected"}
{"timestamp":"2026-05-23T17:02:13.249Z","level":"LOG","message":"✅ Tables Synced"}
{"timestamp":"2026-05-23T17:02:13.263Z","level":"LOG","message":"🚀 Server running on port 9001"}
{"timestamp":"2026-05-23T18:05:55.737Z","level":"LOG","message":"[dotenv@17.3.1] injecting env (19) from .env -- tip: 🔐 prevent committing .env to code: https://dotenvx.com/precommit"}
{"timestamp":"2026-05-23T18:05:56.078Z","level":"LOG","message":"[dotenv@17.3.1] injecting env (0) from .env -- tip: ⚙️  specify custom .env file path with { path: '/custom/path/.env' }"}
{"timestamp":"2026-05-23T18:05:56.527Z","level":"LOG","message":"[dotenv@17.3.1] injecting env (0) from .env -- tip: 🤖 agentic secret storage: https://dotenvx.com/as2"}
{"timestamp":"2026-05-23T18:05:56.919Z","level":"LOG","message":"✅ DB Connected"}
{"timestamp":"2026-05-23T18:05:57.019Z","level":"LOG","message":"✅ Tables Synced"}
{"timestamp":"2026-05-23T18:05:57.034Z","level":"LOG","message":"🚀 Server running on port 9001"}
{"timestamp":"2026-05-23T19:07:45.872Z","level":"LOG","message":"[dotenv@17.3.1] injecting env (19) from .env -- tip: ⚡️ secrets for agents: https://dotenvx.com/as2"}
{"timestamp":"2026-05-23T19:07:46.196Z","level":"LOG","message":"[dotenv@17.3.1] injecting env (0) from .env -- tip: ⚙️  enable debug logging with { debug: true }"}
{"timestamp":"2026-05-23T19:07:46.630Z","level":"LOG","message":"[dotenv@17.3.1] injecting env (0) from .env -- tip: ⚙️  specify custom .env file path with { path: '/custom/path/.env' }"}
{"timestamp":"2026-05-23T19:07:46.894Z","level":"LOG","message":"✅ DB Connected"}
{"timestamp":"2026-05-23T19:07:46.961Z","level":"LOG","message":"✅ Tables Synced"}
{"timestamp":"2026-05-23T19:07:46.972Z","level":"LOG","message":"🚀 Server running on port 9001"}
{"timestamp":"2026-05-23T20:11:38.179Z","level":"LOG","message":"[dotenv@17.3.1] injecting env (19) from .env -- tip: 🤖 agentic secret storage: https://dotenvx.com/as2"}
{"timestamp":"2026-05-23T20:11:38.622Z","level":"LOG","message":"[dotenv@17.3.1] injecting env (0) from .env -- tip: 🛡️ auth for agents: https://vestauth.com"}
{"timestamp":"2026-05-23T20:11:39.070Z","level":"LOG","message":"[dotenv@17.3.1] injecting env (0) from .env -- tip: ⚙️  override existing env vars with { override: true }"}
{"timestamp":"2026-05-23T20:11:39.445Z","level":"LOG","message":"✅ DB Connected"}
{"timestamp":"2026-05-23T20:11:39.546Z","level":"LOG","message":"✅ Tables Synced"}
{"timestamp":"2026-05-23T20:11:39.560Z","level":"LOG","message":"🚀 Server running on port 9001"}
{"timestamp":"2026-05-23T21:12:48.701Z","level":"LOG","message":"[dotenv@17.3.1] injecting env (19) from .env -- tip: ⚙️  load multiple .env files with { path: ['.env.local', '.env'] }"}
{"timestamp":"2026-05-23T21:12:49.023Z","level":"LOG","message":"[dotenv@17.3.1] injecting env (0) from .env -- tip: 🔐 prevent committing .env to code: https://dotenvx.com/precommit"}
{"timestamp":"2026-05-23T21:12:49.463Z","level":"LOG","message":"[dotenv@17.3.1] injecting env (0) from .env -- tip: 🤖 agentic secret storage: https://dotenvx.com/as2"}
{"timestamp":"2026-05-23T21:12:49.818Z","level":"LOG","message":"✅ DB Connected"}
{"timestamp":"2026-05-23T21:12:49.903Z","level":"LOG","message":"✅ Tables Synced"}
{"timestamp":"2026-05-23T21:12:49.917Z","level":"LOG","message":"🚀 Server running on port 9001"}
{"timestamp":"2026-05-23T22:18:31.349Z","level":"LOG","message":"[dotenv@17.3.1] injecting env (19) from .env -- tip: 🛡️ auth for agents: https://vestauth.com"}
{"timestamp":"2026-05-23T22:18:31.732Z","level":"LOG","message":"[dotenv@17.3.1] injecting env (0) from .env -- tip: ⚙️  override existing env vars with { override: true }"}
{"timestamp":"2026-05-23T22:18:32.209Z","level":"LOG","message":"[dotenv@17.3.1] injecting env (0) from .env -- tip: ⚙️  override existing env vars with { override: true }"}
{"timestamp":"2026-05-23T22:18:32.629Z","level":"LOG","message":"✅ DB Connected"}
{"timestamp":"2026-05-23T22:18:32.746Z","level":"LOG","message":"✅ Tables Synced"}
{"timestamp":"2026-05-23T22:18:32.757Z","level":"LOG","message":"🚀 Server running on port 9001"}
{"timestamp":"2026-05-23T23:20:59.683Z","level":"LOG","message":"[dotenv@17.3.1] injecting env (19) from .env -- tip: ⚙️  write to custom object with { processEnv: myObject }"}
{"timestamp":"2026-05-23T23:20:59.973Z","level":"LOG","message":"[dotenv@17.3.1] injecting env (0) from .env -- tip: ⚙️  write to custom object with { processEnv: myObject }"}
{"timestamp":"2026-05-23T23:21:00.347Z","level":"LOG","message":"[dotenv@17.3.1] injecting env (0) from .env -- tip: ⚙️  write to custom object with { processEnv: myObject }"}
{"timestamp":"2026-05-23T23:21:00.643Z","level":"LOG","message":"✅ DB Connected"}
{"timestamp":"2026-05-23T23:21:00.730Z","level":"LOG","message":"✅ Tables Synced"}
{"timestamp":"2026-05-23T23:21:00.743Z","level":"LOG","message":"🚀 Server running on port 9001"}
{"timestamp":"2026-05-24T00:21:04.141Z","level":"LOG","message":"[dotenv@17.3.1] injecting env (19) from .env -- tip: ⚙️  override existing env vars with { override: true }"}
{"timestamp":"2026-05-24T00:21:04.517Z","level":"LOG","message":"[dotenv@17.3.1] injecting env (0) from .env -- tip: 🛠️  run anywhere with `dotenvx run -- yourcommand`"}
{"timestamp":"2026-05-24T00:21:04.999Z","level":"LOG","message":"[dotenv@17.3.1] injecting env (0) from .env -- tip: ⚙️  override existing env vars with { override: true }"}
{"timestamp":"2026-05-24T00:21:05.318Z","level":"LOG","message":"✅ DB Connected"}
{"timestamp":"2026-05-24T00:21:05.434Z","level":"LOG","message":"✅ Tables Synced"}
{"timestamp":"2026-05-24T00:21:05.444Z","level":"LOG","message":"🚀 Server running on port 9001"}
{"timestamp":"2026-05-24T01:27:53.337Z","level":"LOG","message":"[dotenv@17.3.1] injecting env (19) from .env -- tip: 🤖 agentic secret storage: https://dotenvx.com/as2"}
{"timestamp":"2026-05-24T01:27:53.634Z","level":"LOG","message":"[dotenv@17.3.1] injecting env (0) from .env -- tip: 🔐 prevent committing .env to code: https://dotenvx.com/precommit"}
{"timestamp":"2026-05-24T01:27:54.042Z","level":"LOG","message":"[dotenv@17.3.1] injecting env (0) from .env -- tip: 🛠️  run anywhere with `dotenvx run -- yourcommand`"}
{"timestamp":"2026-05-24T01:27:54.323Z","level":"LOG","message":"✅ DB Connected"}
{"timestamp":"2026-05-24T01:27:54.400Z","level":"LOG","message":"✅ Tables Synced"}
{"timestamp":"2026-05-24T01:27:54.409Z","level":"LOG","message":"🚀 Server running on port 9001"}
{"timestamp":"2026-05-24T03:02:03.983Z","level":"LOG","message":"[dotenv@17.3.1] injecting env (19) from .env -- tip: 🔐 prevent committing .env to code: https://dotenvx.com/precommit"}
{"timestamp":"2026-05-24T03:02:04.533Z","level":"LOG","message":"[dotenv@17.3.1] injecting env (0) from .env -- tip: 🔐 prevent building .env in docker: https://dotenvx.com/prebuild"}
{"timestamp":"2026-05-24T03:02:05.124Z","level":"LOG","message":"[dotenv@17.3.1] injecting env (0) from .env -- tip: ⚡️ secrets for agents: https://dotenvx.com/as2"}
{"timestamp":"2026-05-24T03:02:05.640Z","level":"LOG","message":"✅ DB Connected"}
{"timestamp":"2026-05-24T03:02:05.817Z","level":"LOG","message":"✅ Tables Synced"}
{"timestamp":"2026-05-24T03:02:05.833Z","level":"LOG","message":"🚀 Server running on port 9001"}
{"timestamp":"2026-05-24T04:03:11.717Z","level":"LOG","message":"[dotenv@17.3.1] injecting env (19) from .env -- tip: 🤖 agentic secret storage: https://dotenvx.com/as2"}
{"timestamp":"2026-05-24T04:03:12.193Z","level":"LOG","message":"[dotenv@17.3.1] injecting env (0) from .env -- tip: ⚙️  write to custom object with { processEnv: myObject }"}
{"timestamp":"2026-05-24T04:03:12.808Z","level":"LOG","message":"[dotenv@17.3.1] injecting env (0) from .env -- tip: 🛡️ auth for agents: https://vestauth.com"}
{"timestamp":"2026-05-24T04:03:13.241Z","level":"LOG","message":"✅ DB Connected"}
{"timestamp":"2026-05-24T04:03:13.386Z","level":"LOG","message":"✅ Tables Synced"}
{"timestamp":"2026-05-24T04:03:13.399Z","level":"LOG","message":"🚀 Server running on port 9001"}
{"timestamp":"2026-05-24T05:04:37.999Z","level":"LOG","message":"[dotenv@17.3.1] injecting env (19) from .env -- tip: 🔐 prevent building .env in docker: https://dotenvx.com/prebuild"}
{"timestamp":"2026-05-24T05:04:38.402Z","level":"LOG","message":"[dotenv@17.3.1] injecting env (0) from .env -- tip: 🔐 encrypt with Dotenvx: https://dotenvx.com"}
{"timestamp":"2026-05-24T05:04:38.868Z","level":"LOG","message":"[dotenv@17.3.1] injecting env (0) from .env -- tip: 🔐 prevent committing .env to code: https://dotenvx.com/precommit"}
{"timestamp":"2026-05-24T05:04:39.241Z","level":"LOG","message":"✅ DB Connected"}
{"timestamp":"2026-05-24T05:04:39.328Z","level":"LOG","message":"✅ Tables Synced"}
{"timestamp":"2026-05-24T05:04:39.337Z","level":"LOG","message":"🚀 Server running on port 9001"}
{"timestamp":"2026-05-24T06:05:36.001Z","level":"LOG","message":"[dotenv@17.3.1] injecting env (19) from .env -- tip: 🔐 prevent committing .env to code: https://dotenvx.com/precommit"}
{"timestamp":"2026-05-24T06:05:36.343Z","level":"LOG","message":"[dotenv@17.3.1] injecting env (0) from .env -- tip: ⚙️  suppress all logs with { quiet: true }"}
{"timestamp":"2026-05-24T06:05:36.723Z","level":"LOG","message":"[dotenv@17.3.1] injecting env (0) from .env -- tip: 🤖 agentic secret storage: https://dotenvx.com/as2"}
{"timestamp":"2026-05-24T06:05:37.041Z","level":"LOG","message":"✅ DB Connected"}
{"timestamp":"2026-05-24T06:05:37.118Z","level":"LOG","message":"✅ Tables Synced"}
{"timestamp":"2026-05-24T06:05:37.126Z","level":"LOG","message":"🚀 Server running on port 9001"}
{"timestamp":"2026-05-24T07:11:18.150Z","level":"LOG","message":"[dotenv@17.3.1] injecting env (19) from .env -- tip: ⚡️ secrets for agents: https://dotenvx.com/as2"}
{"timestamp":"2026-05-24T07:11:18.449Z","level":"LOG","message":"[dotenv@17.3.1] injecting env (0) from .env -- tip: ⚡️ secrets for agents: https://dotenvx.com/as2"}
{"timestamp":"2026-05-24T07:11:18.848Z","level":"LOG","message":"[dotenv@17.3.1] injecting env (0) from .env -- tip: ⚙️  suppress all logs with { quiet: true }"}
{"timestamp":"2026-05-24T07:11:19.160Z","level":"LOG","message":"✅ DB Connected"}
{"timestamp":"2026-05-24T07:11:19.243Z","level":"LOG","message":"✅ Tables Synced"}
{"timestamp":"2026-05-24T07:11:19.253Z","level":"LOG","message":"🚀 Server running on port 9001"}
{"timestamp":"2026-05-24T08:14:59.365Z","level":"LOG","message":"[dotenv@17.3.1] injecting env (19) from .env -- tip: ⚙️  override existing env vars with { override: true }"}
{"timestamp":"2026-05-24T08:14:59.729Z","level":"LOG","message":"[dotenv@17.3.1] injecting env (0) from .env -- tip: 🔐 prevent committing .env to code: https://dotenvx.com/precommit"}
{"timestamp":"2026-05-24T08:15:00.213Z","level":"LOG","message":"[dotenv@17.3.1] injecting env (0) from .env -- tip: 🔐 encrypt with Dotenvx: https://dotenvx.com"}
{"timestamp":"2026-05-24T08:15:00.588Z","level":"LOG","message":"✅ DB Connected"}
{"timestamp":"2026-05-24T08:15:00.710Z","level":"LOG","message":"✅ Tables Synced"}
{"timestamp":"2026-05-24T08:15:00.723Z","level":"LOG","message":"🚀 Server running on port 9001"}
{"timestamp":"2026-05-24T09:18:52.278Z","level":"LOG","message":"[dotenv@17.3.1] injecting env (19) from .env -- tip: ⚙️  override existing env vars with { override: true }"}
{"timestamp":"2026-05-24T09:18:52.611Z","level":"LOG","message":"[dotenv@17.3.1] injecting env (0) from .env -- tip: ⚙️  enable debug logging with { debug: true }"}
{"timestamp":"2026-05-24T09:18:53.034Z","level":"LOG","message":"[dotenv@17.3.1] injecting env (0) from .env -- tip: ⚙️  enable debug logging with { debug: true }"}
{"timestamp":"2026-05-24T09:18:53.412Z","level":"LOG","message":"✅ DB Connected"}
{"timestamp":"2026-05-24T09:18:53.543Z","level":"LOG","message":"✅ Tables Synced"}
{"timestamp":"2026-05-24T09:18:53.556Z","level":"LOG","message":"🚀 Server running on port 9001"}
{"timestamp":"2026-05-24T10:22:35.396Z","level":"LOG","message":"[dotenv@17.3.1] injecting env (19) from .env -- tip: 🔐 encrypt with Dotenvx: https://dotenvx.com"}
{"timestamp":"2026-05-24T10:22:35.712Z","level":"LOG","message":"[dotenv@17.3.1] injecting env (0) from .env -- tip: 🛠️  run anywhere with `dotenvx run -- yourcommand`"}
{"timestamp":"2026-05-24T10:22:36.165Z","level":"LOG","message":"[dotenv@17.3.1] injecting env (0) from .env -- tip: ⚡️ secrets for agents: https://dotenvx.com/as2"}
{"timestamp":"2026-05-24T10:22:36.490Z","level":"LOG","message":"✅ DB Connected"}
{"timestamp":"2026-05-24T10:22:36.581Z","level":"LOG","message":"✅ Tables Synced"}
{"timestamp":"2026-05-24T10:22:36.595Z","level":"LOG","message":"🚀 Server running on port 9001"}
{"timestamp":"2026-05-24T11:27:58.804Z","level":"LOG","message":"[dotenv@17.3.1] injecting env (19) from .env -- tip: ⚙️  enable debug logging with { debug: true }"}
{"timestamp":"2026-05-24T11:27:59.174Z","level":"LOG","message":"[dotenv@17.3.1] injecting env (0) from .env -- tip: ⚙️  override existing env vars with { override: true }"}
{"timestamp":"2026-05-24T11:27:59.669Z","level":"LOG","message":"[dotenv@17.3.1] injecting env (0) from .env -- tip: 🛠️  run anywhere with `dotenvx run -- yourcommand`"}
{"timestamp":"2026-05-24T11:28:00.085Z","level":"LOG","message":"✅ DB Connected"}
{"timestamp":"2026-05-24T11:28:00.825Z","level":"LOG","message":"✅ Tables Synced"}
{"timestamp":"2026-05-24T11:28:00.834Z","level":"LOG","message":"🚀 Server running on port 9001"}
{"timestamp":"2026-05-24T12:40:29.235Z","level":"LOG","message":"[dotenv@17.3.1] injecting env (19) from .env -- tip: 🔐 prevent building .env in docker: https://dotenvx.com/prebuild"}
{"timestamp":"2026-05-24T12:40:29.569Z","level":"LOG","message":"[dotenv@17.3.1] injecting env (0) from .env -- tip: 🔐 prevent committing .env to code: https://dotenvx.com/precommit"}
{"timestamp":"2026-05-24T12:40:30.043Z","level":"LOG","message":"[dotenv@17.3.1] injecting env (0) from .env -- tip: 🔐 encrypt with Dotenvx: https://dotenvx.com"}
{"timestamp":"2026-05-24T12:40:30.418Z","level":"LOG","message":"✅ DB Connected"}
{"timestamp":"2026-05-24T12:40:30.517Z","level":"LOG","message":"✅ Tables Synced"}
{"timestamp":"2026-05-24T12:40:30.526Z","level":"LOG","message":"🚀 Server running on port 9001"}
{"timestamp":"2026-05-24T13:41:56.444Z","level":"LOG","message":"[dotenv@17.3.1] injecting env (19) from .env -- tip: ⚙️  enable debug logging with { debug: true }"}
{"timestamp":"2026-05-24T13:41:56.823Z","level":"LOG","message":"[dotenv@17.3.1] injecting env (0) from .env -- tip: 🛠️  run anywhere with `dotenvx run -- yourcommand`"}
{"timestamp":"2026-05-24T13:41:57.330Z","level":"LOG","message":"[dotenv@17.3.1] injecting env (0) from .env -- tip: ⚙️  load multiple .env files with { path: ['.env.local', '.env'] }"}
{"timestamp":"2026-05-24T13:41:57.730Z","level":"LOG","message":"✅ DB Connected"}
{"timestamp":"2026-05-24T13:41:57.834Z","level":"LOG","message":"✅ Tables Synced"}
{"timestamp":"2026-05-24T13:41:57.849Z","level":"LOG","message":"🚀 Server running on port 9001"}
{"timestamp":"2026-05-24T14:45:50.082Z","level":"LOG","message":"[dotenv@17.3.1] injecting env (19) from .env -- tip: ⚙️  override existing env vars with { override: true }"}
{"timestamp":"2026-05-24T14:45:50.436Z","level":"LOG","message":"[dotenv@17.3.1] injecting env (0) from .env -- tip: ⚙️  load multiple .env files with { path: ['.env.local', '.env'] }"}
{"timestamp":"2026-05-24T14:45:50.873Z","level":"LOG","message":"[dotenv@17.3.1] injecting env (0) from .env -- tip: 🤖 agentic secret storage: https://dotenvx.com/as2"}
{"timestamp":"2026-05-24T14:45:51.264Z","level":"LOG","message":"✅ DB Connected"}
{"timestamp":"2026-05-24T14:45:51.365Z","level":"LOG","message":"✅ Tables Synced"}
{"timestamp":"2026-05-24T14:45:51.379Z","level":"LOG","message":"🚀 Server running on port 9001"}
{"timestamp":"2026-05-24T16:32:44.404Z","level":"LOG","message":"[dotenv@17.3.1] injecting env (19) from .env -- tip: 🛡️ auth for agents: https://vestauth.com"}
{"timestamp":"2026-05-24T16:32:44.821Z","level":"LOG","message":"[dotenv@17.3.1] injecting env (0) from .env -- tip: ⚙️  override existing env vars with { override: true }"}
{"timestamp":"2026-05-24T16:32:45.359Z","level":"LOG","message":"[dotenv@17.3.1] injecting env (0) from .env -- tip: ⚙️  write to custom object with { processEnv: myObject }"}
{"timestamp":"2026-05-24T16:32:45.822Z","level":"LOG","message":"✅ DB Connected"}
{"timestamp":"2026-05-24T16:32:46.396Z","level":"LOG","message":"✅ Tables Synced"}
{"timestamp":"2026-05-24T16:32:46.412Z","level":"LOG","message":"🚀 Server running on port 9001"}
{"timestamp":"2026-05-24T17:55:22.147Z","level":"LOG","message":"[dotenv@17.3.1] injecting env (19) from .env -- tip: ⚙️  load multiple .env files with { path: ['.env.local', '.env'] }"}
{"timestamp":"2026-05-24T17:55:22.454Z","level":"LOG","message":"[dotenv@17.3.1] injecting env (0) from .env -- tip: ⚙️  load multiple .env files with { path: ['.env.local', '.env'] }"}
{"timestamp":"2026-05-24T17:55:22.870Z","level":"LOG","message":"[dotenv@17.3.1] injecting env (0) from .env -- tip: 🛠️  run anywhere with `dotenvx run -- yourcommand`"}
{"timestamp":"2026-05-24T17:55:23.168Z","level":"LOG","message":"✅ DB Connected"}
{"timestamp":"2026-05-24T17:55:23.248Z","level":"LOG","message":"✅ Tables Synced"}
{"timestamp":"2026-05-24T17:55:23.258Z","level":"LOG","message":"🚀 Server running on port 9001"}
{"timestamp":"2026-05-24T18:00:13.684Z","level":"LOG","message":"[dotenv@17.3.1] injecting env (19) from .env -- tip: ⚙️  suppress all logs with { quiet: true }"}
{"timestamp":"2026-05-24T18:00:14.041Z","level":"LOG","message":"[dotenv@17.3.1] injecting env (0) from .env -- tip: ⚙️  load multiple .env files with { path: ['.env.local', '.env'] }"}
{"timestamp":"2026-05-24T18:00:14.404Z","level":"LOG","message":"[dotenv@17.3.1] injecting env (0) from .env -- tip: 🤖 agentic secret storage: https://dotenvx.com/as2"}
{"timestamp":"2026-05-24T18:00:14.796Z","level":"LOG","message":"✅ DB Connected"}
{"timestamp":"2026-05-24T18:00:14.879Z","level":"LOG","message":"✅ Tables Synced"}
{"timestamp":"2026-05-24T18:00:14.893Z","level":"LOG","message":"🚀 Server running on port 9001"}
{"timestamp":"2026-05-24T18:56:30.075Z","level":"LOG","message":"[dotenv@17.3.1] injecting env (19) from .env -- tip: ⚙️  write to custom object with { processEnv: myObject }"}
{"timestamp":"2026-05-24T18:56:30.482Z","level":"LOG","message":"[dotenv@17.3.1] injecting env (0) from .env -- tip: ⚙️  load multiple .env files with { path: ['.env.local', '.env'] }"}
{"timestamp":"2026-05-24T18:56:31.017Z","level":"LOG","message":"[dotenv@17.3.1] injecting env (0) from .env -- tip: 🤖 agentic secret storage: https://dotenvx.com/as2"}
{"timestamp":"2026-05-24T18:56:31.458Z","level":"LOG","message":"✅ DB Connected"}
{"timestamp":"2026-05-24T18:56:31.580Z","level":"LOG","message":"✅ Tables Synced"}
{"timestamp":"2026-05-24T18:56:31.593Z","level":"LOG","message":"🚀 Server running on port 9001"}
{"timestamp":"2026-05-24T19:57:49.247Z","level":"LOG","message":"[dotenv@17.3.1] injecting env (19) from .env -- tip: ⚡️ secrets for agents: https://dotenvx.com/as2"}
{"timestamp":"2026-05-24T19:57:49.506Z","level":"LOG","message":"[dotenv@17.3.1] injecting env (0) from .env -- tip: ⚙️  suppress all logs with { quiet: true }"}
{"timestamp":"2026-05-24T19:57:49.846Z","level":"LOG","message":"[dotenv@17.3.1] injecting env (0) from .env -- tip: ⚙️  specify custom .env file path with { path: '/custom/path/.env' }"}
{"timestamp":"2026-05-24T19:57:50.112Z","level":"LOG","message":"✅ DB Connected"}
{"timestamp":"2026-05-24T19:57:50.189Z","level":"LOG","message":"✅ Tables Synced"}
{"timestamp":"2026-05-24T19:57:50.204Z","level":"LOG","message":"🚀 Server running on port 9001"}
{"timestamp":"2026-05-24T20:58:18.708Z","level":"LOG","message":"[dotenv@17.3.1] injecting env (19) from .env -- tip: ⚡️ secrets for agents: https://dotenvx.com/as2"}
{"timestamp":"2026-05-24T20:58:19.021Z","level":"LOG","message":"[dotenv@17.3.1] injecting env (0) from .env -- tip: 🔐 encrypt with Dotenvx: https://dotenvx.com"}
{"timestamp":"2026-05-24T20:58:19.430Z","level":"LOG","message":"[dotenv@17.3.1] injecting env (0) from .env -- tip: 🛠️  run anywhere with `dotenvx run -- yourcommand`"}
{"timestamp":"2026-05-24T20:58:19.748Z","level":"LOG","message":"✅ DB Connected"}
{"timestamp":"2026-05-24T20:58:19.818Z","level":"LOG","message":"✅ Tables Synced"}
{"timestamp":"2026-05-24T20:58:19.827Z","level":"LOG","message":"🚀 Server running on port 9001"}
{"timestamp":"2026-05-24T22:01:32.334Z","level":"LOG","message":"[dotenv@17.3.1] injecting env (19) from .env -- tip: 🔐 prevent building .env in docker: https://dotenvx.com/prebuild"}
{"timestamp":"2026-05-24T22:01:32.677Z","level":"LOG","message":"[dotenv@17.3.1] injecting env (0) from .env -- tip: 🛠️  run anywhere with `dotenvx run -- yourcommand`"}
{"timestamp":"2026-05-24T22:01:33.067Z","level":"LOG","message":"[dotenv@17.3.1] injecting env (0) from .env -- tip: ⚙️  override existing env vars with { override: true }"}
{"timestamp":"2026-05-24T22:01:33.342Z","level":"LOG","message":"✅ DB Connected"}
{"timestamp":"2026-05-24T22:01:33.424Z","level":"LOG","message":"✅ Tables Synced"}
{"timestamp":"2026-05-24T22:01:33.437Z","level":"LOG","message":"🚀 Server running on port 9001"}
{"timestamp":"2026-05-24T23:02:09.620Z","level":"LOG","message":"[dotenv@17.3.1] injecting env (19) from .env -- tip: 🤖 agentic secret storage: https://dotenvx.com/as2"}
{"timestamp":"2026-05-24T23:02:09.935Z","level":"LOG","message":"[dotenv@17.3.1] injecting env (0) from .env -- tip: ⚙️  specify custom .env file path with { path: '/custom/path/.env' }"}
{"timestamp":"2026-05-24T23:02:10.344Z","level":"LOG","message":"[dotenv@17.3.1] injecting env (0) from .env -- tip: 🔐 prevent building .env in docker: https://dotenvx.com/prebuild"}
{"timestamp":"2026-05-24T23:02:10.602Z","level":"LOG","message":"✅ DB Connected"}
{"timestamp":"2026-05-24T23:02:10.673Z","level":"LOG","message":"✅ Tables Synced"}
{"timestamp":"2026-05-24T23:02:10.686Z","level":"LOG","message":"🚀 Server running on port 9001"}
{"timestamp":"2026-05-25T00:10:07.916Z","level":"LOG","message":"[dotenv@17.3.1] injecting env (19) from .env -- tip: 🔐 encrypt with Dotenvx: https://dotenvx.com"}
{"timestamp":"2026-05-25T00:10:08.241Z","level":"LOG","message":"[dotenv@17.3.1] injecting env (0) from .env -- tip: ⚙️  load multiple .env files with { path: ['.env.local', '.env'] }"}
{"timestamp":"2026-05-25T00:10:08.704Z","level":"LOG","message":"[dotenv@17.3.1] injecting env (0) from .env -- tip: ⚙️  enable debug logging with { debug: true }"}
{"timestamp":"2026-05-25T00:10:09.042Z","level":"LOG","message":"✅ DB Connected"}
{"timestamp":"2026-05-25T00:10:09.128Z","level":"LOG","message":"✅ Tables Synced"}
{"timestamp":"2026-05-25T00:10:09.137Z","level":"LOG","message":"🚀 Server running on port 9001"}
{"timestamp":"2026-05-25T00:50:23.503Z","level":"LOG","message":"SMS Response: {\"return\":true,\"request_id\":\"SLHEEBPQA1d2ZhU\",\"message\":[\"SMS sent successfully.\"]}"}
{"timestamp":"2026-05-25T00:50:27.995Z","level":"LOG","message":"SMS DLR (after await):\n{\n  \"success\": true,\n  \"message\": \"DLR found successfully.\",\n  \"data\": [\n    {\n      \"request_id\": \"SLHEEBPQA1d2ZhU\",\n      \"route\": \"dlt\",\n      \"delivery_status\": [\n        {\n          \"sender_id\": \"SHOPHN\",\n          \"mobile\": 7011181221,\n          \"status\": \"Sent\",\n          \"status_description\": \"Delivered successfully\",\n          \"dlr_attempt\": 1,\n          \"sms_language\": \"english\",\n          \"character_count\": 65,\n          \"sms_count\": 1,\n          \"amount_debited\": \"0.2500\",\n          \"sent_timestamp\": 1779670223,\n          \"sent_time\": \"25-05-2026 12:50:23 AM\"\n        }\n      ]\n    }\n  ]\n}"}
{"timestamp":"2026-05-25T00:50:46.334Z","level":"LOG","message":"Decoded user: {\"id\":17,\"phone\":\"7011181221\",\"iat\":1779670245,\"exp\":1780275045}"}
{"timestamp":"2026-05-25T00:50:46.335Z","level":"LOG","message":"REQ USER: {\"id\":17,\"phone\":\"7011181221\",\"iat\":1779670245,\"exp\":1780275045}"}
{"timestamp":"2026-05-25T00:50:46.411Z","level":"LOG","message":"Decoded user: {\"id\":17,\"phone\":\"7011181221\",\"iat\":1779670245,\"exp\":1780275045}"}
{"timestamp":"2026-05-25T00:50:46.411Z","level":"LOG","message":"REQ USER: {\"id\":17,\"phone\":\"7011181221\",\"iat\":1779670245,\"exp\":1780275045}"}
{"timestamp":"2026-05-25T00:51:03.000Z","level":"LOG","message":"Decoded user: {\"id\":17,\"phone\":\"7011181221\",\"iat\":1779670245,\"exp\":1780275045}"}
{"timestamp":"2026-05-25T00:51:03.000Z","level":"LOG","message":"REQ USER: {\"id\":17,\"phone\":\"7011181221\",\"iat\":1779670245,\"exp\":1780275045}"}
{"timestamp":"2026-05-25T00:51:06.991Z","level":"LOG","message":"Decoded user: {\"id\":17,\"phone\":\"7011181221\",\"iat\":1779670245,\"exp\":1780275045}"}
{"timestamp":"2026-05-25T00:51:06.991Z","level":"LOG","message":"REQ USER: {\"id\":17,\"phone\":\"7011181221\",\"iat\":1779670245,\"exp\":1780275045}"}
{"timestamp":"2026-05-25T00:51:23.388Z","level":"LOG","message":"Decoded user: {\"id\":17,\"phone\":\"7011181221\",\"iat\":1779670245,\"exp\":1780275045}"}
{"timestamp":"2026-05-25T00:51:46.569Z","level":"LOG","message":"Decoded user: {\"id\":17,\"phone\":\"7011181221\",\"iat\":1779670245,\"exp\":1780275045}"}
{"timestamp":"2026-05-25T00:51:46.569Z","level":"LOG","message":"REQ USER: {\"id\":17,\"phone\":\"7011181221\",\"iat\":1779670245,\"exp\":1780275045}"}
{"timestamp":"2026-05-25T00:51:56.616Z","level":"LOG","message":"Decoded user: {\"id\":17,\"phone\":\"7011181221\",\"iat\":1779670245,\"exp\":1780275045}"}
{"timestamp":"2026-05-25T00:52:36.067Z","level":"LOG","message":"Decoded user: {\"id\":17,\"phone\":\"7011181221\",\"iat\":1779670245,\"exp\":1780275045}"}
{"timestamp":"2026-05-25T00:52:36.067Z","level":"LOG","message":"REQ USER: {\"id\":17,\"phone\":\"7011181221\",\"iat\":1779670245,\"exp\":1780275045}"}
{"timestamp":"2026-05-25T00:52:54.255Z","level":"LOG","message":"Decoded user: {\"id\":17,\"phone\":\"7011181221\",\"iat\":1779670245,\"exp\":1780275045}"}
{"timestamp":"2026-05-25T00:53:01.975Z","level":"LOG","message":"Decoded user: {\"id\":17,\"phone\":\"7011181221\",\"iat\":1779670245,\"exp\":1780275045}"}
{"timestamp":"2026-05-25T00:53:01.975Z","level":"LOG","message":"REQ USER: {\"id\":17,\"phone\":\"7011181221\",\"iat\":1779670245,\"exp\":1780275045}"}
{"timestamp":"2026-05-25T00:53:12.728Z","level":"LOG","message":"Decoded user: {\"id\":17,\"phone\":\"7011181221\",\"iat\":1779670245,\"exp\":1780275045}"}
{"timestamp":"2026-05-25T00:53:29.186Z","level":"LOG","message":"Decoded user: {\"id\":17,\"phone\":\"7011181221\",\"iat\":1779670245,\"exp\":1780275045}"}
{"timestamp":"2026-05-25T00:53:29.186Z","level":"LOG","message":"REQ USER: {\"id\":17,\"phone\":\"7011181221\",\"iat\":1779670245,\"exp\":1780275045}"}
{"timestamp":"2026-05-25T00:53:43.790Z","level":"LOG","message":"Decoded user: {\"id\":17,\"phone\":\"7011181221\",\"iat\":1779670245,\"exp\":1780275045}"}
{"timestamp":"2026-05-25T00:53:50.745Z","level":"LOG","message":"Decoded user: {\"id\":17,\"phone\":\"7011181221\",\"iat\":1779670245,\"exp\":1780275045}"}
{"timestamp":"2026-05-25T00:53:50.745Z","level":"LOG","message":"REQ USER: {\"id\":17,\"phone\":\"7011181221\",\"iat\":1779670245,\"exp\":1780275045}"}
{"timestamp":"2026-05-25T00:53:56.206Z","level":"LOG","message":"Decoded user: {\"id\":17,\"phone\":\"7011181221\",\"iat\":1779670245,\"exp\":1780275045}"}
{"timestamp":"2026-05-25T00:53:56.206Z","level":"LOG","message":"REQ USER: {\"id\":17,\"phone\":\"7011181221\",\"iat\":1779670245,\"exp\":1780275045}"}
{"timestamp":"2026-05-25T00:53:56.364Z","level":"LOG","message":"Decoded user: {\"id\":17,\"phone\":\"7011181221\",\"iat\":1779670245,\"exp\":1780275045}"}
{"timestamp":"2026-05-25T00:53:56.364Z","level":"LOG","message":"REQ USER: {\"id\":17,\"phone\":\"7011181221\",\"iat\":1779670245,\"exp\":1780275045}"}
{"timestamp":"2026-05-25T00:53:57.465Z","level":"LOG","message":"Decoded user: {\"id\":17,\"phone\":\"7011181221\",\"iat\":1779670245,\"exp\":1780275045}"}
{"timestamp":"2026-05-25T00:53:59.950Z","level":"LOG","message":"Decoded user: {\"id\":17,\"phone\":\"7011181221\",\"iat\":1779670245,\"exp\":1780275045}"}
{"timestamp":"2026-05-25T00:53:59.951Z","level":"LOG","message":"REQ USER: {\"id\":17,\"phone\":\"7011181221\",\"iat\":1779670245,\"exp\":1780275045}"}
{"timestamp":"2026-05-25T01:12:00.096Z","level":"LOG","message":"[dotenv@17.3.1] injecting env (19) from .env -- tip: 🤖 agentic secret storage: https://dotenvx.com/as2"}
{"timestamp":"2026-05-25T01:12:00.454Z","level":"LOG","message":"[dotenv@17.3.1] injecting env (0) from .env -- tip: ⚙️  enable debug logging with { debug: true }"}
{"timestamp":"2026-05-25T01:12:00.909Z","level":"LOG","message":"[dotenv@17.3.1] injecting env (0) from .env -- tip: ⚡️ secrets for agents: https://dotenvx.com/as2"}
{"timestamp":"2026-05-25T01:12:01.279Z","level":"LOG","message":"✅ DB Connected"}
{"timestamp":"2026-05-25T01:12:01.386Z","level":"LOG","message":"✅ Tables Synced"}
{"timestamp":"2026-05-25T01:12:01.400Z","level":"LOG","message":"🚀 Server running on port 9001"}
{"timestamp":"2026-05-25T02:16:03.735Z","level":"LOG","message":"[dotenv@17.3.1] injecting env (19) from .env -- tip: 🤖 agentic secret storage: https://dotenvx.com/as2"}
{"timestamp":"2026-05-25T02:16:04.196Z","level":"LOG","message":"[dotenv@17.3.1] injecting env (0) from .env -- tip: ⚡️ secrets for agents: https://dotenvx.com/as2"}
{"timestamp":"2026-05-25T02:16:04.840Z","level":"LOG","message":"[dotenv@17.3.1] injecting env (0) from .env -- tip: 🔐 encrypt with Dotenvx: https://dotenvx.com"}
{"timestamp":"2026-05-25T02:16:05.251Z","level":"LOG","message":"✅ DB Connected"}
{"timestamp":"2026-05-25T02:16:05.393Z","level":"LOG","message":"✅ Tables Synced"}
{"timestamp":"2026-05-25T02:16:05.408Z","level":"LOG","message":"🚀 Server running on port 9001"}
{"timestamp":"2026-05-25T03:23:55.265Z","level":"LOG","message":"[dotenv@17.3.1] injecting env (19) from .env -- tip: ⚙️  enable debug logging with { debug: true }"}
{"timestamp":"2026-05-25T03:23:55.606Z","level":"LOG","message":"[dotenv@17.3.1] injecting env (0) from .env -- tip: ⚙️  suppress all logs with { quiet: true }"}
{"timestamp":"2026-05-25T03:23:56.009Z","level":"LOG","message":"[dotenv@17.3.1] injecting env (0) from .env -- tip: ⚙️  override existing env vars with { override: true }"}
{"timestamp":"2026-05-25T03:23:56.295Z","level":"LOG","message":"✅ DB Connected"}
{"timestamp":"2026-05-25T03:23:56.372Z","level":"LOG","message":"✅ Tables Synced"}
{"timestamp":"2026-05-25T03:23:56.386Z","level":"LOG","message":"🚀 Server running on port 9001"}
{"timestamp":"2026-05-25T04:34:46.701Z","level":"LOG","message":"[dotenv@17.3.1] injecting env (19) from .env -- tip: ⚙️  enable debug logging with { debug: true }"}
{"timestamp":"2026-05-25T04:34:47.065Z","level":"LOG","message":"[dotenv@17.3.1] injecting env (0) from .env -- tip: ⚙️  write to custom object with { processEnv: myObject }"}
{"timestamp":"2026-05-25T04:34:47.537Z","level":"LOG","message":"[dotenv@17.3.1] injecting env (0) from .env -- tip: ⚙️  override existing env vars with { override: true }"}
{"timestamp":"2026-05-25T04:34:47.889Z","level":"LOG","message":"✅ DB Connected"}
{"timestamp":"2026-05-25T04:34:47.983Z","level":"LOG","message":"✅ Tables Synced"}
{"timestamp":"2026-05-25T04:34:47.994Z","level":"LOG","message":"🚀 Server running on port 9001"}
{"timestamp":"2026-05-25T05:36:04.361Z","level":"LOG","message":"[dotenv@17.3.1] injecting env (19) from .env -- tip: 🤖 agentic secret storage: https://dotenvx.com/as2"}
{"timestamp":"2026-05-25T05:36:04.854Z","level":"LOG","message":"[dotenv@17.3.1] injecting env (0) from .env -- tip: ⚙️  write to custom object with { processEnv: myObject }"}
{"timestamp":"2026-05-25T05:36:05.502Z","level":"LOG","message":"[dotenv@17.3.1] injecting env (0) from .env -- tip: 🔐 prevent building .env in docker: https://dotenvx.com/prebuild"}
{"timestamp":"2026-05-25T05:36:06.054Z","level":"LOG","message":"✅ DB Connected"}
{"timestamp":"2026-05-25T05:36:06.203Z","level":"LOG","message":"✅ Tables Synced"}
{"timestamp":"2026-05-25T05:36:06.218Z","level":"LOG","message":"🚀 Server running on port 9001"}
{"timestamp":"2026-05-25T06:26:10.281Z","level":"LOG","message":"Decoded user: {\"id\":11,\"phone\":\"8447771582\",\"iat\":1779528982,\"exp\":1780133782}"}
{"timestamp":"2026-05-25T06:26:10.282Z","level":"LOG","message":"REQ USER: {\"id\":11,\"phone\":\"8447771582\",\"iat\":1779528982,\"exp\":1780133782}"}
{"timestamp":"2026-05-25T06:26:10.389Z","level":"LOG","message":"Decoded user: {\"id\":11,\"phone\":\"8447771582\",\"iat\":1779528982,\"exp\":1780133782}"}
{"timestamp":"2026-05-25T06:26:10.389Z","level":"LOG","message":"REQ USER: {\"id\":11,\"phone\":\"8447771582\",\"iat\":1779528982,\"exp\":1780133782}"}
{"timestamp":"2026-05-25T06:41:40.148Z","level":"LOG","message":"[dotenv@17.3.1] injecting env (19) from .env -- tip: 🛠️  run anywhere with `dotenvx run -- yourcommand`"}
{"timestamp":"2026-05-25T06:41:40.478Z","level":"LOG","message":"[dotenv@17.3.1] injecting env (0) from .env -- tip: ⚡️ secrets for agents: https://dotenvx.com/as2"}
{"timestamp":"2026-05-25T06:41:40.850Z","level":"LOG","message":"[dotenv@17.3.1] injecting env (0) from .env -- tip: ⚙️  override existing env vars with { override: true }"}
{"timestamp":"2026-05-25T06:41:41.176Z","level":"LOG","message":"✅ DB Connected"}
{"timestamp":"2026-05-25T06:41:41.253Z","level":"LOG","message":"✅ Tables Synced"}
{"timestamp":"2026-05-25T06:41:41.263Z","level":"LOG","message":"🚀 Server running on port 9001"}
{"timestamp":"2026-05-25T06:41:49.886Z","level":"LOG","message":"Decoded user: {\"id\":11,\"phone\":\"8447771582\",\"iat\":1779528982,\"exp\":1780133782}"}
{"timestamp":"2026-05-25T06:41:49.928Z","level":"LOG","message":"Decoded user: {\"id\":11,\"phone\":\"8447771582\",\"iat\":1779528982,\"exp\":1780133782}"}
{"timestamp":"2026-05-25T06:41:49.967Z","level":"LOG","message":"Decoded user: {\"id\":11,\"phone\":\"8447771582\",\"iat\":1779528982,\"exp\":1780133782}"}
{"timestamp":"2026-05-25T06:41:50.011Z","level":"LOG","message":"Decoded user: {\"id\":11,\"phone\":\"8447771582\",\"iat\":1779528982,\"exp\":1780133782}"}
{"timestamp":"2026-05-25T06:42:24.520Z","level":"LOG","message":"[dotenv@17.3.1] injecting env (19) from .env -- tip: ⚙️  override existing env vars with { override: true }"}
{"timestamp":"2026-05-25T06:42:24.841Z","level":"LOG","message":"[dotenv@17.3.1] injecting env (0) from .env -- tip: 🔐 prevent committing .env to code: https://dotenvx.com/precommit"}
{"timestamp":"2026-05-25T06:42:25.450Z","level":"LOG","message":"[dotenv@17.3.1] injecting env (19) from .env -- tip: 🛠️  run anywhere with `dotenvx run -- yourcommand`"}
{"timestamp":"2026-05-25T06:42:25.738Z","level":"LOG","message":"[dotenv@17.3.1] injecting env (0) from .env -- tip: ⚡️ secrets for agents: https://dotenvx.com/as2"}
{"timestamp":"2026-05-25T06:42:26.122Z","level":"LOG","message":"[dotenv@17.3.1] injecting env (0) from .env -- tip: ⚙️  override existing env vars with { override: true }"}
{"timestamp":"2026-05-25T06:42:26.449Z","level":"LOG","message":"✅ DB Connected"}
{"timestamp":"2026-05-25T06:42:26.547Z","level":"LOG","message":"✅ Tables Synced"}
{"timestamp":"2026-05-25T06:42:26.560Z","level":"LOG","message":"🚀 Server running on port 9001"}
{"timestamp":"2026-05-25T06:42:26.648Z","level":"LOG","message":"Decoded user: {\"id\":11,\"phone\":\"8447771582\",\"iat\":1779528982,\"exp\":1780133782}"}
{"timestamp":"2026-05-25T06:42:26.738Z","level":"LOG","message":"Decoded user: {\"id\":11,\"phone\":\"8447771582\",\"iat\":1779528982,\"exp\":1780133782}"}
{"timestamp":"2026-05-25T06:42:26.965Z","level":"LOG","message":"Decoded user: {\"id\":11,\"phone\":\"8447771582\",\"iat\":1779528982,\"exp\":1780133782}"}
{"timestamp":"2026-05-25T06:42:26.966Z","level":"LOG","message":"REQ USER: {\"id\":11,\"phone\":\"8447771582\",\"iat\":1779528982,\"exp\":1780133782}"}
{"timestamp":"2026-05-25T06:42:26.970Z","level":"LOG","message":"Decoded user: {\"id\":11,\"phone\":\"8447771582\",\"iat\":1779528982,\"exp\":1780133782}"}
{"timestamp":"2026-05-25T06:42:28.723Z","level":"LOG","message":"Decoded user: {\"id\":11,\"phone\":\"8447771582\",\"iat\":1779528982,\"exp\":1780133782}"}
{"timestamp":"2026-05-25T06:42:28.760Z","level":"LOG","message":"Decoded user: {\"id\":11,\"phone\":\"8447771582\",\"iat\":1779528982,\"exp\":1780133782}"}
{"timestamp":"2026-05-25T06:42:48.934Z","level":"LOG","message":"Decoded user: {\"id\":11,\"phone\":\"8447771582\",\"iat\":1779528982,\"exp\":1780133782}"}
{"timestamp":"2026-05-25T06:42:53.175Z","level":"LOG","message":"Decoded user: {\"id\":11,\"phone\":\"8447771582\",\"iat\":1779528982,\"exp\":1780133782}"}
{"timestamp":"2026-05-25T06:42:53.266Z","level":"LOG","message":"Decoded user: {\"id\":11,\"phone\":\"8447771582\",\"iat\":1779528982,\"exp\":1780133782}"}
{"timestamp":"2026-05-25T06:42:53.470Z","level":"LOG","message":"Decoded user: {\"id\":11,\"phone\":\"8447771582\",\"iat\":1779528982,\"exp\":1780133782}"}
{"timestamp":"2026-05-25T06:42:53.471Z","level":"LOG","message":"REQ USER: {\"id\":11,\"phone\":\"8447771582\",\"iat\":1779528982,\"exp\":1780133782}"}
{"timestamp":"2026-05-25T06:51:38.927Z","level":"LOG","message":"[dotenv@17.3.1] injecting env (19) from .env -- tip: 🛡️ auth for agents: https://vestauth.com"}
{"timestamp":"2026-05-25T06:51:39.291Z","level":"LOG","message":"[dotenv@17.3.1] injecting env (0) from .env -- tip: 🛠️  run anywhere with `dotenvx run -- yourcommand`"}
{"timestamp":"2026-05-25T06:51:39.756Z","level":"LOG","message":"[dotenv@17.3.1] injecting env (0) from .env -- tip: 🛠️  run anywhere with `dotenvx run -- yourcommand`"}
{"timestamp":"2026-05-25T06:51:40.119Z","level":"LOG","message":"✅ DB Connected"}
{"timestamp":"2026-05-25T06:51:40.224Z","level":"LOG","message":"✅ Tables Synced"}
{"timestamp":"2026-05-25T06:51:40.238Z","level":"LOG","message":"🚀 Server running on port 9001"}
{"timestamp":"2026-05-25T06:53:40.596Z","level":"LOG","message":"[dotenv@17.3.1] injecting env (19) from .env -- tip: 🔐 prevent committing .env to code: https://dotenvx.com/precommit"}
{"timestamp":"2026-05-25T06:53:40.830Z","level":"LOG","message":"[dotenv@17.3.1] injecting env (0) from .env -- tip: ⚙️  enable debug logging with { debug: true }"}
{"timestamp":"2026-05-25T06:53:41.178Z","level":"LOG","message":"[dotenv@17.3.1] injecting env (0) from .env -- tip: ⚡️ secrets for agents: https://dotenvx.com/as2"}
{"timestamp":"2026-05-25T06:53:41.468Z","level":"LOG","message":"✅ DB Connected"}
{"timestamp":"2026-05-25T06:53:42.042Z","level":"LOG","message":"✅ Tables Synced"}
{"timestamp":"2026-05-25T06:53:42.051Z","level":"LOG","message":"🚀 Server running on port 9001"}
{"timestamp":"2026-05-25T07:35:02.242Z","level":"LOG","message":"[dotenv@17.3.1] injecting env (19) from .env -- tip: 🛡️ auth for agents: https://vestauth.com"}
{"timestamp":"2026-05-25T07:35:02.587Z","level":"LOG","message":"[dotenv@17.3.1] injecting env (0) from .env -- tip: ⚙️  specify custom .env file path with { path: '/custom/path/.env' }"}
{"timestamp":"2026-05-25T07:35:02.979Z","level":"LOG","message":"[dotenv@17.3.1] injecting env (0) from .env -- tip: ⚡️ secrets for agents: https://dotenvx.com/as2"}
{"timestamp":"2026-05-25T07:35:03.357Z","level":"LOG","message":"✅ DB Connected"}
{"timestamp":"2026-05-25T07:35:03.511Z","level":"LOG","message":"✅ Tables Synced"}
{"timestamp":"2026-05-25T07:35:03.529Z","level":"LOG","message":"🚀 Server running on port 9001"}
{"timestamp":"2026-05-25T08:40:57.059Z","level":"LOG","message":"[dotenv@17.3.1] injecting env (19) from .env -- tip: 🛠️  run anywhere with `dotenvx run -- yourcommand`"}
{"timestamp":"2026-05-25T08:40:57.305Z","level":"LOG","message":"[dotenv@17.3.1] injecting env (0) from .env -- tip: 🔐 prevent building .env in docker: https://dotenvx.com/prebuild"}
{"timestamp":"2026-05-25T08:40:57.604Z","level":"LOG","message":"[dotenv@17.3.1] injecting env (0) from .env -- tip: ⚡️ secrets for agents: https://dotenvx.com/as2"}
{"timestamp":"2026-05-25T08:40:57.835Z","level":"LOG","message":"✅ DB Connected"}
{"timestamp":"2026-05-25T08:40:57.914Z","level":"LOG","message":"✅ Tables Synced"}
{"timestamp":"2026-05-25T08:40:57.923Z","level":"LOG","message":"🚀 Server running on port 9001"}
{"timestamp":"2026-05-25T09:18:30.490Z","level":"LOG","message":"Decoded user: {\"id\":11,\"phone\":\"8447771582\",\"iat\":1779528982,\"exp\":1780133782}"}
{"timestamp":"2026-05-25T09:18:30.555Z","level":"LOG","message":"Decoded user: {\"id\":11,\"phone\":\"8447771582\",\"iat\":1779528982,\"exp\":1780133782}"}
{"timestamp":"2026-05-25T09:18:30.742Z","level":"LOG","message":"Decoded user: {\"id\":11,\"phone\":\"8447771582\",\"iat\":1779528982,\"exp\":1780133782}"}
{"timestamp":"2026-05-25T09:18:30.743Z","level":"LOG","message":"REQ USER: {\"id\":11,\"phone\":\"8447771582\",\"iat\":1779528982,\"exp\":1780133782}"}
{"timestamp":"2026-05-25T09:42:46.424Z","level":"LOG","message":"[dotenv@17.3.1] injecting env (19) from .env -- tip: ⚡️ secrets for agents: https://dotenvx.com/as2"}
{"timestamp":"2026-05-25T09:42:46.721Z","level":"LOG","message":"[dotenv@17.3.1] injecting env (0) from .env -- tip: 🔐 prevent building .env in docker: https://dotenvx.com/prebuild"}
{"timestamp":"2026-05-25T09:42:47.108Z","level":"LOG","message":"[dotenv@17.3.1] injecting env (0) from .env -- tip: ⚡️ secrets for agents: https://dotenvx.com/as2"}
{"timestamp":"2026-05-25T09:42:47.380Z","level":"LOG","message":"✅ DB Connected"}
{"timestamp":"2026-05-25T09:42:47.446Z","level":"LOG","message":"✅ Tables Synced"}
{"timestamp":"2026-05-25T09:42:47.459Z","level":"LOG","message":"🚀 Server running on port 9001"}
{"timestamp":"2026-05-25T10:16:17.879Z","level":"LOG","message":"Decoded user: {\"id\":11,\"phone\":\"8447771582\",\"iat\":1779528982,\"exp\":1780133782}"}
{"timestamp":"2026-05-25T10:16:17.931Z","level":"LOG","message":"Decoded user: {\"id\":11,\"phone\":\"8447771582\",\"iat\":1779528982,\"exp\":1780133782}"}
{"timestamp":"2026-05-25T10:16:18.050Z","level":"LOG","message":"Decoded user: {\"id\":11,\"phone\":\"8447771582\",\"iat\":1779528982,\"exp\":1780133782}"}
{"timestamp":"2026-05-25T10:16:18.051Z","level":"LOG","message":"REQ USER: {\"id\":11,\"phone\":\"8447771582\",\"iat\":1779528982,\"exp\":1780133782}"}
{"timestamp":"2026-05-25T10:16:18.911Z","level":"LOG","message":"Decoded user: {\"id\":11,\"phone\":\"8447771582\",\"iat\":1779528982,\"exp\":1780133782}"}
{"timestamp":"2026-05-25T10:16:18.911Z","level":"LOG","message":"REQ USER: {\"id\":11,\"phone\":\"8447771582\",\"iat\":1779528982,\"exp\":1780133782}"}
{"timestamp":"2026-05-25T10:16:18.972Z","level":"LOG","message":"Decoded user: {\"id\":11,\"phone\":\"8447771582\",\"iat\":1779528982,\"exp\":1780133782}"}
{"timestamp":"2026-05-25T10:16:18.972Z","level":"LOG","message":"REQ USER: {\"id\":11,\"phone\":\"8447771582\",\"iat\":1779528982,\"exp\":1780133782}"}
{"timestamp":"2026-05-25T10:43:07.714Z","level":"LOG","message":"[dotenv@17.3.1] injecting env (19) from .env -- tip: 🤖 agentic secret storage: https://dotenvx.com/as2"}
{"timestamp":"2026-05-25T10:43:08.152Z","level":"LOG","message":"[dotenv@17.3.1] injecting env (0) from .env -- tip: ⚙️  suppress all logs with { quiet: true }"}
{"timestamp":"2026-05-25T10:43:08.719Z","level":"LOG","message":"[dotenv@17.3.1] injecting env (0) from .env -- tip: 🔐 prevent building .env in docker: https://dotenvx.com/prebuild"}
{"timestamp":"2026-05-25T10:43:09.242Z","level":"LOG","message":"✅ DB Connected"}
{"timestamp":"2026-05-25T10:43:09.406Z","level":"LOG","message":"✅ Tables Synced"}
{"timestamp":"2026-05-25T10:43:09.421Z","level":"LOG","message":"🚀 Server running on port 9001"}
{"timestamp":"2026-05-25T11:44:50.510Z","level":"LOG","message":"[dotenv@17.3.1] injecting env (19) from .env -- tip: ⚙️  write to custom object with { processEnv: myObject }"}
{"timestamp":"2026-05-25T11:44:50.844Z","level":"LOG","message":"[dotenv@17.3.1] injecting env (0) from .env -- tip: 🤖 agentic secret storage: https://dotenvx.com/as2"}
{"timestamp":"2026-05-25T11:44:51.468Z","level":"LOG","message":"[dotenv@17.3.1] injecting env (0) from .env -- tip: ⚙️  write to custom object with { processEnv: myObject }"}
{"timestamp":"2026-05-25T11:44:51.895Z","level":"LOG","message":"✅ DB Connected"}
{"timestamp":"2026-05-25T11:44:51.995Z","level":"LOG","message":"✅ Tables Synced"}
{"timestamp":"2026-05-25T11:44:52.009Z","level":"LOG","message":"🚀 Server running on port 9001"}
{"timestamp":"2026-05-25T12:30:28.340Z","level":"LOG","message":"[dotenv@17.3.1] injecting env (19) from .env -- tip: ⚙️  suppress all logs with { quiet: true }"}
{"timestamp":"2026-05-25T12:30:28.748Z","level":"LOG","message":"[dotenv@17.3.1] injecting env (0) from .env -- tip: 🔐 prevent building .env in docker: https://dotenvx.com/prebuild"}
{"timestamp":"2026-05-25T12:30:29.500Z","level":"LOG","message":"[dotenv@17.3.1] injecting env (19) from .env -- tip: ⚙️  suppress all logs with { quiet: true }"}
{"timestamp":"2026-05-25T12:30:29.809Z","level":"LOG","message":"[dotenv@17.3.1] injecting env (0) from .env -- tip: 🔐 prevent building .env in docker: https://dotenvx.com/prebuild"}
{"timestamp":"2026-05-25T12:30:30.307Z","level":"LOG","message":"[dotenv@17.3.1] injecting env (0) from .env -- tip: ⚙️  suppress all logs with { quiet: true }"}
{"timestamp":"2026-05-25T12:30:30.759Z","level":"LOG","message":"✅ DB Connected"}
{"timestamp":"2026-05-25T12:30:30.896Z","level":"LOG","message":"✅ Tables Synced"}
{"timestamp":"2026-05-25T12:30:30.913Z","level":"LOG","message":"🚀 Server running on port 9001"}
{"timestamp":"2026-05-25T12:30:31.248Z","level":"LOG","message":"Decoded user: {\"id\":11,\"phone\":\"8447771582\",\"iat\":1779528982,\"exp\":1780133782}"}
{"timestamp":"2026-05-25T12:30:31.248Z","level":"LOG","message":"REQ USER: {\"id\":11,\"phone\":\"8447771582\",\"iat\":1779528982,\"exp\":1780133782}"}
{"timestamp":"2026-05-25T12:30:31.615Z","level":"LOG","message":"Decoded user: {\"id\":11,\"phone\":\"8447771582\",\"iat\":1779528982,\"exp\":1780133782}"}
{"timestamp":"2026-05-25T12:30:31.616Z","level":"LOG","message":"REQ USER: {\"id\":11,\"phone\":\"8447771582\",\"iat\":1779528982,\"exp\":1780133782}"}
{"timestamp":"2026-05-25T12:30:33.557Z","level":"LOG","message":"Decoded user: {\"id\":11,\"phone\":\"8447771582\",\"iat\":1779528982,\"exp\":1780133782}"}
{"timestamp":"2026-05-25T12:30:33.601Z","level":"LOG","message":"Decoded user: {\"id\":11,\"phone\":\"8447771582\",\"iat\":1779528982,\"exp\":1780133782}"}
{"timestamp":"2026-05-25T12:30:33.645Z","level":"LOG","message":"Decoded user: {\"id\":11,\"phone\":\"8447771582\",\"iat\":1779528982,\"exp\":1780133782}"}
{"timestamp":"2026-05-25T12:30:33.703Z","level":"LOG","message":"Decoded user: {\"id\":11,\"phone\":\"8447771582\",\"iat\":1779528982,\"exp\":1780133782}"}
{"timestamp":"2026-05-25T12:30:47.313Z","level":"LOG","message":"Decoded user: {\"id\":11,\"phone\":\"8447771582\",\"iat\":1779528982,\"exp\":1780133782}"}
{"timestamp":"2026-05-25T12:30:50.190Z","level":"LOG","message":"Decoded user: {\"id\":11,\"phone\":\"8447771582\",\"iat\":1779528982,\"exp\":1780133782}"}
{"timestamp":"2026-05-25T12:30:50.259Z","level":"LOG","message":"Decoded user: {\"id\":11,\"phone\":\"8447771582\",\"iat\":1779528982,\"exp\":1780133782}"}
{"timestamp":"2026-05-25T12:30:50.492Z","level":"LOG","message":"Decoded user: {\"id\":11,\"phone\":\"8447771582\",\"iat\":1779528982,\"exp\":1780133782}"}
{"timestamp":"2026-05-25T12:30:50.492Z","level":"LOG","message":"REQ USER: {\"id\":11,\"phone\":\"8447771582\",\"iat\":1779528982,\"exp\":1780133782}"}
{"timestamp":"2026-05-25T12:33:14.097Z","level":"LOG","message":"Decoded user: {\"id\":11,\"phone\":\"8447771582\",\"iat\":1779528982,\"exp\":1780133782}"}
{"timestamp":"2026-05-25T12:33:14.156Z","level":"LOG","message":"Decoded user: {\"id\":11,\"phone\":\"8447771582\",\"iat\":1779528982,\"exp\":1780133782}"}
{"timestamp":"2026-05-25T12:33:14.319Z","level":"LOG","message":"Decoded user: {\"id\":11,\"phone\":\"8447771582\",\"iat\":1779528982,\"exp\":1780133782}"}
{"timestamp":"2026-05-25T12:33:14.319Z","level":"LOG","message":"REQ USER: {\"id\":11,\"phone\":\"8447771582\",\"iat\":1779528982,\"exp\":1780133782}"}
{"timestamp":"2026-05-25T12:35:18.378Z","level":"LOG","message":"Decoded user: {\"id\":11,\"phone\":\"8447771582\",\"iat\":1779528982,\"exp\":1780133782}"}
{"timestamp":"2026-05-25T12:35:18.450Z","level":"LOG","message":"Decoded user: {\"id\":11,\"phone\":\"8447771582\",\"iat\":1779528982,\"exp\":1780133782}"}
{"timestamp":"2026-05-25T12:35:18.682Z","level":"LOG","message":"Decoded user: {\"id\":11,\"phone\":\"8447771582\",\"iat\":1779528982,\"exp\":1780133782}"}
{"timestamp":"2026-05-25T12:35:18.682Z","level":"LOG","message":"REQ USER: {\"id\":11,\"phone\":\"8447771582\",\"iat\":1779528982,\"exp\":1780133782}"}
{"timestamp":"2026-05-25T12:35:52.026Z","level":"LOG","message":"Decoded user: {\"id\":11,\"phone\":\"8447771582\",\"iat\":1779528982,\"exp\":1780133782}"}
{"timestamp":"2026-05-25T12:35:53.577Z","level":"LOG","message":"Decoded user: {\"id\":11,\"phone\":\"8447771582\",\"iat\":1779528982,\"exp\":1780133782}"}
{"timestamp":"2026-05-25T12:35:53.625Z","level":"LOG","message":"Decoded user: {\"id\":11,\"phone\":\"8447771582\",\"iat\":1779528982,\"exp\":1780133782}"}
{"timestamp":"2026-05-25T12:35:53.839Z","level":"LOG","message":"Decoded user: {\"id\":11,\"phone\":\"8447771582\",\"iat\":1779528982,\"exp\":1780133782}"}
{"timestamp":"2026-05-25T12:35:53.839Z","level":"LOG","message":"REQ USER: {\"id\":11,\"phone\":\"8447771582\",\"iat\":1779528982,\"exp\":1780133782}"}
{"timestamp":"2026-05-25T12:36:21.682Z","level":"LOG","message":"Decoded user: {\"id\":11,\"phone\":\"8447771582\",\"iat\":1779528982,\"exp\":1780133782}"}
{"timestamp":"2026-05-25T12:36:21.682Z","level":"LOG","message":"REQ USER: {\"id\":11,\"phone\":\"8447771582\",\"iat\":1779528982,\"exp\":1780133782}"}
{"timestamp":"2026-05-25T12:36:21.756Z","level":"LOG","message":"Decoded user: {\"id\":11,\"phone\":\"8447771582\",\"iat\":1779528982,\"exp\":1780133782}"}
{"timestamp":"2026-05-25T12:36:21.756Z","level":"LOG","message":"REQ USER: {\"id\":11,\"phone\":\"8447771582\",\"iat\":1779528982,\"exp\":1780133782}"}
{"timestamp":"2026-05-25T12:36:22.926Z","level":"LOG","message":"Decoded user: {\"id\":11,\"phone\":\"8447771582\",\"iat\":1779528982,\"exp\":1780133782}"}
{"timestamp":"2026-05-25T12:36:23.047Z","level":"LOG","message":"Decoded user: {\"id\":11,\"phone\":\"8447771582\",\"iat\":1779528982,\"exp\":1780133782}"}
{"timestamp":"2026-05-25T12:44:23.546Z","level":"LOG","message":"Decoded user: {\"id\":11,\"phone\":\"8447771582\",\"iat\":1779528982,\"exp\":1780133782}"}
{"timestamp":"2026-05-25T12:44:23.881Z","level":"LOG","message":"Decoded user: {\"id\":11,\"phone\":\"8447771582\",\"iat\":1779528982,\"exp\":1780133782}"}
{"timestamp":"2026-05-25T12:44:23.881Z","level":"LOG","message":"REQ USER: {\"id\":11,\"phone\":\"8447771582\",\"iat\":1779528982,\"exp\":1780133782}"}
{"timestamp":"2026-05-25T12:46:16.850Z","level":"LOG","message":"Decoded user: {\"id\":11,\"phone\":\"8447771582\",\"iat\":1779528982,\"exp\":1780133782}"}
{"timestamp":"2026-05-25T12:46:16.894Z","level":"LOG","message":"Decoded user: {\"id\":11,\"phone\":\"8447771582\",\"iat\":1779528982,\"exp\":1780133782}"}
{"timestamp":"2026-05-25T12:46:16.935Z","level":"LOG","message":"Decoded user: {\"id\":11,\"phone\":\"8447771582\",\"iat\":1779528982,\"exp\":1780133782}"}
{"timestamp":"2026-05-25T12:46:16.971Z","level":"LOG","message":"Decoded user: {\"id\":11,\"phone\":\"8447771582\",\"iat\":1779528982,\"exp\":1780133782}"}
{"timestamp":"2026-05-25T12:46:19.802Z","level":"LOG","message":"Decoded user: {\"id\":11,\"phone\":\"8447771582\",\"iat\":1779528982,\"exp\":1780133782}"}
{"timestamp":"2026-05-25T12:46:19.802Z","level":"LOG","message":"REQ USER: {\"id\":11,\"phone\":\"8447771582\",\"iat\":1779528982,\"exp\":1780133782}"}
{"timestamp":"2026-05-25T12:46:20.729Z","level":"LOG","message":"Decoded user: {\"id\":11,\"phone\":\"8447771582\",\"iat\":1779528982,\"exp\":1780133782}"}
{"timestamp":"2026-05-25T12:46:20.775Z","level":"LOG","message":"Decoded user: {\"id\":11,\"phone\":\"8447771582\",\"iat\":1779528982,\"exp\":1780133782}"}
{"timestamp":"2026-05-25T12:46:29.149Z","level":"LOG","message":"Decoded user: {\"id\":11,\"phone\":\"8447771582\",\"iat\":1779528982,\"exp\":1780133782}"}
{"timestamp":"2026-05-25T12:46:29.149Z","level":"LOG","message":"REQ USER: {\"id\":11,\"phone\":\"8447771582\",\"iat\":1779528982,\"exp\":1780133782}"}
{"timestamp":"2026-05-25T12:46:29.204Z","level":"LOG","message":"Decoded user: {\"id\":11,\"phone\":\"8447771582\",\"iat\":1779528982,\"exp\":1780133782}"}
{"timestamp":"2026-05-25T12:46:29.204Z","level":"LOG","message":"REQ USER: {\"id\":11,\"phone\":\"8447771582\",\"iat\":1779528982,\"exp\":1780133782}"}
{"timestamp":"2026-05-25T12:46:44.957Z","level":"LOG","message":"Decoded user: {\"id\":11,\"phone\":\"8447771582\",\"iat\":1779528982,\"exp\":1780133782}"}
{"timestamp":"2026-05-25T12:46:44.957Z","level":"LOG","message":"REQ USER: {\"id\":11,\"phone\":\"8447771582\",\"iat\":1779528982,\"exp\":1780133782}"}
{"timestamp":"2026-05-25T12:46:45.015Z","level":"LOG","message":"Decoded user: {\"id\":11,\"phone\":\"8447771582\",\"iat\":1779528982,\"exp\":1780133782}"}
{"timestamp":"2026-05-25T12:46:45.015Z","level":"LOG","message":"REQ USER: {\"id\":11,\"phone\":\"8447771582\",\"iat\":1779528982,\"exp\":1780133782}"}
{"timestamp":"2026-05-25T12:46:57.288Z","level":"LOG","message":"Decoded user: {\"id\":11,\"phone\":\"8447771582\",\"iat\":1779528982,\"exp\":1780133782}"}
{"timestamp":"2026-05-25T12:46:57.288Z","level":"LOG","message":"REQ USER: {\"id\":11,\"phone\":\"8447771582\",\"iat\":1779528982,\"exp\":1780133782}"}
{"timestamp":"2026-05-25T12:46:57.343Z","level":"LOG","message":"Decoded user: {\"id\":11,\"phone\":\"8447771582\",\"iat\":1779528982,\"exp\":1780133782}"}
{"timestamp":"2026-05-25T12:46:57.344Z","level":"LOG","message":"REQ USER: {\"id\":11,\"phone\":\"8447771582\",\"iat\":1779528982,\"exp\":1780133782}"}
{"timestamp":"2026-05-25T12:53:23.842Z","level":"LOG","message":"Decoded user: {\"id\":11,\"phone\":\"8447771582\",\"iat\":1779528982,\"exp\":1780133782}"}
{"timestamp":"2026-05-25T12:53:23.842Z","level":"LOG","message":"REQ USER: {\"id\":11,\"phone\":\"8447771582\",\"iat\":1779528982,\"exp\":1780133782}"}
{"timestamp":"2026-05-25T12:53:23.923Z","level":"LOG","message":"Decoded user: {\"id\":11,\"phone\":\"8447771582\",\"iat\":1779528982,\"exp\":1780133782}"}
{"timestamp":"2026-05-25T12:53:23.923Z","level":"LOG","message":"REQ USER: {\"id\":11,\"phone\":\"8447771582\",\"iat\":1779528982,\"exp\":1780133782}"}
{"timestamp":"2026-05-25T12:53:25.815Z","level":"LOG","message":"Decoded user: {\"id\":11,\"phone\":\"8447771582\",\"iat\":1779528982,\"exp\":1780133782}"}
{"timestamp":"2026-05-25T12:53:25.815Z","level":"LOG","message":"REQ USER: {\"id\":11,\"phone\":\"8447771582\",\"iat\":1779528982,\"exp\":1780133782}"}
{"timestamp":"2026-05-25T12:53:25.862Z","level":"LOG","message":"Decoded user: {\"id\":11,\"phone\":\"8447771582\",\"iat\":1779528982,\"exp\":1780133782}"}
{"timestamp":"2026-05-25T12:53:25.862Z","level":"LOG","message":"REQ USER: {\"id\":11,\"phone\":\"8447771582\",\"iat\":1779528982,\"exp\":1780133782}"}
{"timestamp":"2026-05-25T13:00:40.369Z","level":"LOG","message":"Decoded user: {\"id\":11,\"phone\":\"8447771582\",\"iat\":1779528982,\"exp\":1780133782}"}
{"timestamp":"2026-05-25T13:00:40.370Z","level":"LOG","message":"REQ USER: {\"id\":11,\"phone\":\"8447771582\",\"iat\":1779528982,\"exp\":1780133782}"}
{"timestamp":"2026-05-25T13:00:40.452Z","level":"LOG","message":"Decoded user: {\"id\":11,\"phone\":\"8447771582\",\"iat\":1779528982,\"exp\":1780133782}"}
{"timestamp":"2026-05-25T13:00:40.452Z","level":"LOG","message":"REQ USER: {\"id\":11,\"phone\":\"8447771582\",\"iat\":1779528982,\"exp\":1780133782}"}
{"timestamp":"2026-05-25T13:01:07.203Z","level":"LOG","message":"Decoded user: {\"id\":11,\"phone\":\"8447771582\",\"iat\":1779528982,\"exp\":1780133782}"}
{"timestamp":"2026-05-25T13:01:07.203Z","level":"LOG","message":"REQ USER: {\"id\":11,\"phone\":\"8447771582\",\"iat\":1779528982,\"exp\":1780133782}"}
{"timestamp":"2026-05-25T13:01:07.259Z","level":"LOG","message":"Decoded user: {\"id\":11,\"phone\":\"8447771582\",\"iat\":1779528982,\"exp\":1780133782}"}
{"timestamp":"2026-05-25T13:01:07.259Z","level":"LOG","message":"REQ USER: {\"id\":11,\"phone\":\"8447771582\",\"iat\":1779528982,\"exp\":1780133782}"}
{"timestamp":"2026-05-25T13:25:42.591Z","level":"LOG","message":"Decoded user: {\"id\":11,\"phone\":\"8447771582\",\"iat\":1779528982,\"exp\":1780133782}"}
{"timestamp":"2026-05-25T13:25:42.591Z","level":"LOG","message":"REQ USER: {\"id\":11,\"phone\":\"8447771582\",\"iat\":1779528982,\"exp\":1780133782}"}
{"timestamp":"2026-05-25T13:25:42.814Z","level":"LOG","message":"Decoded user: {\"id\":11,\"phone\":\"8447771582\",\"iat\":1779528982,\"exp\":1780133782}"}
{"timestamp":"2026-05-25T13:25:42.814Z","level":"LOG","message":"REQ USER: {\"id\":11,\"phone\":\"8447771582\",\"iat\":1779528982,\"exp\":1780133782}"}
{"timestamp":"2026-05-25T13:27:35.494Z","level":"LOG","message":"Decoded user: {\"id\":2,\"phone\":\"9935146914\",\"iat\":1779535206,\"exp\":1780140006}"}
{"timestamp":"2026-05-25T13:27:35.494Z","level":"LOG","message":"REQ USER: {\"id\":2,\"phone\":\"9935146914\",\"iat\":1779535206,\"exp\":1780140006}"}
{"timestamp":"2026-05-25T13:27:35.956Z","level":"LOG","message":"Decoded user: {\"id\":2,\"phone\":\"9935146914\",\"iat\":1779535206,\"exp\":1780140006}"}
{"timestamp":"2026-05-25T13:27:35.956Z","level":"LOG","message":"REQ USER: {\"id\":2,\"phone\":\"9935146914\",\"iat\":1779535206,\"exp\":1780140006}"}
{"timestamp":"2026-05-25T13:27:37.359Z","level":"LOG","message":"Decoded user: {\"id\":2,\"phone\":\"9935146914\",\"iat\":1779535206,\"exp\":1780140006}"}
{"timestamp":"2026-05-25T13:27:37.359Z","level":"LOG","message":"REQ USER: {\"id\":2,\"phone\":\"9935146914\",\"iat\":1779535206,\"exp\":1780140006}"}
{"timestamp":"2026-05-25T13:27:38.058Z","level":"LOG","message":"Decoded user: {\"id\":2,\"phone\":\"9935146914\",\"iat\":1779535206,\"exp\":1780140006}"}
{"timestamp":"2026-05-25T13:27:38.058Z","level":"LOG","message":"REQ USER: {\"id\":2,\"phone\":\"9935146914\",\"iat\":1779535206,\"exp\":1780140006}"}
{"timestamp":"2026-05-25T13:29:11.294Z","level":"LOG","message":"[dotenv@17.3.1] injecting env (19) from .env -- tip: ⚙️  enable debug logging with { debug: true }"}
{"timestamp":"2026-05-25T13:29:11.831Z","level":"LOG","message":"[dotenv@17.3.1] injecting env (0) from .env -- tip: ⚙️  write to custom object with { processEnv: myObject }"}
{"timestamp":"2026-05-25T13:29:12.504Z","level":"LOG","message":"[dotenv@17.3.1] injecting env (0) from .env -- tip: ⚙️  specify custom .env file path with { path: '/custom/path/.env' }"}
{"timestamp":"2026-05-25T13:29:12.997Z","level":"LOG","message":"✅ DB Connected"}
{"timestamp":"2026-05-25T13:29:13.156Z","level":"LOG","message":"✅ Tables Synced"}
{"timestamp":"2026-05-25T13:29:13.168Z","level":"LOG","message":"🚀 Server running on port 9001"}
{"timestamp":"2026-05-25T13:29:17.468Z","level":"LOG","message":"Decoded user: {\"id\":2,\"phone\":\"9935146914\",\"iat\":1779535206,\"exp\":1780140006}"}
{"timestamp":"2026-05-25T13:29:17.564Z","level":"LOG","message":"Decoded user: {\"id\":2,\"phone\":\"9935146914\",\"iat\":1779535206,\"exp\":1780140006}"}
{"timestamp":"2026-05-25T13:29:18.804Z","level":"LOG","message":"Decoded user: {\"id\":2,\"phone\":\"9935146914\",\"iat\":1779535206,\"exp\":1780140006}"}
{"timestamp":"2026-05-25T13:29:24.120Z","level":"LOG","message":"Decoded user: {\"id\":2,\"phone\":\"9935146914\",\"iat\":1779535206,\"exp\":1780140006}"}
{"timestamp":"2026-05-25T13:29:24.120Z","level":"LOG","message":"REQ USER: {\"id\":2,\"phone\":\"9935146914\",\"iat\":1779535206,\"exp\":1780140006}"}
{"timestamp":"2026-05-25T13:29:27.835Z","level":"LOG","message":"Decoded user: {\"id\":2,\"phone\":\"9935146914\",\"iat\":1779535206,\"exp\":1780140006}"}
{"timestamp":"2026-05-25T13:29:29.257Z","level":"LOG","message":"Decoded user: {\"id\":2,\"phone\":\"9935146914\",\"iat\":1779535206,\"exp\":1780140006}"}
{"timestamp":"2026-05-25T13:29:46.465Z","level":"LOG","message":"[dotenv@17.3.1] injecting env (19) from .env -- tip: 🤖 agentic secret storage: https://dotenvx.com/as2"}
{"timestamp":"2026-05-25T13:29:46.883Z","level":"LOG","message":"[dotenv@17.3.1] injecting env (0) from .env -- tip: 🛠️  run anywhere with `dotenvx run -- yourcommand`"}
{"timestamp":"2026-05-25T13:29:47.408Z","level":"LOG","message":"[dotenv@17.3.1] injecting env (0) from .env -- tip: 🤖 agentic secret storage: https://dotenvx.com/as2"}
{"timestamp":"2026-05-25T13:29:47.830Z","level":"LOG","message":"✅ DB Connected"}
{"timestamp":"2026-05-25T13:29:48.046Z","level":"LOG","message":"✅ Tables Synced"}
{"timestamp":"2026-05-25T13:29:48.058Z","level":"LOG","message":"🚀 Server running on port 9001"}
{"timestamp":"2026-05-25T13:31:58.871Z","level":"LOG","message":"Decoded user: {\"id\":2,\"phone\":\"9935146914\",\"iat\":1779535206,\"exp\":1780140006}"}
{"timestamp":"2026-05-25T13:31:58.871Z","level":"LOG","message":"REQ USER: {\"id\":2,\"phone\":\"9935146914\",\"iat\":1779535206,\"exp\":1780140006}"}
{"timestamp":"2026-05-25T14:34:18.366Z","level":"LOG","message":"[dotenv@17.3.1] injecting env (19) from .env -- tip: ⚙️  override existing env vars with { override: true }"}
{"timestamp":"2026-05-25T14:34:18.826Z","level":"LOG","message":"[dotenv@17.3.1] injecting env (0) from .env -- tip: ⚙️  load multiple .env files with { path: ['.env.local', '.env'] }"}
{"timestamp":"2026-05-25T14:34:19.569Z","level":"LOG","message":"[dotenv@17.3.1] injecting env (0) from .env -- tip: 🤖 agentic secret storage: https://dotenvx.com/as2"}
{"timestamp":"2026-05-25T14:34:20.098Z","level":"LOG","message":"✅ DB Connected"}
{"timestamp":"2026-05-25T14:34:20.257Z","level":"LOG","message":"✅ Tables Synced"}
{"timestamp":"2026-05-25T14:34:20.273Z","level":"LOG","message":"🚀 Server running on port 9001"}
{"timestamp":"2026-05-25T15:35:03.168Z","level":"LOG","message":"[dotenv@17.3.1] injecting env (19) from .env -- tip: ⚙️  enable debug logging with { debug: true }"}
{"timestamp":"2026-05-25T15:35:03.520Z","level":"LOG","message":"[dotenv@17.3.1] injecting env (0) from .env -- tip: ⚡️ secrets for agents: https://dotenvx.com/as2"}
{"timestamp":"2026-05-25T15:35:04.043Z","level":"LOG","message":"[dotenv@17.3.1] injecting env (0) from .env -- tip: 🤖 agentic secret storage: https://dotenvx.com/as2"}
{"timestamp":"2026-05-25T15:35:04.375Z","level":"LOG","message":"✅ DB Connected"}
{"timestamp":"2026-05-25T15:35:04.459Z","level":"LOG","message":"✅ Tables Synced"}
{"timestamp":"2026-05-25T15:35:04.472Z","level":"LOG","message":"🚀 Server running on port 9001"}
{"timestamp":"2026-05-25T16:44:31.486Z","level":"LOG","message":"[dotenv@17.3.1] injecting env (19) from .env -- tip: 🔐 encrypt with Dotenvx: https://dotenvx.com"}
{"timestamp":"2026-05-25T16:44:31.803Z","level":"LOG","message":"[dotenv@17.3.1] injecting env (0) from .env -- tip: ⚙️  suppress all logs with { quiet: true }"}
{"timestamp":"2026-05-25T16:44:32.206Z","level":"LOG","message":"[dotenv@17.3.1] injecting env (0) from .env -- tip: 🔐 encrypt with Dotenvx: https://dotenvx.com"}
{"timestamp":"2026-05-25T16:44:32.516Z","level":"LOG","message":"✅ DB Connected"}
{"timestamp":"2026-05-25T16:44:32.606Z","level":"LOG","message":"✅ Tables Synced"}
{"timestamp":"2026-05-25T16:44:32.619Z","level":"LOG","message":"🚀 Server running on port 9001"}
{"timestamp":"2026-05-25T17:51:20.064Z","level":"LOG","message":"[dotenv@17.3.1] injecting env (19) from .env -- tip: ⚙️  enable debug logging with { debug: true }"}
{"timestamp":"2026-05-25T17:51:20.374Z","level":"LOG","message":"[dotenv@17.3.1] injecting env (0) from .env -- tip: ⚙️  load multiple .env files with { path: ['.env.local', '.env'] }"}
{"timestamp":"2026-05-25T17:51:20.749Z","level":"LOG","message":"[dotenv@17.3.1] injecting env (0) from .env -- tip: 🔐 prevent building .env in docker: https://dotenvx.com/prebuild"}
{"timestamp":"2026-05-25T17:51:21.111Z","level":"LOG","message":"✅ DB Connected"}
{"timestamp":"2026-05-25T17:51:21.186Z","level":"LOG","message":"✅ Tables Synced"}
{"timestamp":"2026-05-25T17:51:21.196Z","level":"LOG","message":"🚀 Server running on port 9001"}
{"timestamp":"2026-05-25T19:01:58.792Z","level":"LOG","message":"[dotenv@17.3.1] injecting env (19) from .env -- tip: ⚙️  write to custom object with { processEnv: myObject }"}
{"timestamp":"2026-05-25T19:01:59.125Z","level":"LOG","message":"[dotenv@17.3.1] injecting env (0) from .env -- tip: 🔐 encrypt with Dotenvx: https://dotenvx.com"}
{"timestamp":"2026-05-25T19:01:59.654Z","level":"LOG","message":"[dotenv@17.3.1] injecting env (0) from .env -- tip: 🔐 prevent committing .env to code: https://dotenvx.com/precommit"}
{"timestamp":"2026-05-25T19:02:00.044Z","level":"LOG","message":"✅ DB Connected"}
{"timestamp":"2026-05-25T19:02:00.143Z","level":"LOG","message":"✅ Tables Synced"}
{"timestamp":"2026-05-25T19:02:00.159Z","level":"LOG","message":"🚀 Server running on port 9001"}
{"timestamp":"2026-05-25T20:09:08.483Z","level":"LOG","message":"[dotenv@17.3.1] injecting env (19) from .env -- tip: 🔐 encrypt with Dotenvx: https://dotenvx.com"}
{"timestamp":"2026-05-25T20:09:08.828Z","level":"LOG","message":"[dotenv@17.3.1] injecting env (0) from .env -- tip: 🔐 prevent building .env in docker: https://dotenvx.com/prebuild"}
{"timestamp":"2026-05-25T20:09:09.264Z","level":"LOG","message":"[dotenv@17.3.1] injecting env (0) from .env -- tip: 🔐 encrypt with Dotenvx: https://dotenvx.com"}
{"timestamp":"2026-05-25T20:09:09.626Z","level":"LOG","message":"✅ DB Connected"}
{"timestamp":"2026-05-25T20:09:09.706Z","level":"LOG","message":"✅ Tables Synced"}
{"timestamp":"2026-05-25T20:09:09.716Z","level":"LOG","message":"🚀 Server running on port 9001"}
{"timestamp":"2026-05-25T21:32:23.130Z","level":"LOG","message":"[dotenv@17.3.1] injecting env (19) from .env -- tip: ⚙️  load multiple .env files with { path: ['.env.local', '.env'] }"}
{"timestamp":"2026-05-25T21:32:23.483Z","level":"LOG","message":"[dotenv@17.3.1] injecting env (0) from .env -- tip: ⚙️  load multiple .env files with { path: ['.env.local', '.env'] }"}
{"timestamp":"2026-05-25T21:32:23.949Z","level":"LOG","message":"[dotenv@17.3.1] injecting env (0) from .env -- tip: 🛠️  run anywhere with `dotenvx run -- yourcommand`"}
{"timestamp":"2026-05-25T21:32:24.289Z","level":"LOG","message":"✅ DB Connected"}
{"timestamp":"2026-05-25T21:32:24.386Z","level":"LOG","message":"✅ Tables Synced"}
{"timestamp":"2026-05-25T21:32:24.396Z","level":"LOG","message":"🚀 Server running on port 9001"}
{"timestamp":"2026-05-25T22:36:16.227Z","level":"LOG","message":"[dotenv@17.3.1] injecting env (19) from .env -- tip: ⚙️  write to custom object with { processEnv: myObject }"}
{"timestamp":"2026-05-25T22:36:16.604Z","level":"LOG","message":"[dotenv@17.3.1] injecting env (0) from .env -- tip: ⚙️  specify custom .env file path with { path: '/custom/path/.env' }"}
{"timestamp":"2026-05-25T22:36:17.080Z","level":"LOG","message":"[dotenv@17.3.1] injecting env (0) from .env -- tip: ⚙️  override existing env vars with { override: true }"}
{"timestamp":"2026-05-25T22:36:17.448Z","level":"LOG","message":"✅ DB Connected"}
{"timestamp":"2026-05-25T22:36:17.540Z","level":"LOG","message":"✅ Tables Synced"}
{"timestamp":"2026-05-25T22:36:17.553Z","level":"LOG","message":"🚀 Server running on port 9001"}
{"timestamp":"2026-05-25T23:41:18.408Z","level":"LOG","message":"[dotenv@17.3.1] injecting env (19) from .env -- tip: 🔐 encrypt with Dotenvx: https://dotenvx.com"}
{"timestamp":"2026-05-25T23:41:18.725Z","level":"LOG","message":"[dotenv@17.3.1] injecting env (0) from .env -- tip: 🔐 prevent committing .env to code: https://dotenvx.com/precommit"}
{"timestamp":"2026-05-25T23:41:19.146Z","level":"LOG","message":"[dotenv@17.3.1] injecting env (0) from .env -- tip: ⚙️  load multiple .env files with { path: ['.env.local', '.env'] }"}
{"timestamp":"2026-05-25T23:41:19.504Z","level":"LOG","message":"✅ DB Connected"}
{"timestamp":"2026-05-25T23:41:19.588Z","level":"LOG","message":"✅ Tables Synced"}
{"timestamp":"2026-05-25T23:41:19.602Z","level":"LOG","message":"🚀 Server running on port 9001"}
{"timestamp":"2026-05-26T01:08:23.897Z","level":"LOG","message":"[dotenv@17.3.1] injecting env (19) from .env -- tip: ⚙️  suppress all logs with { quiet: true }"}
{"timestamp":"2026-05-26T01:08:24.221Z","level":"LOG","message":"[dotenv@17.3.1] injecting env (0) from .env -- tip: 🔐 prevent committing .env to code: https://dotenvx.com/precommit"}
{"timestamp":"2026-05-26T01:08:24.680Z","level":"LOG","message":"[dotenv@17.3.1] injecting env (0) from .env -- tip: 🤖 agentic secret storage: https://dotenvx.com/as2"}
{"timestamp":"2026-05-26T01:08:25.007Z","level":"LOG","message":"✅ DB Connected"}
{"timestamp":"2026-05-26T01:08:25.103Z","level":"LOG","message":"✅ Tables Synced"}
{"timestamp":"2026-05-26T01:08:25.122Z","level":"LOG","message":"🚀 Server running on port 9001"}
{"timestamp":"2026-05-26T01:56:43.617Z","level":"LOG","message":"[dotenv@17.3.1] injecting env (19) from .env -- tip: 🔐 encrypt with Dotenvx: https://dotenvx.com"}
{"timestamp":"2026-05-26T01:56:44.742Z","level":"LOG","message":"[dotenv@17.3.1] injecting env (19) from .env -- tip: ⚙️  specify custom .env file path with { path: '/custom/path/.env' }"}
{"timestamp":"2026-05-26T01:56:45.095Z","level":"LOG","message":"[dotenv@17.3.1] injecting env (0) from .env -- tip: ⚙️  write to custom object with { processEnv: myObject }"}
{"timestamp":"2026-05-26T01:56:45.642Z","level":"LOG","message":"[dotenv@17.3.1] injecting env (0) from .env -- tip: ⚙️  specify custom .env file path with { path: '/custom/path/.env' }"}
{"timestamp":"2026-05-26T01:56:45.993Z","level":"LOG","message":"✅ DB Connected"}
{"timestamp":"2026-05-26T01:56:46.460Z","level":"LOG","message":"[dotenv@17.3.1] injecting env (19) from .env -- tip: 🔐 prevent building .env in docker: https://dotenvx.com/prebuild"}
{"timestamp":"2026-05-26T01:56:46.769Z","level":"LOG","message":"[dotenv@17.3.1] injecting env (0) from .env -- tip: 🔐 encrypt with Dotenvx: https://dotenvx.com"}
{"timestamp":"2026-05-26T01:56:47.160Z","level":"LOG","message":"[dotenv@17.3.1] injecting env (0) from .env -- tip: ⚙️  enable debug logging with { debug: true }"}
{"timestamp":"2026-05-26T01:56:47.474Z","level":"LOG","message":"✅ DB Connected"}
{"timestamp":"2026-05-26T01:56:47.573Z","level":"LOG","message":"✅ Tables Synced"}
{"timestamp":"2026-05-26T01:56:47.587Z","level":"LOG","message":"🚀 Server running on port 9001"}
{"timestamp":"2026-05-26T02:10:34.869Z","level":"LOG","message":"[dotenv@17.3.1] injecting env (19) from .env -- tip: ⚡️ secrets for agents: https://dotenvx.com/as2"}
{"timestamp":"2026-05-26T02:10:35.139Z","level":"LOG","message":"[dotenv@17.3.1] injecting env (0) from .env -- tip: 🛠️  run anywhere with `dotenvx run -- yourcommand`"}
{"timestamp":"2026-05-26T02:10:35.486Z","level":"LOG","message":"[dotenv@17.3.1] injecting env (0) from .env -- tip: ⚙️  write to custom object with { processEnv: myObject }"}
{"timestamp":"2026-05-26T02:10:35.800Z","level":"LOG","message":"✅ DB Connected"}
{"timestamp":"2026-05-26T02:10:35.874Z","level":"LOG","message":"✅ Tables Synced"}
{"timestamp":"2026-05-26T02:10:35.887Z","level":"LOG","message":"🚀 Server running on port 9001"}
{"timestamp":"2026-05-26T03:18:34.893Z","level":"LOG","message":"[dotenv@17.3.1] injecting env (19) from .env -- tip: ⚙️  suppress all logs with { quiet: true }"}
{"timestamp":"2026-05-26T03:18:35.296Z","level":"LOG","message":"[dotenv@17.3.1] injecting env (0) from .env -- tip: 🔐 prevent building .env in docker: https://dotenvx.com/prebuild"}
{"timestamp":"2026-05-26T03:18:35.721Z","level":"LOG","message":"[dotenv@17.3.1] injecting env (0) from .env -- tip: 🔐 prevent building .env in docker: https://dotenvx.com/prebuild"}
{"timestamp":"2026-05-26T03:18:36.016Z","level":"LOG","message":"✅ DB Connected"}
{"timestamp":"2026-05-26T03:18:36.102Z","level":"LOG","message":"✅ Tables Synced"}
{"timestamp":"2026-05-26T03:18:36.116Z","level":"LOG","message":"🚀 Server running on port 9001"}
{"timestamp":"2026-05-26T04:46:06.895Z","level":"LOG","message":"[dotenv@17.3.1] injecting env (19) from .env -- tip: 🔐 encrypt with Dotenvx: https://dotenvx.com"}
{"timestamp":"2026-05-26T04:46:07.445Z","level":"LOG","message":"[dotenv@17.3.1] injecting env (0) from .env -- tip: ⚙️  specify custom .env file path with { path: '/custom/path/.env' }"}
{"timestamp":"2026-05-26T04:46:08.144Z","level":"LOG","message":"[dotenv@17.3.1] injecting env (0) from .env -- tip: 🛡️ auth for agents: https://vestauth.com"}
{"timestamp":"2026-05-26T04:46:08.631Z","level":"LOG","message":"✅ DB Connected"}
{"timestamp":"2026-05-26T04:46:08.770Z","level":"LOG","message":"✅ Tables Synced"}
{"timestamp":"2026-05-26T04:46:08.784Z","level":"LOG","message":"🚀 Server running on port 9001"}
{"timestamp":"2026-05-26T05:01:55.485Z","level":"LOG","message":"Decoded user: {\"id\":11,\"phone\":\"8447771582\",\"iat\":1779528982,\"exp\":1780133782}"}
{"timestamp":"2026-05-26T05:01:55.485Z","level":"LOG","message":"REQ USER: {\"id\":11,\"phone\":\"8447771582\",\"iat\":1779528982,\"exp\":1780133782}"}
{"timestamp":"2026-05-26T05:01:55.720Z","level":"LOG","message":"Decoded user: {\"id\":11,\"phone\":\"8447771582\",\"iat\":1779528982,\"exp\":1780133782}"}
{"timestamp":"2026-05-26T05:01:55.721Z","level":"LOG","message":"REQ USER: {\"id\":11,\"phone\":\"8447771582\",\"iat\":1779528982,\"exp\":1780133782}"}
{"timestamp":"2026-05-26T05:02:25.476Z","level":"LOG","message":"Decoded user: {\"id\":11,\"phone\":\"8447771582\",\"iat\":1779528982,\"exp\":1780133782}"}
{"timestamp":"2026-05-26T05:02:25.476Z","level":"LOG","message":"REQ USER: {\"id\":11,\"phone\":\"8447771582\",\"iat\":1779528982,\"exp\":1780133782}"}
{"timestamp":"2026-05-26T05:02:27.456Z","level":"LOG","message":"Decoded user: {\"id\":11,\"phone\":\"8447771582\",\"iat\":1779528982,\"exp\":1780133782}"}
{"timestamp":"2026-05-26T05:02:27.456Z","level":"LOG","message":"REQ USER: {\"id\":11,\"phone\":\"8447771582\",\"iat\":1779528982,\"exp\":1780133782}"}
{"timestamp":"2026-05-26T05:02:28.506Z","level":"LOG","message":"Decoded user: {\"id\":11,\"phone\":\"8447771582\",\"iat\":1779528982,\"exp\":1780133782}"}
{"timestamp":"2026-05-26T05:02:28.506Z","level":"LOG","message":"REQ USER: {\"id\":11,\"phone\":\"8447771582\",\"iat\":1779528982,\"exp\":1780133782}"}
{"timestamp":"2026-05-26T05:02:28.644Z","level":"LOG","message":"Decoded user: {\"id\":11,\"phone\":\"8447771582\",\"iat\":1779528982,\"exp\":1780133782}"}
{"timestamp":"2026-05-26T05:02:28.644Z","level":"LOG","message":"REQ USER: {\"id\":11,\"phone\":\"8447771582\",\"iat\":1779528982,\"exp\":1780133782}"}
{"timestamp":"2026-05-26T05:02:31.698Z","level":"LOG","message":"Decoded user: {\"id\":11,\"phone\":\"8447771582\",\"iat\":1779528982,\"exp\":1780133782}"}
{"timestamp":"2026-05-26T05:02:31.698Z","level":"LOG","message":"REQ USER: {\"id\":11,\"phone\":\"8447771582\",\"iat\":1779528982,\"exp\":1780133782}"}
{"timestamp":"2026-05-26T05:02:31.831Z","level":"LOG","message":"Decoded user: {\"id\":11,\"phone\":\"8447771582\",\"iat\":1779528982,\"exp\":1780133782}"}
{"timestamp":"2026-05-26T05:02:31.831Z","level":"LOG","message":"REQ USER: {\"id\":11,\"phone\":\"8447771582\",\"iat\":1779528982,\"exp\":1780133782}"}
{"timestamp":"2026-05-26T05:02:36.269Z","level":"LOG","message":"Decoded user: {\"id\":11,\"phone\":\"8447771582\",\"iat\":1779528982,\"exp\":1780133782}"}
{"timestamp":"2026-05-26T05:02:36.269Z","level":"LOG","message":"REQ USER: {\"id\":11,\"phone\":\"8447771582\",\"iat\":1779528982,\"exp\":1780133782}"}
{"timestamp":"2026-05-26T05:02:36.415Z","level":"LOG","message":"Decoded user: {\"id\":11,\"phone\":\"8447771582\",\"iat\":1779528982,\"exp\":1780133782}"}
{"timestamp":"2026-05-26T05:02:36.415Z","level":"LOG","message":"REQ USER: {\"id\":11,\"phone\":\"8447771582\",\"iat\":1779528982,\"exp\":1780133782}"}
{"timestamp":"2026-05-26T05:36:06.967Z","level":"LOG","message":"[dotenv@17.3.1] injecting env (19) from .env -- tip: ⚙️  load multiple .env files with { path: ['.env.local', '.env'] }"}
{"timestamp":"2026-05-26T05:36:07.392Z","level":"LOG","message":"[dotenv@17.3.1] injecting env (0) from .env -- tip: 🛠️  run anywhere with `dotenvx run -- yourcommand`"}
{"timestamp":"2026-05-26T05:36:07.934Z","level":"LOG","message":"[dotenv@17.3.1] injecting env (0) from .env -- tip: ⚙️  enable debug logging with { debug: true }"}
{"timestamp":"2026-05-26T05:36:08.386Z","level":"LOG","message":"✅ DB Connected"}
{"timestamp":"2026-05-26T05:36:08.531Z","level":"LOG","message":"✅ Tables Synced"}
{"timestamp":"2026-05-26T05:36:08.547Z","level":"LOG","message":"🚀 Server running on port 9001"}
{"timestamp":"2026-05-26T06:27:05.089Z","level":"LOG","message":"[dotenv@17.3.1] injecting env (19) from .env -- tip: ⚙️  load multiple .env files with { path: ['.env.local', '.env'] }"}
{"timestamp":"2026-05-26T06:27:05.434Z","level":"LOG","message":"[dotenv@17.3.1] injecting env (0) from .env -- tip: ⚙️  load multiple .env files with { path: ['.env.local', '.env'] }"}
{"timestamp":"2026-05-26T06:27:05.772Z","level":"LOG","message":"[dotenv@17.3.1] injecting env (0) from .env -- tip: 🛠️  run anywhere with `dotenvx run -- yourcommand`"}
{"timestamp":"2026-05-26T06:27:06.135Z","level":"LOG","message":"✅ DB Connected"}
{"timestamp":"2026-05-26T06:27:06.229Z","level":"LOG","message":"✅ Tables Synced"}
{"timestamp":"2026-05-26T06:27:06.243Z","level":"LOG","message":"🚀 Server running on port 9001"}
{"timestamp":"2026-05-26T06:39:25.947Z","level":"LOG","message":"[dotenv@17.3.1] injecting env (19) from .env -- tip: ⚙️  load multiple .env files with { path: ['.env.local', '.env'] }"}
{"timestamp":"2026-05-26T06:39:26.225Z","level":"LOG","message":"[dotenv@17.3.1] injecting env (0) from .env -- tip: ⚙️  specify custom .env file path with { path: '/custom/path/.env' }"}
{"timestamp":"2026-05-26T06:39:26.589Z","level":"LOG","message":"[dotenv@17.3.1] injecting env (0) from .env -- tip: 🔐 encrypt with Dotenvx: https://dotenvx.com"}
{"timestamp":"2026-05-26T06:39:26.912Z","level":"LOG","message":"✅ DB Connected"}
{"timestamp":"2026-05-26T06:39:27.021Z","level":"LOG","message":"✅ Tables Synced"}
{"timestamp":"2026-05-26T06:39:27.036Z","level":"LOG","message":"🚀 Server running on port 9001"}
{"timestamp":"2026-05-26T07:33:51.456Z","level":"LOG","message":"[dotenv@17.3.1] injecting env (19) from .env -- tip: ⚙️  suppress all logs with { quiet: true }"}
{"timestamp":"2026-05-26T07:33:51.729Z","level":"LOG","message":"[dotenv@17.3.1] injecting env (0) from .env -- tip: ⚙️  write to custom object with { processEnv: myObject }"}
{"timestamp":"2026-05-26T07:33:52.074Z","level":"LOG","message":"[dotenv@17.3.1] injecting env (0) from .env -- tip: ⚙️  write to custom object with { processEnv: myObject }"}
{"timestamp":"2026-05-26T07:33:52.404Z","level":"LOG","message":"✅ DB Connected"}
{"timestamp":"2026-05-26T07:33:52.503Z","level":"LOG","message":"✅ Tables Synced"}
{"timestamp":"2026-05-26T07:33:52.517Z","level":"LOG","message":"🚀 Server running on port 9001"}
{"timestamp":"2026-05-26T07:56:04.038Z","level":"LOG","message":"[dotenv@17.3.1] injecting env (19) from .env -- tip: 🤖 agentic secret storage: https://dotenvx.com/as2"}
{"timestamp":"2026-05-26T07:56:04.944Z","level":"LOG","message":"[dotenv@17.3.1] injecting env (0) from .env -- tip: ⚙️  load multiple .env files with { path: ['.env.local', '.env'] }"}
{"timestamp":"2026-05-26T07:56:05.597Z","level":"LOG","message":"[dotenv@17.3.1] injecting env (0) from .env -- tip: ⚡️ secrets for agents: https://dotenvx.com/as2"}
{"timestamp":"2026-05-26T07:56:06.273Z","level":"LOG","message":"✅ DB Connected"}
{"timestamp":"2026-05-26T07:56:06.529Z","level":"LOG","message":"✅ Tables Synced"}
{"timestamp":"2026-05-26T07:56:06.543Z","level":"LOG","message":"🚀 Server running on port 9001"}
{"timestamp":"2026-05-26T07:56:06.987Z","level":"LOG","message":"Decoded user: {\"id\":11,\"phone\":\"8447771582\",\"iat\":1779528982,\"exp\":1780133782}"}
{"timestamp":"2026-05-26T07:56:06.987Z","level":"LOG","message":"REQ USER: {\"id\":11,\"phone\":\"8447771582\",\"iat\":1779528982,\"exp\":1780133782}"}
{"timestamp":"2026-05-26T07:56:09.229Z","level":"LOG","message":"Decoded user: {\"id\":11,\"phone\":\"8447771582\",\"iat\":1779528982,\"exp\":1780133782}"}
{"timestamp":"2026-05-26T07:56:09.229Z","level":"LOG","message":"REQ USER: {\"id\":11,\"phone\":\"8447771582\",\"iat\":1779528982,\"exp\":1780133782}"}
{"timestamp":"2026-05-26T08:50:37.960Z","level":"LOG","message":"Decoded user: {\"id\":11,\"phone\":\"8447771582\",\"iat\":1779528982,\"exp\":1780133782}"}
{"timestamp":"2026-05-26T08:50:37.960Z","level":"LOG","message":"REQ USER: {\"id\":11,\"phone\":\"8447771582\",\"iat\":1779528982,\"exp\":1780133782}"}
{"timestamp":"2026-05-26T08:50:38.885Z","level":"LOG","message":"Decoded user: {\"id\":11,\"phone\":\"8447771582\",\"iat\":1779528982,\"exp\":1780133782}"}
{"timestamp":"2026-05-26T08:50:38.885Z","level":"LOG","message":"REQ USER: {\"id\":11,\"phone\":\"8447771582\",\"iat\":1779528982,\"exp\":1780133782}"}
{"timestamp":"2026-05-26T09:05:45.782Z","level":"LOG","message":"[dotenv@17.3.1] injecting env (21) from .env -- tip: ⚡️ secrets for agents: https://dotenvx.com/as2"}
{"timestamp":"2026-05-26T09:05:46.100Z","level":"LOG","message":"[dotenv@17.3.1] injecting env (0) from .env -- tip: ⚙️  write to custom object with { processEnv: myObject }"}
{"timestamp":"2026-05-26T09:05:46.432Z","level":"LOG","message":"[dotenv@17.3.1] injecting env (0) from .env -- tip: ⚙️  load multiple .env files with { path: ['.env.local', '.env'] }"}
{"timestamp":"2026-05-26T09:05:46.727Z","level":"LOG","message":"✅ DB Connected"}
{"timestamp":"2026-05-26T09:05:46.816Z","level":"LOG","message":"✅ Tables Synced"}
{"timestamp":"2026-05-26T09:05:46.826Z","level":"LOG","message":"🚀 Server running on port 9001"}
{"timestamp":"2026-05-26T09:09:14.390Z","level":"LOG","message":"Decoded user: {\"id\":11,\"phone\":\"8447771582\",\"iat\":1779528982,\"exp\":1780133782}"}
{"timestamp":"2026-05-26T09:09:14.391Z","level":"LOG","message":"REQ USER: {\"id\":11,\"phone\":\"8447771582\",\"iat\":1779528982,\"exp\":1780133782}"}
{"timestamp":"2026-05-26T09:09:14.549Z","level":"LOG","message":"Decoded user: {\"id\":11,\"phone\":\"8447771582\",\"iat\":1779528982,\"exp\":1780133782}"}
{"timestamp":"2026-05-26T09:09:14.549Z","level":"LOG","message":"REQ USER: {\"id\":11,\"phone\":\"8447771582\",\"iat\":1779528982,\"exp\":1780133782}"}
{"timestamp":"2026-05-26T09:22:43.642Z","level":"LOG","message":"[dotenv@17.3.1] injecting env (21) from .env -- tip: ⚙️  enable debug logging with { debug: true }"}
{"timestamp":"2026-05-26T09:22:43.991Z","level":"LOG","message":"[dotenv@17.3.1] injecting env (0) from .env -- tip: 🤖 agentic secret storage: https://dotenvx.com/as2"}
{"timestamp":"2026-05-26T09:22:44.450Z","level":"LOG","message":"[dotenv@17.3.1] injecting env (0) from .env -- tip: ⚡️ secrets for agents: https://dotenvx.com/as2"}
{"timestamp":"2026-05-26T09:22:44.836Z","level":"LOG","message":"✅ DB Connected"}
{"timestamp":"2026-05-26T09:22:44.943Z","level":"LOG","message":"✅ Tables Synced"}
{"timestamp":"2026-05-26T09:22:44.953Z","level":"LOG","message":"🚀 Server running on port 9001"}
{"timestamp":"2026-05-26T09:22:49.494Z","level":"LOG","message":"[dotenv@17.3.1] injecting env (21) from .env -- tip: 🔐 prevent building .env in docker: https://dotenvx.com/prebuild"}
{"timestamp":"2026-05-26T09:22:49.816Z","level":"LOG","message":"[dotenv@17.3.1] injecting env (0) from .env -- tip: 🛠️  run anywhere with `dotenvx run -- yourcommand`"}
{"timestamp":"2026-05-26T09:22:50.148Z","level":"LOG","message":"[dotenv@17.3.1] injecting env (0) from .env -- tip: ⚙️  load multiple .env files with { path: ['.env.local', '.env'] }"}
{"timestamp":"2026-05-26T09:22:50.459Z","level":"LOG","message":"✅ DB Connected"}
{"timestamp":"2026-05-26T09:22:50.554Z","level":"LOG","message":"✅ Tables Synced"}
{"timestamp":"2026-05-26T09:22:50.568Z","level":"LOG","message":"🚀 Server running on port 9001"}
{"timestamp":"2026-05-26T09:22:50.774Z","level":"LOG","message":"Decoded user: {\"id\":11,\"phone\":\"8447771582\",\"iat\":1779528982,\"exp\":1780133782}"}
{"timestamp":"2026-05-26T09:22:50.774Z","level":"LOG","message":"REQ USER: {\"id\":11,\"phone\":\"8447771582\",\"iat\":1779528982,\"exp\":1780133782}"}
{"timestamp":"2026-05-26T09:22:50.910Z","level":"LOG","message":"Decoded user: {\"id\":11,\"phone\":\"8447771582\",\"iat\":1779528982,\"exp\":1780133782}"}
{"timestamp":"2026-05-26T09:22:50.910Z","level":"LOG","message":"REQ USER: {\"id\":11,\"phone\":\"8447771582\",\"iat\":1779528982,\"exp\":1780133782}"}
{"timestamp":"2026-05-26T09:23:15.740Z","level":"LOG","message":"Decoded user: {\"id\":11,\"phone\":\"8447771582\",\"iat\":1779528982,\"exp\":1780133782}"}
{"timestamp":"2026-05-26T09:23:15.740Z","level":"LOG","message":"REQ USER: {\"id\":11,\"phone\":\"8447771582\",\"iat\":1779528982,\"exp\":1780133782}"}
{"timestamp":"2026-05-26T09:23:15.789Z","level":"LOG","message":"Decoded user: {\"id\":11,\"phone\":\"8447771582\",\"iat\":1779528982,\"exp\":1780133782}"}
{"timestamp":"2026-05-26T09:23:15.789Z","level":"LOG","message":"REQ USER: {\"id\":11,\"phone\":\"8447771582\",\"iat\":1779528982,\"exp\":1780133782}"}
{"timestamp":"2026-05-26T09:23:16.611Z","level":"LOG","message":"Decoded user: {\"id\":11,\"phone\":\"8447771582\",\"iat\":1779528982,\"exp\":1780133782}"}
{"timestamp":"2026-05-26T09:23:16.677Z","level":"LOG","message":"Decoded user: {\"id\":11,\"phone\":\"8447771582\",\"iat\":1779528982,\"exp\":1780133782}"}
{"timestamp":"2026-05-26T09:23:21.835Z","level":"LOG","message":"Decoded user: {\"id\":11,\"phone\":\"8447771582\",\"iat\":1779528982,\"exp\":1780133782}"}
{"timestamp":"2026-05-26T09:23:21.880Z","level":"LOG","message":"Decoded user: {\"id\":11,\"phone\":\"8447771582\",\"iat\":1779528982,\"exp\":1780133782}"}
{"timestamp":"2026-05-26T09:23:40.372Z","level":"ERROR","message":"PAYU SUCCESS ERROR: TypeError: Cannot read properties of undefined (reading 'txnid')\n    at exports.payuSuccess (/home/u823569727/domains/api.shop99.co.in/nodejs/controllers/orderController.js:501:28)\n    at Layer.handleRequest (/home/u823569727/domains/api.shop99.co.in/nodejs/node_modules/router/lib/layer.js:152:17)\n    at next (/home/u823569727/domains/api.shop99.co.in/nodejs/node_modules/router/lib/route.js:157:13)\n    at Route.dispatch (/home/u823569727/domains/api.shop99.co.in/nodejs/node_modules/router/lib/route.js:117:3)\n    at handle (/home/u823569727/domains/api.shop99.co.in/nodejs/node_modules/router/index.js:435:11)\n    at Layer.handleRequest (/home/u823569727/domains/api.shop99.co.in/nodejs/node_modules/router/lib/layer.js:152:17)\n    at /home/u823569727/domains/api.shop99.co.in/nodejs/node_modules/router/index.js:295:15\n    at processParams (/home/u823569727/domains/api.shop99.co.in/nodejs/node_modules/router/index.js:582:12)\n    at next (/home/u823569727/domains/api.shop99.co.in/nodejs/node_modules/router/index.js:291:5)\n    at Function.handle (/home/u823569727/domains/api.shop99.co.in/nodejs/node_modules/router/index.js:186:3)"}
{"timestamp":"2026-05-26T09:24:56.380Z","level":"LOG","message":"Decoded user: {\"id\":11,\"phone\":\"8447771582\",\"iat\":1779528982,\"exp\":1780133782}"}
{"timestamp":"2026-05-26T09:24:56.380Z","level":"LOG","message":"REQ USER: {\"id\":11,\"phone\":\"8447771582\",\"iat\":1779528982,\"exp\":1780133782}"}
{"timestamp":"2026-05-26T09:24:56.629Z","level":"LOG","message":"Decoded user: {\"id\":11,\"phone\":\"8447771582\",\"iat\":1779528982,\"exp\":1780133782}"}
{"timestamp":"2026-05-26T09:24:56.629Z","level":"LOG","message":"REQ USER: {\"id\":11,\"phone\":\"8447771582\",\"iat\":1779528982,\"exp\":1780133782}"}
{"timestamp":"2026-05-26T09:24:58.563Z","level":"LOG","message":"Decoded user: {\"id\":11,\"phone\":\"8447771582\",\"iat\":1779528982,\"exp\":1780133782}"}
{"timestamp":"2026-05-26T09:24:58.603Z","level":"LOG","message":"Decoded user: {\"id\":11,\"phone\":\"8447771582\",\"iat\":1779528982,\"exp\":1780133782}"}
{"timestamp":"2026-05-26T09:24:58.641Z","level":"LOG","message":"Decoded user: {\"id\":11,\"phone\":\"8447771582\",\"iat\":1779528982,\"exp\":1780133782}"}
{"timestamp":"2026-05-26T09:24:58.687Z","level":"LOG","message":"Decoded user: {\"id\":11,\"phone\":\"8447771582\",\"iat\":1779528982,\"exp\":1780133782}"}
{"timestamp":"2026-05-26T09:25:00.094Z","level":"LOG","message":"Decoded user: {\"id\":11,\"phone\":\"8447771582\",\"iat\":1779528982,\"exp\":1780133782}"}
{"timestamp":"2026-05-26T09:25:00.094Z","level":"LOG","message":"REQ USER: {\"id\":11,\"phone\":\"8447771582\",\"iat\":1779528982,\"exp\":1780133782}"}
{"timestamp":"2026-05-26T09:25:00.926Z","level":"LOG","message":"Decoded user: {\"id\":11,\"phone\":\"8447771582\",\"iat\":1779528982,\"exp\":1780133782}"}
{"timestamp":"2026-05-26T09:25:00.969Z","level":"LOG","message":"Decoded user: {\"id\":11,\"phone\":\"8447771582\",\"iat\":1779528982,\"exp\":1780133782}"}
{"timestamp":"2026-05-26T09:25:01.776Z","level":"LOG","message":"Decoded user: {\"id\":11,\"phone\":\"8447771582\",\"iat\":1779528982,\"exp\":1780133782}"}
{"timestamp":"2026-05-26T09:26:28.176Z","level":"LOG","message":"orderStatusSms confirmed: ORD1779541126936 sent "}
{"timestamp":"2026-05-26T09:26:33.370Z","level":"LOG","message":"Decoded user: {\"id\":11,\"phone\":\"8447771582\",\"iat\":1779528982,\"exp\":1780133782}"}
{"timestamp":"2026-05-26T09:26:33.417Z","level":"LOG","message":"Decoded user: {\"id\":11,\"phone\":\"8447771582\",\"iat\":1779528982,\"exp\":1780133782}"}
{"timestamp":"2026-05-26T09:26:40.705Z","level":"LOG","message":"Decoded user: {\"id\":11,\"phone\":\"8447771582\",\"iat\":1779528982,\"exp\":1780133782}"}
{"timestamp":"2026-05-26T09:26:40.905Z","level":"LOG","message":"Decoded user: {\"id\":11,\"phone\":\"8447771582\",\"iat\":1779528982,\"exp\":1780133782}"}
{"timestamp":"2026-05-26T09:26:40.905Z","level":"LOG","message":"REQ USER: {\"id\":11,\"phone\":\"8447771582\",\"iat\":1779528982,\"exp\":1780133782}"}
{"timestamp":"2026-05-26T09:26:43.442Z","level":"LOG","message":"Decoded user: {\"id\":11,\"phone\":\"8447771582\",\"iat\":1779528982,\"exp\":1780133782}"}
{"timestamp":"2026-05-26T09:26:43.523Z","level":"LOG","message":"Decoded user: {\"id\":11,\"phone\":\"8447771582\",\"iat\":1779528982,\"exp\":1780133782}"}
{"timestamp":"2026-05-26T09:26:43.523Z","level":"LOG","message":"REQ USER: {\"id\":11,\"phone\":\"8447771582\",\"iat\":1779528982,\"exp\":1780133782}"}
{"timestamp":"2026-05-26T09:26:45.706Z","level":"LOG","message":"Decoded user: {\"id\":11,\"phone\":\"8447771582\",\"iat\":1779528982,\"exp\":1780133782}"}
{"timestamp":"2026-05-26T09:26:45.751Z","level":"LOG","message":"Decoded user: {\"id\":11,\"phone\":\"8447771582\",\"iat\":1779528982,\"exp\":1780133782}"}
{"timestamp":"2026-05-26T09:26:45.788Z","level":"LOG","message":"Decoded user: {\"id\":11,\"phone\":\"8447771582\",\"iat\":1779528982,\"exp\":1780133782}"}
{"timestamp":"2026-05-26T09:26:45.826Z","level":"LOG","message":"Decoded user: {\"id\":11,\"phone\":\"8447771582\",\"iat\":1779528982,\"exp\":1780133782}"}
{"timestamp":"2026-05-26T09:49:22.173Z","level":"LOG","message":"Decoded user: {\"id\":11,\"phone\":\"8447771582\",\"iat\":1779528982,\"exp\":1780133782}"}
{"timestamp":"2026-05-26T09:49:22.178Z","level":"LOG","message":"Decoded user: {\"id\":11,\"phone\":\"8447771582\",\"iat\":1779528982,\"exp\":1780133782}"}
{"timestamp":"2026-05-26T09:49:22.405Z","level":"LOG","message":"Decoded user: {\"id\":11,\"phone\":\"8447771582\",\"iat\":1779528982,\"exp\":1780133782}"}
{"timestamp":"2026-05-26T09:49:22.405Z","level":"LOG","message":"REQ USER: {\"id\":11,\"phone\":\"8447771582\",\"iat\":1779528982,\"exp\":1780133782}"}
{"timestamp":"2026-05-26T09:58:21.117Z","level":"LOG","message":"[dotenv@17.3.1] injecting env (21) from .env -- tip: ⚡️ secrets for agents: https://dotenvx.com/as2"}
{"timestamp":"2026-05-26T09:58:21.476Z","level":"LOG","message":"[dotenv@17.3.1] injecting env (0) from .env -- tip: ⚡️ secrets for agents: https://dotenvx.com/as2"}
{"timestamp":"2026-05-26T09:58:21.914Z","level":"LOG","message":"[dotenv@17.3.1] injecting env (0) from .env -- tip: 🛠️  run anywhere with `dotenvx run -- yourcommand`"}
{"timestamp":"2026-05-26T09:58:22.318Z","level":"LOG","message":"✅ DB Connected"}
{"timestamp":"2026-05-26T09:58:22.459Z","level":"LOG","message":"✅ Tables Synced"}
{"timestamp":"2026-05-26T09:58:22.476Z","level":"LOG","message":"🚀 Server running on port 9001"}
{"timestamp":"2026-05-26T10:00:33.261Z","level":"LOG","message":"[dotenv@17.3.1] injecting env (21) from .env -- tip: 🔐 prevent building .env in docker: https://dotenvx.com/prebuild"}
{"timestamp":"2026-05-26T10:00:33.597Z","level":"LOG","message":"[dotenv@17.3.1] injecting env (0) from .env -- tip: 🤖 agentic secret storage: https://dotenvx.com/as2"}
{"timestamp":"2026-05-26T10:00:33.980Z","level":"LOG","message":"[dotenv@17.3.1] injecting env (0) from .env -- tip: ⚙️  write to custom object with { processEnv: myObject }"}
{"timestamp":"2026-05-26T10:00:34.270Z","level":"LOG","message":"✅ DB Connected"}
{"timestamp":"2026-05-26T10:00:34.355Z","level":"LOG","message":"✅ Tables Synced"}
{"timestamp":"2026-05-26T10:00:34.370Z","level":"LOG","message":"🚀 Server running on port 9001"}
{"timestamp":"2026-05-26T10:01:05.802Z","level":"LOG","message":"SMS Response: {\"return\":true,\"request_id\":\"SeNmItjK3FbIArY\",\"message\":[\"SMS sent successfully.\"]}"}
{"timestamp":"2026-05-26T10:01:10.180Z","level":"LOG","message":"SMS DLR (after await):\n{\n  \"success\": true,\n  \"message\": \"DLR found successfully.\",\n  \"data\": [\n    {\n      \"request_id\": \"SeNmItjK3FbIArY\",\n      \"route\": \"dlt\",\n      \"delivery_status\": [\n        {\n          \"sender_id\": \"SHOPHN\",\n          \"mobile\": 8950299308,\n          \"status\": \"Delivered\",\n          \"status_description\": \"Delivered successfully\",\n          \"dlr_attempt\": 1,\n          \"sms_language\": \"english\",\n          \"character_count\": 65,\n          \"sms_count\": 1,\n          \"amount_debited\": \"0.2500\",\n          \"sent_timestamp\": 1779789666,\n          \"sent_time\": \"26-05-2026 10:01:06 AM\",\n          \"delivery_timestamp\": \"1779789667\",\n          \"delivery_time\": \"26-05-2026 10:01:07 AM\"\n        }\n      ]\n    }\n  ]\n}"}
{"timestamp":"2026-05-26T10:01:19.732Z","level":"LOG","message":"Decoded user: {\"id\":12,\"phone\":\"8950299308\",\"iat\":1779789678,\"exp\":1780394478}"}
{"timestamp":"2026-05-26T10:01:19.732Z","level":"LOG","message":"REQ USER: {\"id\":12,\"phone\":\"8950299308\",\"iat\":1779789678,\"exp\":1780394478}"}
{"timestamp":"2026-05-26T10:01:20.211Z","level":"LOG","message":"Decoded user: {\"id\":12,\"phone\":\"8950299308\",\"iat\":1779789678,\"exp\":1780394478}"}
{"timestamp":"2026-05-26T10:01:20.211Z","level":"LOG","message":"REQ USER: {\"id\":12,\"phone\":\"8950299308\",\"iat\":1779789678,\"exp\":1780394478}"}
{"timestamp":"2026-05-26T10:01:22.315Z","level":"LOG","message":"Decoded user: {\"id\":12,\"phone\":\"8950299308\",\"iat\":1779789678,\"exp\":1780394478}"}
{"timestamp":"2026-05-26T10:01:22.365Z","level":"LOG","message":"Decoded user: {\"id\":12,\"phone\":\"8950299308\",\"iat\":1779789678,\"exp\":1780394478}"}
{"timestamp":"2026-05-26T10:01:23.886Z","level":"LOG","message":"Decoded user: {\"id\":12,\"phone\":\"8950299308\",\"iat\":1779789678,\"exp\":1780394478}"}
{"timestamp":"2026-05-26T10:01:25.037Z","level":"LOG","message":"Decoded user: {\"id\":12,\"phone\":\"8950299308\",\"iat\":1779789678,\"exp\":1780394478}"}
{"timestamp":"2026-05-26T10:01:32.328Z","level":"LOG","message":"Decoded user: {\"id\":12,\"phone\":\"8950299308\",\"iat\":1779789678,\"exp\":1780394478}"}
{"timestamp":"2026-05-26T10:01:32.328Z","level":"LOG","message":"REQ USER: {\"id\":12,\"phone\":\"8950299308\",\"iat\":1779789678,\"exp\":1780394478}"}
{"timestamp":"2026-05-26T10:01:39.572Z","level":"LOG","message":"Decoded user: {\"id\":12,\"phone\":\"8950299308\",\"iat\":1779789678,\"exp\":1780394478}"}
{"timestamp":"2026-05-26T10:01:41.362Z","level":"LOG","message":"Decoded user: {\"id\":12,\"phone\":\"8950299308\",\"iat\":1779789678,\"exp\":1780394478}"}
{"timestamp":"2026-05-26T10:01:57.353Z","level":"LOG","message":"Decoded user: {\"id\":12,\"phone\":\"8950299308\",\"iat\":1779789678,\"exp\":1780394478}"}
{"timestamp":"2026-05-26T10:01:57.389Z","level":"LOG","message":"Decoded user: {\"id\":12,\"phone\":\"8950299308\",\"iat\":1779789678,\"exp\":1780394478}"}
{"timestamp":"2026-05-26T10:02:03.346Z","level":"LOG","message":"Decoded user: {\"id\":12,\"phone\":\"8950299308\",\"iat\":1779789678,\"exp\":1780394478}"}
{"timestamp":"2026-05-26T10:02:03.346Z","level":"LOG","message":"REQ USER: {\"id\":12,\"phone\":\"8950299308\",\"iat\":1779789678,\"exp\":1780394478}"}
{"timestamp":"2026-05-26T10:02:04.621Z","level":"LOG","message":"Decoded user: {\"id\":12,\"phone\":\"8950299308\",\"iat\":1779789678,\"exp\":1780394478}"}
{"timestamp":"2026-05-26T10:02:05.959Z","level":"LOG","message":"Decoded user: {\"id\":12,\"phone\":\"8950299308\",\"iat\":1779789678,\"exp\":1780394478}"}
{"timestamp":"2026-05-26T10:02:54.399Z","level":"LOG","message":"PAYU SUCCESS BODY: {\"country\":\"\",\"udf10\":\"\",\"mode\":\"UPI\",\"error_Message\":\"No Error\",\"state\":\"\",\"bankcode\":\"\",\"txnid\":\"TXN1779789763918\",\"net_amount_debit\":\"1.80\",\"lastname\":\"\",\"zipcode\":\"\",\"phone\":\"8950299308\",\"productinfo\":\"Test black product\",\"hash\":\"bd39de9468fbd14d3d0e8f72ca153e7ee4cfc2248b07c6396aed5f1a0f04f7d11b5aca68c262db6226b5882e7b4d7f6f385449d43c70d27120f441ccdcf5e77f\",\"status\":\"success\",\"firstname\":\"Bhumika\",\"city\":\"\",\"isConsentPayment\":\"\",\"error\":\"E000\",\"addedon\":\"2026-05-26 15:32:44\",\"udf9\":\"\",\"udf7\":\"\",\"udf8\":\"\",\"encryptedPaymentId\":\"28763398549\",\"bank_ref_num\":\"571741038723\",\"key\":\"i5S2dM\",\"email\":\"8950299308@customer.invalid\",\"amount\":\"1.80\",\"unmappedstatus\":\"captured\",\"address2\":\"\",\"payuMoneyId\":\"28763398549\",\"address1\":\"\",\"udf5\":\"\",\"mihpayid\":\"28763398549\",\"udf6\":\"\",\"udf3\":\"\",\"udf4\":\"\",\"udf1\":\"\",\"udf2\":\"\",\"giftCardIssued\":\"\",\"field1\":\"\",\"cardnum\":\"\",\"field7\":\"0|SUCCESS\",\"field6\":\"\",\"field9\":\"0|SUCCESS|Completed Using Callback\",\"field8\":\"QR\",\"amount_split\":\"{\\\"PAYU\\\":\\\"1.80\\\"}\",\"field3\":\"8447771582@axl\",\"field2\":\"PH605261567400047\",\"field5\":\"\",\"PG_TYPE\":\"UPI-PG\",\"field4\":\"\",\"name_on_card\":\"\"}"}
{"timestamp":"2026-05-26T10:02:54.899Z","level":"LOG","message":"Decoded user: {\"id\":12,\"phone\":\"8950299308\",\"iat\":1779789678,\"exp\":1780394478}"}
{"timestamp":"2026-05-26T10:02:54.899Z","level":"LOG","message":"REQ USER: {\"id\":12,\"phone\":\"8950299308\",\"iat\":1779789678,\"exp\":1780394478}"}
{"timestamp":"2026-05-26T10:02:57.130Z","level":"LOG","message":"Decoded user: {\"id\":12,\"phone\":\"8950299308\",\"iat\":1779789678,\"exp\":1780394478}"}
{"timestamp":"2026-05-26T10:02:57.191Z","level":"LOG","message":"Decoded user: {\"id\":12,\"phone\":\"8950299308\",\"iat\":1779789678,\"exp\":1780394478}"}
{"timestamp":"2026-05-26T10:03:31.739Z","level":"LOG","message":"orderStatusSms confirmed: ORD1779789763918 sent "}
{"timestamp":"2026-05-26T10:03:34.636Z","level":"LOG","message":"Decoded user: {\"id\":12,\"phone\":\"8950299308\",\"iat\":1779789678,\"exp\":1780394478}"}
{"timestamp":"2026-05-26T10:03:34.877Z","level":"LOG","message":"Decoded user: {\"id\":12,\"phone\":\"8950299308\",\"iat\":1779789678,\"exp\":1780394478}"}
{"timestamp":"2026-05-26T10:03:34.882Z","level":"LOG","message":"Decoded user: {\"id\":12,\"phone\":\"8950299308\",\"iat\":1779789678,\"exp\":1780394478}"}
{"timestamp":"2026-05-26T10:03:34.882Z","level":"LOG","message":"REQ USER: {\"id\":12,\"phone\":\"8950299308\",\"iat\":1779789678,\"exp\":1780394478}"}
{"timestamp":"2026-05-26T10:03:47.567Z","level":"LOG","message":"Decoded user: {\"id\":12,\"phone\":\"8950299308\",\"iat\":1779789678,\"exp\":1780394478}"}
{"timestamp":"2026-05-26T10:04:15.426Z","level":"LOG","message":"Decoded user: {\"id\":12,\"phone\":\"8950299308\",\"iat\":1779789678,\"exp\":1780394478}"}
{"timestamp":"2026-05-26T10:04:15.426Z","level":"LOG","message":"REQ USER: {\"id\":12,\"phone\":\"8950299308\",\"iat\":1779789678,\"exp\":1780394478}"}
{"timestamp":"2026-05-26T10:04:15.681Z","level":"LOG","message":"Decoded user: {\"id\":12,\"phone\":\"8950299308\",\"iat\":1779789678,\"exp\":1780394478}"}
{"timestamp":"2026-05-26T10:04:15.681Z","level":"LOG","message":"REQ USER: {\"id\":12,\"phone\":\"8950299308\",\"iat\":1779789678,\"exp\":1780394478}"}
{"timestamp":"2026-05-26T10:04:18.056Z","level":"LOG","message":"Decoded user: {\"id\":12,\"phone\":\"8950299308\",\"iat\":1779789678,\"exp\":1780394478}"}
{"timestamp":"2026-05-26T10:04:18.056Z","level":"LOG","message":"REQ USER: {\"id\":12,\"phone\":\"8950299308\",\"iat\":1779789678,\"exp\":1780394478}"}
{"timestamp":"2026-05-26T10:04:18.169Z","level":"LOG","message":"Decoded user: {\"id\":12,\"phone\":\"8950299308\",\"iat\":1779789678,\"exp\":1780394478}"}
{"timestamp":"2026-05-26T10:04:18.169Z","level":"LOG","message":"REQ USER: {\"id\":12,\"phone\":\"8950299308\",\"iat\":1779789678,\"exp\":1780394478}"}
{"timestamp":"2026-05-26T10:06:20.035Z","level":"LOG","message":"Decoded user: {\"id\":12,\"phone\":\"8950299308\",\"iat\":1779789678,\"exp\":1780394478}"}
{"timestamp":"2026-05-26T10:06:20.035Z","level":"LOG","message":"REQ USER: {\"id\":12,\"phone\":\"8950299308\",\"iat\":1779789678,\"exp\":1780394478}"}
{"timestamp":"2026-05-26T10:06:22.185Z","level":"LOG","message":"Decoded user: {\"id\":12,\"phone\":\"8950299308\",\"iat\":1779789678,\"exp\":1780394478}"}
{"timestamp":"2026-05-26T10:06:23.442Z","level":"LOG","message":"Decoded user: {\"id\":12,\"phone\":\"8950299308\",\"iat\":1779789678,\"exp\":1780394478}"}
{"timestamp":"2026-05-26T10:06:39.538Z","level":"LOG","message":"PAYU FAILURE BODY: {\"country\":\"\",\"udf10\":\"\",\"mode\":\"\",\"error_Message\":\"Transaction failed due to customer pressing cancel button.\",\"state\":\"\",\"bankcode\":\"\",\"txnid\":\"TXN1779789986468\",\"net_amount_debit\":\"394.20\",\"lastname\":\"\",\"zipcode\":\"\",\"phone\":\"8950299308\",\"productinfo\":\"Sound Boss Flow Beatz 35H Playtime  ENC Type-C Fast Charging Dynamic Sound Smart Touch Bluetooth Hea\",\"hash\":\"685060136bdc67a65898b452ed7a70117891c71f452f4ca68fad53b9a4fd02c69b7c610993d473ba1552d253c9d1bfd8a96f146033d471d03a7884c351ead36a\",\"status\":\"failure\",\"firstname\":\"Bhumika\",\"city\":\"\",\"isConsentPayment\":\"\",\"error\":\"E1605\",\"addedon\":\"2026-05-26 15:36:26\",\"udf9\":\"\",\"udf7\":\"\",\"udf8\":\"\",\"encryptedPaymentId\":\"28763439320\",\"bank_ref_num\":\"\",\"key\":\"i5S2dM\",\"email\":\"8950299308@customer.invalid\",\"amount\":\"394.20\",\"unmappedstatus\":\"userCancelled\",\"address2\":\"\",\"payuMoneyId\":\"28763439320\",\"address1\":\"\",\"udf5\":\"\",\"mihpayid\":\"28763439320\",\"udf6\":\"\",\"udf3\":\"\",\"udf4\":\"\",\"udf1\":\"\",\"udf2\":\"\",\"giftCardIssued\":\"\",\"field1\":\"\",\"cardnum\":\"\",\"field7\":\"\",\"field6\":\"\",\"field9\":\"Cancelled by user\",\"field8\":\"\",\"amount_split\":\"{\\\"PAYU\\\":\\\"394.20\\\"}\",\"field3\":\"\",\"field2\":\"\",\"field5\":\"\",\"PG_TYPE\":\"\",\"field4\":\"\",\"name_on_card\":\"\"}"}
{"timestamp":"2026-05-26T10:06:39.942Z","level":"LOG","message":"Decoded user: {\"id\":12,\"phone\":\"8950299308\",\"iat\":1779789678,\"exp\":1780394478}"}
{"timestamp":"2026-05-26T10:06:39.942Z","level":"LOG","message":"REQ USER: {\"id\":12,\"phone\":\"8950299308\",\"iat\":1779789678,\"exp\":1780394478}"}
{"timestamp":"2026-05-26T10:06:42.433Z","level":"LOG","message":"Decoded user: {\"id\":12,\"phone\":\"8950299308\",\"iat\":1779789678,\"exp\":1780394478}"}
{"timestamp":"2026-05-26T10:06:42.433Z","level":"LOG","message":"REQ USER: {\"id\":12,\"phone\":\"8950299308\",\"iat\":1779789678,\"exp\":1780394478}"}
{"timestamp":"2026-05-26T10:06:58.567Z","level":"LOG","message":"Decoded user: {\"id\":12,\"phone\":\"8950299308\",\"iat\":1779789678,\"exp\":1780394478}"}
{"timestamp":"2026-05-26T10:06:58.621Z","level":"LOG","message":"Decoded user: {\"id\":12,\"phone\":\"8950299308\",\"iat\":1779789678,\"exp\":1780394478}"}
{"timestamp":"2026-05-26T10:12:01.567Z","level":"LOG","message":"Decoded user: {\"id\":12,\"phone\":\"8950299308\",\"iat\":1779789678,\"exp\":1780394478}"}
{"timestamp":"2026-05-26T10:12:01.567Z","level":"LOG","message":"REQ USER: {\"id\":12,\"phone\":\"8950299308\",\"iat\":1779789678,\"exp\":1780394478}"}
{"timestamp":"2026-05-26T10:12:06.992Z","level":"LOG","message":"Decoded user: {\"id\":12,\"phone\":\"8950299308\",\"iat\":1779789678,\"exp\":1780394478}"}
{"timestamp":"2026-05-26T10:12:10.382Z","level":"LOG","message":"Decoded user: {\"id\":12,\"phone\":\"8950299308\",\"iat\":1779789678,\"exp\":1780394478}"}
{"timestamp":"2026-05-26T10:12:10.382Z","level":"LOG","message":"REQ USER: {\"id\":12,\"phone\":\"8950299308\",\"iat\":1779789678,\"exp\":1780394478}"}
{"timestamp":"2026-05-26T10:12:15.263Z","level":"LOG","message":"Decoded user: {\"id\":12,\"phone\":\"8950299308\",\"iat\":1779789678,\"exp\":1780394478}"}
{"timestamp":"2026-05-26T10:12:20.382Z","level":"LOG","message":"Decoded user: {\"id\":12,\"phone\":\"8950299308\",\"iat\":1779789678,\"exp\":1780394478}"}
{"timestamp":"2026-05-26T10:15:59.310Z","level":"LOG","message":"Decoded user: {\"id\":11,\"phone\":\"8447771582\",\"iat\":1779528982,\"exp\":1780133782}"}
{"timestamp":"2026-05-26T10:15:59.441Z","level":"LOG","message":"Decoded user: {\"id\":11,\"phone\":\"8447771582\",\"iat\":1779528982,\"exp\":1780133782}"}
{"timestamp":"2026-05-26T10:15:59.552Z","level":"LOG","message":"Decoded user: {\"id\":11,\"phone\":\"8447771582\",\"iat\":1779528982,\"exp\":1780133782}"}
{"timestamp":"2026-05-26T10:15:59.552Z","level":"LOG","message":"REQ USER: {\"id\":11,\"phone\":\"8447771582\",\"iat\":1779528982,\"exp\":1780133782}"}
{"timestamp":"2026-05-26T10:16:52.429Z","level":"LOG","message":"Decoded user: {\"id\":11,\"phone\":\"8447771582\",\"iat\":1779528982,\"exp\":1780133782}"}
{"timestamp":"2026-05-26T10:16:52.492Z","level":"LOG","message":"Decoded user: {\"id\":11,\"phone\":\"8447771582\",\"iat\":1779528982,\"exp\":1780133782}"}
{"timestamp":"2026-05-26T10:16:58.329Z","level":"LOG","message":"Decoded user: {\"id\":12,\"phone\":\"8950299308\",\"iat\":1779789678,\"exp\":1780394478}"}
{"timestamp":"2026-05-26T10:16:58.329Z","level":"LOG","message":"REQ USER: {\"id\":12,\"phone\":\"8950299308\",\"iat\":1779789678,\"exp\":1780394478}"}
{"timestamp":"2026-05-26T10:16:58.435Z","level":"LOG","message":"Decoded user: {\"id\":12,\"phone\":\"8950299308\",\"iat\":1779789678,\"exp\":1780394478}"}
{"timestamp":"2026-05-26T10:16:58.435Z","level":"LOG","message":"REQ USER: {\"id\":12,\"phone\":\"8950299308\",\"iat\":1779789678,\"exp\":1780394478}"}
{"timestamp":"2026-05-26T10:17:03.807Z","level":"LOG","message":"Decoded user: {\"id\":12,\"phone\":\"8950299308\",\"iat\":1779789678,\"exp\":1780394478}"}
{"timestamp":"2026-05-26T10:17:11.592Z","level":"LOG","message":"Decoded user: {\"id\":11,\"phone\":\"8447771582\",\"iat\":1779528982,\"exp\":1780133782}"}
{"timestamp":"2026-05-26T10:17:11.630Z","level":"LOG","message":"Decoded user: {\"id\":11,\"phone\":\"8447771582\",\"iat\":1779528982,\"exp\":1780133782}"}
{"timestamp":"2026-05-26T10:17:19.144Z","level":"LOG","message":"Decoded user: {\"id\":11,\"phone\":\"8447771582\",\"iat\":1779528982,\"exp\":1780133782}"}
{"timestamp":"2026-05-26T10:17:19.144Z","level":"LOG","message":"REQ USER: {\"id\":11,\"phone\":\"8447771582\",\"iat\":1779528982,\"exp\":1780133782}"}
{"timestamp":"2026-05-26T10:17:19.212Z","level":"LOG","message":"Decoded user: {\"id\":11,\"phone\":\"8447771582\",\"iat\":1779528982,\"exp\":1780133782}"}
{"timestamp":"2026-05-26T10:17:19.212Z","level":"LOG","message":"REQ USER: {\"id\":11,\"phone\":\"8447771582\",\"iat\":1779528982,\"exp\":1780133782}"}
{"timestamp":"2026-05-26T10:17:26.886Z","level":"LOG","message":"Decoded user: {\"id\":11,\"phone\":\"8447771582\",\"iat\":1779528982,\"exp\":1780133782}"}
{"timestamp":"2026-05-26T10:17:26.931Z","level":"LOG","message":"Decoded user: {\"id\":11,\"phone\":\"8447771582\",\"iat\":1779528982,\"exp\":1780133782}"}
{"timestamp":"2026-05-26T10:17:59.021Z","level":"LOG","message":"Decoded user: {\"id\":11,\"phone\":\"8447771582\",\"iat\":1779528982,\"exp\":1780133782}"}
{"timestamp":"2026-05-26T10:17:59.269Z","level":"LOG","message":"Decoded user: {\"id\":11,\"phone\":\"8447771582\",\"iat\":1779528982,\"exp\":1780133782}"}
{"timestamp":"2026-05-26T10:17:59.269Z","level":"LOG","message":"REQ USER: {\"id\":11,\"phone\":\"8447771582\",\"iat\":1779528982,\"exp\":1780133782}"}
{"timestamp":"2026-05-26T10:23:49.285Z","level":"LOG","message":"Decoded user: {\"id\":12,\"phone\":\"8950299308\",\"iat\":1779789678,\"exp\":1780394478}"}
{"timestamp":"2026-05-26T10:23:49.326Z","level":"LOG","message":"Decoded user: {\"id\":12,\"phone\":\"8950299308\",\"iat\":1779789678,\"exp\":1780394478}"}
{"timestamp":"2026-05-26T10:32:05.631Z","level":"LOG","message":"Decoded user: {\"id\":12,\"phone\":\"8950299308\",\"iat\":1779789678,\"exp\":1780394478}"}
{"timestamp":"2026-05-26T10:32:05.691Z","level":"LOG","message":"Decoded user: {\"id\":12,\"phone\":\"8950299308\",\"iat\":1779789678,\"exp\":1780394478}"}
{"timestamp":"2026-05-26T10:32:05.813Z","level":"LOG","message":"Decoded user: {\"id\":12,\"phone\":\"8950299308\",\"iat\":1779789678,\"exp\":1780394478}"}
{"timestamp":"2026-05-26T10:32:05.814Z","level":"LOG","message":"REQ USER: {\"id\":12,\"phone\":\"8950299308\",\"iat\":1779789678,\"exp\":1780394478}"}
{"timestamp":"2026-05-26T10:32:15.229Z","level":"LOG","message":"Decoded user: {\"id\":12,\"phone\":\"8950299308\",\"iat\":1779789678,\"exp\":1780394478}"}
{"timestamp":"2026-05-26T10:32:15.229Z","level":"LOG","message":"REQ USER: {\"id\":12,\"phone\":\"8950299308\",\"iat\":1779789678,\"exp\":1780394478}"}
{"timestamp":"2026-05-26T10:32:17.076Z","level":"LOG","message":"Decoded user: {\"id\":12,\"phone\":\"8950299308\",\"iat\":1779789678,\"exp\":1780394478}"}
{"timestamp":"2026-05-26T10:32:22.454Z","level":"LOG","message":"Decoded user: {\"id\":12,\"phone\":\"8950299308\",\"iat\":1779789678,\"exp\":1780394478}"}
{"timestamp":"2026-05-26T10:32:28.778Z","level":"LOG","message":"orderStatusSms confirmed: ORD1779791548491 sent "}
{"timestamp":"2026-05-26T10:32:30.845Z","level":"LOG","message":"Decoded user: {\"id\":12,\"phone\":\"8950299308\",\"iat\":1779789678,\"exp\":1780394478}"}
{"timestamp":"2026-05-26T10:32:30.907Z","level":"LOG","message":"Decoded user: {\"id\":12,\"phone\":\"8950299308\",\"iat\":1779789678,\"exp\":1780394478}"}
{"timestamp":"2026-05-26T10:40:54.875Z","level":"LOG","message":"[dotenv@17.3.1] injecting env (21) from .env -- tip: 🛡️ auth for agents: https://vestauth.com"}
{"timestamp":"2026-05-26T10:40:55.171Z","level":"LOG","message":"[dotenv@17.3.1] injecting env (0) from .env -- tip: ⚙️  enable debug logging with { debug: true }"}
{"timestamp":"2026-05-26T10:40:55.546Z","level":"LOG","message":"[dotenv@17.3.1] injecting env (0) from .env -- tip: ⚙️  specify custom .env file path with { path: '/custom/path/.env' }"}
{"timestamp":"2026-05-26T10:40:55.893Z","level":"LOG","message":"✅ DB Connected"}
{"timestamp":"2026-05-26T10:40:55.967Z","level":"LOG","message":"✅ Tables Synced"}
{"timestamp":"2026-05-26T10:40:55.981Z","level":"LOG","message":"🚀 Server running on port 9001"}
{"timestamp":"2026-05-26T10:43:49.464Z","level":"LOG","message":"[dotenv@17.3.1] injecting env (21) from .env -- tip: 🔐 prevent building .env in docker: https://dotenvx.com/prebuild"}
{"timestamp":"2026-05-26T10:43:49.797Z","level":"LOG","message":"[dotenv@17.3.1] injecting env (0) from .env -- tip: ⚙️  write to custom object with { processEnv: myObject }"}
{"timestamp":"2026-05-26T10:43:50.720Z","level":"LOG","message":"[dotenv@17.3.1] injecting env (21) from .env -- tip: ⚙️  write to custom object with { processEnv: myObject }"}
{"timestamp":"2026-05-26T10:43:51.062Z","level":"LOG","message":"[dotenv@17.3.1] injecting env (0) from .env -- tip: 🤖 agentic secret storage: https://dotenvx.com/as2"}
{"timestamp":"2026-05-26T10:43:51.487Z","level":"LOG","message":"[dotenv@17.3.1] injecting env (0) from .env -- tip: ⚙️  specify custom .env file path with { path: '/custom/path/.env' }"}
{"timestamp":"2026-05-26T10:43:51.891Z","level":"LOG","message":"✅ DB Connected"}
{"timestamp":"2026-05-26T10:43:52.090Z","level":"LOG","message":"✅ Tables Synced"}
{"timestamp":"2026-05-26T10:43:52.104Z","level":"LOG","message":"🚀 Server running on port 9001"}
{"timestamp":"2026-05-26T10:43:52.212Z","level":"LOG","message":"Decoded user: {\"id\":12,\"phone\":\"8950299308\",\"iat\":1779789678,\"exp\":1780394478}"}
{"timestamp":"2026-05-26T10:43:52.218Z","level":"LOG","message":"Decoded user: {\"id\":12,\"phone\":\"8950299308\",\"iat\":1779789678,\"exp\":1780394478}"}
{"timestamp":"2026-05-26T10:43:52.503Z","level":"LOG","message":"Decoded user: {\"id\":12,\"phone\":\"8950299308\",\"iat\":1779789678,\"exp\":1780394478}"}
{"timestamp":"2026-05-26T10:43:52.504Z","level":"LOG","message":"REQ USER: {\"id\":12,\"phone\":\"8950299308\",\"iat\":1779789678,\"exp\":1780394478}"}
{"timestamp":"2026-05-26T10:43:55.983Z","level":"LOG","message":"Decoded user: {\"id\":12,\"phone\":\"8950299308\",\"iat\":1779789678,\"exp\":1780394478}"}
{"timestamp":"2026-05-26T10:43:55.983Z","level":"LOG","message":"REQ USER: {\"id\":12,\"phone\":\"8950299308\",\"iat\":1779789678,\"exp\":1780394478}"}
{"timestamp":"2026-05-26T10:44:04.539Z","level":"LOG","message":"Decoded user: {\"id\":12,\"phone\":\"8950299308\",\"iat\":1779789678,\"exp\":1780394478}"}
{"timestamp":"2026-05-26T10:44:10.064Z","level":"LOG","message":"Decoded user: {\"id\":12,\"phone\":\"8950299308\",\"iat\":1779789678,\"exp\":1780394478}"}
{"timestamp":"2026-05-26T10:44:19.300Z","level":"LOG","message":"Decoded user: {\"id\":12,\"phone\":\"8950299308\",\"iat\":1779789678,\"exp\":1780394478}"}
{"timestamp":"2026-05-26T10:44:19.301Z","level":"LOG","message":"REQ USER: {\"id\":12,\"phone\":\"8950299308\",\"iat\":1779789678,\"exp\":1780394478}"}
{"timestamp":"2026-05-26T10:44:27.006Z","level":"LOG","message":"orderStatusSms confirmed: ORD1779792257112 sent "}
{"timestamp":"2026-05-26T10:44:29.462Z","level":"LOG","message":"Decoded user: {\"id\":12,\"phone\":\"8950299308\",\"iat\":1779789678,\"exp\":1780394478}"}
{"timestamp":"2026-05-26T10:44:29.512Z","level":"LOG","message":"Decoded user: {\"id\":12,\"phone\":\"8950299308\",\"iat\":1779789678,\"exp\":1780394478}"}
{"timestamp":"2026-05-26T10:44:30.173Z","level":"LOG","message":"Decoded user: {\"id\":12,\"phone\":\"8950299308\",\"iat\":1779789678,\"exp\":1780394478}"}
{"timestamp":"2026-05-26T10:44:30.175Z","level":"LOG","message":"Decoded user: {\"id\":12,\"phone\":\"8950299308\",\"iat\":1779789678,\"exp\":1780394478}"}
{"timestamp":"2026-05-26T10:44:30.345Z","level":"LOG","message":"Decoded user: {\"id\":12,\"phone\":\"8950299308\",\"iat\":1779789678,\"exp\":1780394478}"}
{"timestamp":"2026-05-26T10:44:30.345Z","level":"LOG","message":"REQ USER: {\"id\":12,\"phone\":\"8950299308\",\"iat\":1779789678,\"exp\":1780394478}"}
{"timestamp":"2026-05-26T10:44:32.763Z","level":"LOG","message":"Decoded user: {\"id\":12,\"phone\":\"8950299308\",\"iat\":1779789678,\"exp\":1780394478}"}
{"timestamp":"2026-05-26T10:44:41.812Z","level":"LOG","message":"Decoded user: {\"id\":12,\"phone\":\"8950299308\",\"iat\":1779789678,\"exp\":1780394478}"}
{"timestamp":"2026-05-26T10:44:52.726Z","level":"LOG","message":"Decoded user: {\"id\":12,\"phone\":\"8950299308\",\"iat\":1779789678,\"exp\":1780394478}"}
{"timestamp":"2026-05-26T10:44:54.576Z","level":"LOG","message":"Decoded user: {\"id\":12,\"phone\":\"8950299308\",\"iat\":1779789678,\"exp\":1780394478}"}
{"timestamp":"2026-05-26T10:44:54.650Z","level":"LOG","message":"Decoded user: {\"id\":12,\"phone\":\"8950299308\",\"iat\":1779789678,\"exp\":1780394478}"}
{"timestamp":"2026-05-26T10:44:54.742Z","level":"LOG","message":"Decoded user: {\"id\":12,\"phone\":\"8950299308\",\"iat\":1779789678,\"exp\":1780394478}"}
{"timestamp":"2026-05-26T10:44:54.742Z","level":"LOG","message":"REQ USER: {\"id\":12,\"phone\":\"8950299308\",\"iat\":1779789678,\"exp\":1780394478}"}
{"timestamp":"2026-05-26T10:44:56.715Z","level":"LOG","message":"Decoded user: {\"id\":12,\"phone\":\"8950299308\",\"iat\":1779789678,\"exp\":1780394478}"}
{"timestamp":"2026-05-26T10:44:56.715Z","level":"LOG","message":"REQ USER: {\"id\":12,\"phone\":\"8950299308\",\"iat\":1779789678,\"exp\":1780394478}"}
{"timestamp":"2026-05-26T10:59:35.704Z","level":"LOG","message":"Decoded user: {\"id\":12,\"phone\":\"8950299308\",\"iat\":1779789678,\"exp\":1780394478}"}
{"timestamp":"2026-05-26T10:59:35.704Z","level":"LOG","message":"REQ USER: {\"id\":12,\"phone\":\"8950299308\",\"iat\":1779789678,\"exp\":1780394478}"}
{"timestamp":"2026-05-26T10:59:36.610Z","level":"LOG","message":"Decoded user: {\"id\":12,\"phone\":\"8950299308\",\"iat\":1779789678,\"exp\":1780394478}"}
{"timestamp":"2026-05-26T10:59:38.599Z","level":"LOG","message":"Decoded user: {\"id\":12,\"phone\":\"8950299308\",\"iat\":1779789678,\"exp\":1780394478}"}
{"timestamp":"2026-05-26T11:07:27.175Z","level":"LOG","message":"Decoded user: {\"id\":11,\"phone\":\"8447771582\",\"iat\":1779528982,\"exp\":1780133782}"}
{"timestamp":"2026-05-26T11:07:27.279Z","level":"LOG","message":"Decoded user: {\"id\":11,\"phone\":\"8447771582\",\"iat\":1779528982,\"exp\":1780133782}"}
{"timestamp":"2026-05-26T11:07:27.279Z","level":"LOG","message":"REQ USER: {\"id\":11,\"phone\":\"8447771582\",\"iat\":1779528982,\"exp\":1780133782}"}
{"timestamp":"2026-05-26T11:07:28.841Z","level":"LOG","message":"Decoded user: {\"id\":11,\"phone\":\"8447771582\",\"iat\":1779528982,\"exp\":1780133782}"}
{"timestamp":"2026-05-26T11:07:28.881Z","level":"LOG","message":"Decoded user: {\"id\":11,\"phone\":\"8447771582\",\"iat\":1779528982,\"exp\":1780133782}"}
{"timestamp":"2026-05-26T11:08:42.512Z","level":"LOG","message":"[dotenv@17.3.1] injecting env (21) from .env -- tip: 🔐 encrypt with Dotenvx: https://dotenvx.com"}
{"timestamp":"2026-05-26T11:08:42.803Z","level":"LOG","message":"[dotenv@17.3.1] injecting env (0) from .env -- tip: ⚙️  suppress all logs with { quiet: true }"}
{"timestamp":"2026-05-26T11:08:43.175Z","level":"LOG","message":"[dotenv@17.3.1] injecting env (0) from .env -- tip: ⚙️  override existing env vars with { override: true }"}
{"timestamp":"2026-05-26T11:08:43.500Z","level":"LOG","message":"✅ DB Connected"}
{"timestamp":"2026-05-26T11:08:43.604Z","level":"LOG","message":"✅ Tables Synced"}
{"timestamp":"2026-05-26T11:08:43.618Z","level":"LOG","message":"🚀 Server running on port 9001"}
{"timestamp":"2026-05-26T11:09:17.426Z","level":"LOG","message":"[dotenv@17.3.1] injecting env (21) from .env -- tip: 🛡️ auth for agents: https://vestauth.com"}
{"timestamp":"2026-05-26T11:09:17.711Z","level":"LOG","message":"[dotenv@17.3.1] injecting env (0) from .env -- tip: ⚙️  write to custom object with { processEnv: myObject }"}
{"timestamp":"2026-05-26T11:09:18.087Z","level":"LOG","message":"[dotenv@17.3.1] injecting env (0) from .env -- tip: ⚙️  specify custom .env file path with { path: '/custom/path/.env' }"}
{"timestamp":"2026-05-26T11:09:18.415Z","level":"LOG","message":"✅ DB Connected"}
{"timestamp":"2026-05-26T11:09:18.501Z","level":"LOG","message":"✅ Tables Synced"}
{"timestamp":"2026-05-26T11:09:18.516Z","level":"LOG","message":"🚀 Server running on port 9001"}
{"timestamp":"2026-05-26T11:09:20.477Z","level":"LOG","message":"Decoded user: {\"id\":12,\"phone\":\"8950299308\",\"iat\":1779789678,\"exp\":1780394478}"}
{"timestamp":"2026-05-26T11:09:20.778Z","level":"LOG","message":"Decoded user: {\"id\":12,\"phone\":\"8950299308\",\"iat\":1779789678,\"exp\":1780394478}"}
{"timestamp":"2026-05-26T11:09:20.779Z","level":"LOG","message":"REQ USER: {\"id\":12,\"phone\":\"8950299308\",\"iat\":1779789678,\"exp\":1780394478}"}
{"timestamp":"2026-05-26T11:10:38.734Z","level":"LOG","message":"Decoded user: {\"id\":12,\"phone\":\"8950299308\",\"iat\":1779789678,\"exp\":1780394478}"}
{"timestamp":"2026-05-26T11:10:38.734Z","level":"LOG","message":"REQ USER: {\"id\":12,\"phone\":\"8950299308\",\"iat\":1779789678,\"exp\":1780394478}"}
{"timestamp":"2026-05-26T11:11:09.192Z","level":"LOG","message":"Decoded user: {\"id\":11,\"phone\":\"8447771582\",\"iat\":1779528982,\"exp\":1780133782}"}
{"timestamp":"2026-05-26T11:11:09.386Z","level":"LOG","message":"Decoded user: {\"id\":11,\"phone\":\"8447771582\",\"iat\":1779528982,\"exp\":1780133782}"}
{"timestamp":"2026-05-26T11:11:09.386Z","level":"LOG","message":"REQ USER: {\"id\":11,\"phone\":\"8447771582\",\"iat\":1779528982,\"exp\":1780133782}"}
{"timestamp":"2026-05-26T11:36:02.395Z","level":"LOG","message":"Decoded user: {\"id\":11,\"phone\":\"8447771582\",\"iat\":1779528982,\"exp\":1780133782}"}
{"timestamp":"2026-05-26T11:36:02.511Z","level":"LOG","message":"Decoded user: {\"id\":11,\"phone\":\"8447771582\",\"iat\":1779528982,\"exp\":1780133782}"}
{"timestamp":"2026-05-26T11:36:02.511Z","level":"LOG","message":"REQ USER: {\"id\":11,\"phone\":\"8447771582\",\"iat\":1779528982,\"exp\":1780133782}"}
{"timestamp":"2026-05-26T11:36:03.643Z","level":"LOG","message":"Decoded user: {\"id\":11,\"phone\":\"8447771582\",\"iat\":1779528982,\"exp\":1780133782}"}
{"timestamp":"2026-05-26T11:36:03.643Z","level":"LOG","message":"REQ USER: {\"id\":11,\"phone\":\"8447771582\",\"iat\":1779528982,\"exp\":1780133782}"}
{"timestamp":"2026-05-26T11:36:03.846Z","level":"LOG","message":"Decoded user: {\"id\":11,\"phone\":\"8447771582\",\"iat\":1779528982,\"exp\":1780133782}"}
{"timestamp":"2026-05-26T11:36:03.846Z","level":"LOG","message":"REQ USER: {\"id\":11,\"phone\":\"8447771582\",\"iat\":1779528982,\"exp\":1780133782}"}
{"timestamp":"2026-05-26T11:36:04.885Z","level":"LOG","message":"Decoded user: {\"id\":11,\"phone\":\"8447771582\",\"iat\":1779528982,\"exp\":1780133782}"}
{"timestamp":"2026-05-26T11:36:05.157Z","level":"LOG","message":"Decoded user: {\"id\":11,\"phone\":\"8447771582\",\"iat\":1779528982,\"exp\":1780133782}"}
{"timestamp":"2026-05-26T11:41:22.972Z","level":"LOG","message":"Decoded user: {\"id\":12,\"phone\":\"8950299308\",\"iat\":1779789678,\"exp\":1780394478}"}
{"timestamp":"2026-05-26T11:41:22.972Z","level":"LOG","message":"REQ USER: {\"id\":12,\"phone\":\"8950299308\",\"iat\":1779789678,\"exp\":1780394478}"}
{"timestamp":"2026-05-26T11:41:23.561Z","level":"LOG","message":"Decoded user: {\"id\":12,\"phone\":\"8950299308\",\"iat\":1779789678,\"exp\":1780394478}"}
{"timestamp":"2026-05-26T11:41:23.561Z","level":"LOG","message":"REQ USER: {\"id\":12,\"phone\":\"8950299308\",\"iat\":1779789678,\"exp\":1780394478}"}
{"timestamp":"2026-05-26T11:41:26.425Z","level":"LOG","message":"Decoded user: {\"id\":12,\"phone\":\"8950299308\",\"iat\":1779789678,\"exp\":1780394478}"}
{"timestamp":"2026-05-26T11:41:26.487Z","level":"LOG","message":"Decoded user: {\"id\":12,\"phone\":\"8950299308\",\"iat\":1779789678,\"exp\":1780394478}"}
{"timestamp":"2026-05-26T11:41:32.163Z","level":"LOG","message":"Decoded user: {\"id\":12,\"phone\":\"8950299308\",\"iat\":1779789678,\"exp\":1780394478}"}
{"timestamp":"2026-05-26T11:41:32.163Z","level":"LOG","message":"REQ USER: {\"id\":12,\"phone\":\"8950299308\",\"iat\":1779789678,\"exp\":1780394478}"}
{"timestamp":"2026-05-26T11:42:14.277Z","level":"LOG","message":"Decoded user: {\"id\":11,\"phone\":\"8447771582\",\"iat\":1779528982,\"exp\":1780133782}"}
{"timestamp":"2026-05-26T11:42:14.978Z","level":"LOG","message":"Decoded user: {\"id\":11,\"phone\":\"8447771582\",\"iat\":1779528982,\"exp\":1780133782}"}
{"timestamp":"2026-05-26T11:42:14.978Z","level":"LOG","message":"REQ USER: {\"id\":11,\"phone\":\"8447771582\",\"iat\":1779528982,\"exp\":1780133782}"}
{"timestamp":"2026-05-26T11:42:42.893Z","level":"LOG","message":"Decoded user: {\"id\":12,\"phone\":\"8950299308\",\"iat\":1779789678,\"exp\":1780394478}"}
{"timestamp":"2026-05-26T11:42:42.893Z","level":"LOG","message":"REQ USER: {\"id\":12,\"phone\":\"8950299308\",\"iat\":1779789678,\"exp\":1780394478}"}
{"timestamp":"2026-05-26T11:42:44.480Z","level":"LOG","message":"Decoded user: {\"id\":12,\"phone\":\"8950299308\",\"iat\":1779789678,\"exp\":1780394478}"}
{"timestamp":"2026-05-26T11:42:53.797Z","level":"LOG","message":"Decoded user: {\"id\":12,\"phone\":\"8950299308\",\"iat\":1779789678,\"exp\":1780394478}"}
{"timestamp":"2026-05-26T11:42:53.797Z","level":"LOG","message":"REQ USER: {\"id\":12,\"phone\":\"8950299308\",\"iat\":1779789678,\"exp\":1780394478}"}
{"timestamp":"2026-05-26T11:42:55.550Z","level":"LOG","message":"Decoded user: {\"id\":12,\"phone\":\"8950299308\",\"iat\":1779789678,\"exp\":1780394478}"}
{"timestamp":"2026-05-26T11:42:55.550Z","level":"LOG","message":"REQ USER: {\"id\":12,\"phone\":\"8950299308\",\"iat\":1779789678,\"exp\":1780394478}"}
{"timestamp":"2026-05-26T11:42:56.231Z","level":"LOG","message":"Decoded user: {\"id\":12,\"phone\":\"8950299308\",\"iat\":1779789678,\"exp\":1780394478}"}
{"timestamp":"2026-05-26T11:42:56.231Z","level":"LOG","message":"REQ USER: {\"id\":12,\"phone\":\"8950299308\",\"iat\":1779789678,\"exp\":1780394478}"}
{"timestamp":"2026-05-26T11:42:56.986Z","level":"LOG","message":"Decoded user: {\"id\":12,\"phone\":\"8950299308\",\"iat\":1779789678,\"exp\":1780394478}"}
{"timestamp":"2026-05-26T11:42:56.987Z","level":"LOG","message":"REQ USER: {\"id\":12,\"phone\":\"8950299308\",\"iat\":1779789678,\"exp\":1780394478}"}
{"timestamp":"2026-05-26T11:42:58.908Z","level":"LOG","message":"Decoded user: {\"id\":12,\"phone\":\"8950299308\",\"iat\":1779789678,\"exp\":1780394478}"}
{"timestamp":"2026-05-26T11:42:58.908Z","level":"LOG","message":"REQ USER: {\"id\":12,\"phone\":\"8950299308\",\"iat\":1779789678,\"exp\":1780394478}"}
{"timestamp":"2026-05-26T11:43:00.780Z","level":"LOG","message":"Decoded user: {\"id\":12,\"phone\":\"8950299308\",\"iat\":1779789678,\"exp\":1780394478}"}
{"timestamp":"2026-05-26T11:43:03.489Z","level":"LOG","message":"Decoded user: {\"id\":12,\"phone\":\"8950299308\",\"iat\":1779789678,\"exp\":1780394478}"}
{"timestamp":"2026-05-26T11:43:03.489Z","level":"LOG","message":"REQ USER: {\"id\":12,\"phone\":\"8950299308\",\"iat\":1779789678,\"exp\":1780394478}"}
{"timestamp":"2026-05-26T11:43:05.221Z","level":"LOG","message":"Decoded user: {\"id\":12,\"phone\":\"8950299308\",\"iat\":1779789678,\"exp\":1780394478}"}
{"timestamp":"2026-05-26T11:46:55.895Z","level":"LOG","message":"Decoded user: {\"id\":12,\"phone\":\"8950299308\",\"iat\":1779789678,\"exp\":1780394478}"}
{"timestamp":"2026-05-26T11:46:56.039Z","level":"LOG","message":"Decoded user: {\"id\":12,\"phone\":\"8950299308\",\"iat\":1779789678,\"exp\":1780394478}"}
{"timestamp":"2026-05-26T11:46:56.039Z","level":"LOG","message":"REQ USER: {\"id\":12,\"phone\":\"8950299308\",\"iat\":1779789678,\"exp\":1780394478}"}
{"timestamp":"2026-05-26T11:46:58.265Z","level":"LOG","message":"Decoded user: {\"id\":12,\"phone\":\"8950299308\",\"iat\":1779789678,\"exp\":1780394478}"}
{"timestamp":"2026-05-26T11:46:58.265Z","level":"LOG","message":"REQ USER: {\"id\":12,\"phone\":\"8950299308\",\"iat\":1779789678,\"exp\":1780394478}"}
{"timestamp":"2026-05-26T11:46:59.942Z","level":"LOG","message":"Decoded user: {\"id\":12,\"phone\":\"8950299308\",\"iat\":1779789678,\"exp\":1780394478}"}
{"timestamp":"2026-05-26T11:52:58.313Z","level":"LOG","message":"Decoded user: {\"id\":11,\"phone\":\"8447771582\",\"iat\":1779528982,\"exp\":1780133782}"}
{"timestamp":"2026-05-26T11:52:58.464Z","level":"LOG","message":"Decoded user: {\"id\":11,\"phone\":\"8447771582\",\"iat\":1779528982,\"exp\":1780133782}"}
{"timestamp":"2026-05-26T11:52:58.464Z","level":"LOG","message":"REQ USER: {\"id\":11,\"phone\":\"8447771582\",\"iat\":1779528982,\"exp\":1780133782}"}
{"timestamp":"2026-05-26T11:53:00.026Z","level":"LOG","message":"Decoded user: {\"id\":12,\"phone\":\"8950299308\",\"iat\":1779789678,\"exp\":1780394478}"}
{"timestamp":"2026-05-26T11:53:00.026Z","level":"LOG","message":"REQ USER: {\"id\":12,\"phone\":\"8950299308\",\"iat\":1779789678,\"exp\":1780394478}"}
{"timestamp":"2026-05-26T11:53:00.201Z","level":"LOG","message":"Decoded user: {\"id\":12,\"phone\":\"8950299308\",\"iat\":1779789678,\"exp\":1780394478}"}
{"timestamp":"2026-05-26T11:53:00.201Z","level":"LOG","message":"REQ USER: {\"id\":12,\"phone\":\"8950299308\",\"iat\":1779789678,\"exp\":1780394478}"}
{"timestamp":"2026-05-26T11:53:04.486Z","level":"LOG","message":"Decoded user: {\"id\":12,\"phone\":\"8950299308\",\"iat\":1779789678,\"exp\":1780394478}"}
{"timestamp":"2026-05-26T11:58:27.930Z","level":"LOG","message":"Decoded user: {\"id\":2,\"phone\":\"9935146914\",\"iat\":1779535206,\"exp\":1780140006}"}
{"timestamp":"2026-05-26T11:58:27.930Z","level":"LOG","message":"REQ USER: {\"id\":2,\"phone\":\"9935146914\",\"iat\":1779535206,\"exp\":1780140006}"}
{"timestamp":"2026-05-26T11:58:28.235Z","level":"LOG","message":"Decoded user: {\"id\":2,\"phone\":\"9935146914\",\"iat\":1779535206,\"exp\":1780140006}"}
{"timestamp":"2026-05-26T11:58:28.235Z","level":"LOG","message":"REQ USER: {\"id\":2,\"phone\":\"9935146914\",\"iat\":1779535206,\"exp\":1780140006}"}
{"timestamp":"2026-05-26T11:58:30.693Z","level":"LOG","message":"Decoded user: {\"id\":2,\"phone\":\"9935146914\",\"iat\":1779535206,\"exp\":1780140006}"}
{"timestamp":"2026-05-26T11:58:30.693Z","level":"LOG","message":"REQ USER: {\"id\":2,\"phone\":\"9935146914\",\"iat\":1779535206,\"exp\":1780140006}"}
{"timestamp":"2026-05-26T11:58:31.000Z","level":"LOG","message":"Decoded user: {\"id\":2,\"phone\":\"9935146914\",\"iat\":1779535206,\"exp\":1780140006}"}
{"timestamp":"2026-05-26T11:58:31.000Z","level":"LOG","message":"REQ USER: {\"id\":2,\"phone\":\"9935146914\",\"iat\":1779535206,\"exp\":1780140006}"}
{"timestamp":"2026-05-26T11:58:42.564Z","level":"LOG","message":"Decoded user: {\"id\":2,\"phone\":\"9935146914\",\"iat\":1779535206,\"exp\":1780140006}"}
{"timestamp":"2026-05-26T11:58:42.564Z","level":"LOG","message":"REQ USER: {\"id\":2,\"phone\":\"9935146914\",\"iat\":1779535206,\"exp\":1780140006}"}
{"timestamp":"2026-05-26T11:58:44.829Z","level":"LOG","message":"Decoded user: {\"id\":2,\"phone\":\"9935146914\",\"iat\":1779535206,\"exp\":1780140006}"}
{"timestamp":"2026-05-26T11:58:48.950Z","level":"LOG","message":"Decoded user: {\"id\":2,\"phone\":\"9935146914\",\"iat\":1779535206,\"exp\":1780140006}"}
{"timestamp":"2026-05-26T11:58:48.950Z","level":"LOG","message":"REQ USER: {\"id\":2,\"phone\":\"9935146914\",\"iat\":1779535206,\"exp\":1780140006}"}
{"timestamp":"2026-05-26T11:58:49.780Z","level":"LOG","message":"Decoded user: {\"id\":2,\"phone\":\"9935146914\",\"iat\":1779535206,\"exp\":1780140006}"}
{"timestamp":"2026-05-26T11:58:50.950Z","level":"LOG","message":"Decoded user: {\"id\":2,\"phone\":\"9935146914\",\"iat\":1779535206,\"exp\":1780140006}"}
{"timestamp":"2026-05-26T11:59:29.081Z","level":"LOG","message":"Decoded user: {\"id\":2,\"phone\":\"9935146914\",\"iat\":1779535206,\"exp\":1780140006}"}
{"timestamp":"2026-05-26T11:59:29.082Z","level":"LOG","message":"REQ USER: {\"id\":2,\"phone\":\"9935146914\",\"iat\":1779535206,\"exp\":1780140006}"}
{"timestamp":"2026-05-26T11:59:31.599Z","level":"LOG","message":"Decoded user: {\"id\":2,\"phone\":\"9935146914\",\"iat\":1779535206,\"exp\":1780140006}"}
{"timestamp":"2026-05-26T11:59:32.874Z","level":"LOG","message":"Decoded user: {\"id\":2,\"phone\":\"9935146914\",\"iat\":1779535206,\"exp\":1780140006}"}
{"timestamp":"2026-05-26T11:59:38.139Z","level":"LOG","message":"Decoded user: {\"id\":2,\"phone\":\"9935146914\",\"iat\":1779535206,\"exp\":1780140006}"}
{"timestamp":"2026-05-26T11:59:38.215Z","level":"LOG","message":"Decoded user: {\"id\":2,\"phone\":\"9935146914\",\"iat\":1779535206,\"exp\":1780140006}"}
{"timestamp":"2026-05-26T12:12:53.539Z","level":"LOG","message":"[dotenv@17.3.1] injecting env (21) from .env -- tip: ⚙️  write to custom object with { processEnv: myObject }"}
{"timestamp":"2026-05-26T12:12:53.834Z","level":"LOG","message":"[dotenv@17.3.1] injecting env (0) from .env -- tip: 🛠️  run anywhere with `dotenvx run -- yourcommand`"}
{"timestamp":"2026-05-26T12:12:54.203Z","level":"LOG","message":"[dotenv@17.3.1] injecting env (0) from .env -- tip: 🔐 prevent building .env in docker: https://dotenvx.com/prebuild"}
{"timestamp":"2026-05-26T12:12:54.588Z","level":"LOG","message":"✅ DB Connected"}
{"timestamp":"2026-05-26T12:12:54.794Z","level":"LOG","message":"✅ Tables Synced"}
{"timestamp":"2026-05-26T12:12:54.810Z","level":"LOG","message":"🚀 Server running on port 9001"}
{"timestamp":"2026-05-26T12:20:17.372Z","level":"LOG","message":"Decoded user: {\"id\":2,\"phone\":\"9935146914\",\"iat\":1779535206,\"exp\":1780140006}"}
{"timestamp":"2026-05-26T12:20:17.372Z","level":"LOG","message":"REQ USER: {\"id\":2,\"phone\":\"9935146914\",\"iat\":1779535206,\"exp\":1780140006}"}
{"timestamp":"2026-05-26T12:32:43.691Z","level":"LOG","message":"Decoded user: {\"id\":2,\"phone\":\"9935146914\",\"iat\":1779535206,\"exp\":1780140006}"}
{"timestamp":"2026-05-26T12:32:43.777Z","level":"LOG","message":"Decoded user: {\"id\":2,\"phone\":\"9935146914\",\"iat\":1779535206,\"exp\":1780140006}"}
{"timestamp":"2026-05-26T12:33:15.021Z","level":"LOG","message":"Decoded user: {\"id\":2,\"phone\":\"9935146914\",\"iat\":1779535206,\"exp\":1780140006}"}
{"timestamp":"2026-05-26T12:33:16.624Z","level":"LOG","message":"Decoded user: {\"id\":2,\"phone\":\"9935146914\",\"iat\":1779535206,\"exp\":1780140006}"}
{"timestamp":"2026-05-26T12:33:16.624Z","level":"LOG","message":"REQ USER: {\"id\":2,\"phone\":\"9935146914\",\"iat\":1779535206,\"exp\":1780140006}"}
{"timestamp":"2026-05-26T12:33:17.386Z","level":"LOG","message":"Decoded user: {\"id\":2,\"phone\":\"9935146914\",\"iat\":1779535206,\"exp\":1780140006}"}
{"timestamp":"2026-05-26T12:33:26.059Z","level":"LOG","message":"Decoded user: {\"id\":2,\"phone\":\"9935146914\",\"iat\":1779535206,\"exp\":1780140006}"}
{"timestamp":"2026-05-26T12:33:26.059Z","level":"LOG","message":"REQ USER: {\"id\":2,\"phone\":\"9935146914\",\"iat\":1779535206,\"exp\":1780140006}"}
{"timestamp":"2026-05-26T12:34:29.876Z","level":"LOG","message":"Decoded user: {\"id\":2,\"phone\":\"9935146914\",\"iat\":1779535206,\"exp\":1780140006}"}
{"timestamp":"2026-05-26T12:34:29.876Z","level":"LOG","message":"REQ USER: {\"id\":2,\"phone\":\"9935146914\",\"iat\":1779535206,\"exp\":1780140006}"}
{"timestamp":"2026-05-26T12:34:49.865Z","level":"LOG","message":"Decoded user: {\"id\":11,\"phone\":\"8447771582\",\"iat\":1779528982,\"exp\":1780133782}"}
{"timestamp":"2026-05-26T12:34:49.984Z","level":"LOG","message":"Decoded user: {\"id\":11,\"phone\":\"8447771582\",\"iat\":1779528982,\"exp\":1780133782}"}
{"timestamp":"2026-05-26T12:34:49.984Z","level":"LOG","message":"REQ USER: {\"id\":11,\"phone\":\"8447771582\",\"iat\":1779528982,\"exp\":1780133782}"}
{"timestamp":"2026-05-26T12:38:50.888Z","level":"LOG","message":"Decoded user: {\"id\":12,\"phone\":\"8950299308\",\"iat\":1779789678,\"exp\":1780394478}"}
{"timestamp":"2026-05-26T12:38:51.095Z","level":"LOG","message":"Decoded user: {\"id\":12,\"phone\":\"8950299308\",\"iat\":1779789678,\"exp\":1780394478}"}
{"timestamp":"2026-05-26T12:38:51.095Z","level":"LOG","message":"REQ USER: {\"id\":12,\"phone\":\"8950299308\",\"iat\":1779789678,\"exp\":1780394478}"}
{"timestamp":"2026-05-26T12:38:53.233Z","level":"LOG","message":"Decoded user: {\"id\":12,\"phone\":\"8950299308\",\"iat\":1779789678,\"exp\":1780394478}"}
{"timestamp":"2026-05-26T12:38:53.233Z","level":"LOG","message":"REQ USER: {\"id\":12,\"phone\":\"8950299308\",\"iat\":1779789678,\"exp\":1780394478}"}
{"timestamp":"2026-05-26T12:39:03.686Z","level":"LOG","message":"Decoded user: {\"id\":12,\"phone\":\"8950299308\",\"iat\":1779789678,\"exp\":1780394478}"}
{"timestamp":"2026-05-26T12:39:10.111Z","level":"LOG","message":"Decoded user: {\"id\":2,\"phone\":\"9935146914\",\"iat\":1779535206,\"exp\":1780140006}"}
{"timestamp":"2026-05-26T12:39:11.550Z","level":"LOG","message":"Decoded user: {\"id\":2,\"phone\":\"9935146914\",\"iat\":1779535206,\"exp\":1780140006}"}
{"timestamp":"2026-05-26T12:39:17.915Z","level":"LOG","message":"PAYU SUCCESS BODY: {\"country\":\"\",\"udf10\":\"\",\"mode\":\"UPI\",\"error_Message\":\"No Error\",\"state\":\"\",\"bankcode\":\"\",\"txnid\":\"TXN1779799145686\",\"net_amount_debit\":\"1.80\",\"lastname\":\"\",\"zipcode\":\"\",\"phone\":\"8950299308\",\"productinfo\":\"test product\",\"hash\":\"5826b9400535cf09ccff182c7877358b42a934b3147b6177c1ef81a64887896fe4eee026b0cd97cf0fcb81219b909bec3734805b15e002a7cc92006e12987b67\",\"status\":\"success\",\"firstname\":\"Bhumika\",\"city\":\"\",\"isConsentPayment\":\"\",\"error\":\"E000\",\"addedon\":\"2026-05-26 18:09:05\",\"udf9\":\"\",\"udf7\":\"\",\"udf8\":\"\",\"encryptedPaymentId\":\"28765299430\",\"bank_ref_num\":\"272789828021\",\"key\":\"i5S2dM\",\"email\":\"8950299308@customer.invalid\",\"amount\":\"1.80\",\"unmappedstatus\":\"captured\",\"address2\":\"\",\"payuMoneyId\":\"28765299430\",\"address1\":\"\",\"udf5\":\"\",\"mihpayid\":\"28765299430\",\"udf6\":\"\",\"udf3\":\"\",\"udf4\":\"\",\"udf1\":\"\",\"udf2\":\"\",\"giftCardIssued\":\"\",\"field1\":\"\",\"cardnum\":\"\",\"field7\":\"0|SUCCESS\",\"field6\":\"\",\"field9\":\"0|SUCCESS|Completed Using Callback\",\"field8\":\"QR\",\"amount_split\":\"{\\\"PAYU\\\":\\\"1.80\\\"}\",\"field3\":\"8447771582@axl\",\"field2\":\"PH605261874097759\",\"field5\":\"\",\"PG_TYPE\":\"UPI-PG\",\"field4\":\"\",\"name_on_card\":\"\"}"}
{"timestamp":"2026-05-26T12:39:18.396Z","level":"LOG","message":"Decoded user: {\"id\":12,\"phone\":\"8950299308\",\"iat\":1779789678,\"exp\":1780394478}"}
{"timestamp":"2026-05-26T12:39:18.396Z","level":"LOG","message":"REQ USER: {\"id\":12,\"phone\":\"8950299308\",\"iat\":1779789678,\"exp\":1780394478}"}
{"timestamp":"2026-05-26T12:39:20.569Z","level":"LOG","message":"Decoded user: {\"id\":12,\"phone\":\"8950299308\",\"iat\":1779789678,\"exp\":1780394478}"}
{"timestamp":"2026-05-26T12:39:20.617Z","level":"LOG","message":"Decoded user: {\"id\":12,\"phone\":\"8950299308\",\"iat\":1779789678,\"exp\":1780394478}"}
{"timestamp":"2026-05-26T12:40:36.554Z","level":"LOG","message":"[dotenv@17.3.1] injecting env (21) from .env -- tip: 🛠️  run anywhere with `dotenvx run -- yourcommand`"}
{"timestamp":"2026-05-26T12:40:36.892Z","level":"LOG","message":"[dotenv@17.3.1] injecting env (0) from .env -- tip: ⚡️ secrets for agents: https://dotenvx.com/as2"}
{"timestamp":"2026-05-26T12:40:37.326Z","level":"LOG","message":"[dotenv@17.3.1] injecting env (0) from .env -- tip: 🛡️ auth for agents: https://vestauth.com"}
{"timestamp":"2026-05-26T12:40:37.651Z","level":"LOG","message":"✅ DB Connected"}
{"timestamp":"2026-05-26T12:40:37.756Z","level":"LOG","message":"✅ Tables Synced"}
{"timestamp":"2026-05-26T12:40:37.772Z","level":"LOG","message":"🚀 Server running on port 9001"}
{"timestamp":"2026-05-26T12:40:44.527Z","level":"LOG","message":"[dotenv@17.3.1] injecting env (21) from .env -- tip: 🛠️  run anywhere with `dotenvx run -- yourcommand`"}
{"timestamp":"2026-05-26T12:40:44.885Z","level":"LOG","message":"[dotenv@17.3.1] injecting env (0) from .env -- tip: ⚙️  specify custom .env file path with { path: '/custom/path/.env' }"}
{"timestamp":"2026-05-26T12:40:45.317Z","level":"LOG","message":"[dotenv@17.3.1] injecting env (0) from .env -- tip: 🤖 agentic secret storage: https://dotenvx.com/as2"}
{"timestamp":"2026-05-26T12:40:45.716Z","level":"LOG","message":"✅ DB Connected"}
{"timestamp":"2026-05-26T12:40:45.839Z","level":"LOG","message":"✅ Tables Synced"}
{"timestamp":"2026-05-26T12:40:45.861Z","level":"LOG","message":"🚀 Server running on port 9001"}
{"timestamp":"2026-05-26T12:42:05.518Z","level":"LOG","message":"Decoded user: {\"id\":12,\"phone\":\"8950299308\",\"iat\":1779789678,\"exp\":1780394478}"}
{"timestamp":"2026-05-26T12:42:05.685Z","level":"LOG","message":"Decoded user: {\"id\":12,\"phone\":\"8950299308\",\"iat\":1779789678,\"exp\":1780394478}"}
{"timestamp":"2026-05-26T12:42:05.833Z","level":"LOG","message":"Decoded user: {\"id\":12,\"phone\":\"8950299308\",\"iat\":1779789678,\"exp\":1780394478}"}
{"timestamp":"2026-05-26T12:42:05.835Z","level":"LOG","message":"REQ USER: {\"id\":12,\"phone\":\"8950299308\",\"iat\":1779789678,\"exp\":1780394478}"}
{"timestamp":"2026-05-26T12:42:27.822Z","level":"LOG","message":"orderStatusSms delivered: ORD1779799145686 sent "}
{"timestamp":"2026-05-26T12:42:29.926Z","level":"LOG","message":"Decoded user: {\"id\":12,\"phone\":\"8950299308\",\"iat\":1779789678,\"exp\":1780394478}"}
{"timestamp":"2026-05-26T12:42:29.984Z","level":"LOG","message":"Decoded user: {\"id\":12,\"phone\":\"8950299308\",\"iat\":1779789678,\"exp\":1780394478}"}
{"timestamp":"2026-05-26T12:42:30.053Z","level":"LOG","message":"Decoded user: {\"id\":12,\"phone\":\"8950299308\",\"iat\":1779789678,\"exp\":1780394478}"}
{"timestamp":"2026-05-26T12:42:30.053Z","level":"LOG","message":"REQ USER: {\"id\":12,\"phone\":\"8950299308\",\"iat\":1779789678,\"exp\":1780394478}"}
{"timestamp":"2026-05-26T12:47:14.445Z","level":"LOG","message":"Decoded user: {\"id\":11,\"phone\":\"8447771582\",\"iat\":1779528982,\"exp\":1780133782}"}
{"timestamp":"2026-05-26T12:47:14.637Z","level":"LOG","message":"Decoded user: {\"id\":11,\"phone\":\"8447771582\",\"iat\":1779528982,\"exp\":1780133782}"}
{"timestamp":"2026-05-26T12:47:14.637Z","level":"LOG","message":"REQ USER: {\"id\":11,\"phone\":\"8447771582\",\"iat\":1779528982,\"exp\":1780133782}"}
{"timestamp":"2026-05-26T12:54:47.701Z","level":"LOG","message":"Decoded user: {\"id\":12,\"phone\":\"8950299308\",\"iat\":1779789678,\"exp\":1780394478}"}
{"timestamp":"2026-05-26T12:54:47.746Z","level":"LOG","message":"Decoded user: {\"id\":12,\"phone\":\"8950299308\",\"iat\":1779789678,\"exp\":1780394478}"}
{"timestamp":"2026-05-26T12:54:47.874Z","level":"LOG","message":"Decoded user: {\"id\":12,\"phone\":\"8950299308\",\"iat\":1779789678,\"exp\":1780394478}"}
{"timestamp":"2026-05-26T12:54:47.874Z","level":"LOG","message":"REQ USER: {\"id\":12,\"phone\":\"8950299308\",\"iat\":1779789678,\"exp\":1780394478}"}
{"timestamp":"2026-05-26T12:54:52.358Z","level":"LOG","message":"Decoded user: {\"id\":12,\"phone\":\"8950299308\",\"iat\":1779789678,\"exp\":1780394478}"}
{"timestamp":"2026-05-26T12:54:52.358Z","level":"LOG","message":"REQ USER: {\"id\":12,\"phone\":\"8950299308\",\"iat\":1779789678,\"exp\":1780394478}"}
{"timestamp":"2026-05-26T12:54:54.319Z","level":"LOG","message":"Decoded user: {\"id\":12,\"phone\":\"8950299308\",\"iat\":1779789678,\"exp\":1780394478}"}
{"timestamp":"2026-05-26T12:54:57.122Z","level":"LOG","message":"Decoded user: {\"id\":12,\"phone\":\"8950299308\",\"iat\":1779789678,\"exp\":1780394478}"}
{"timestamp":"2026-05-26T12:55:14.589Z","level":"LOG","message":"PAYU SUCCESS BODY: {\"country\":\"\",\"udf10\":\"\",\"mode\":\"UPI\",\"error_Message\":\"No Error\",\"state\":\"\",\"bankcode\":\"\",\"txnid\":\"TXN1779800099945\",\"net_amount_debit\":\"1.80\",\"lastname\":\"\",\"zipcode\":\"\",\"phone\":\"8950299308\",\"productinfo\":\"Test black product\",\"hash\":\"4eac462192ed6ffd5637feb9783c785546cd7ca19e94155e867ecf04d714613b88bc295a6888a279a6e1a44b1ed8266a5429be46b515d554236e419bb60edb45\",\"status\":\"success\",\"firstname\":\"Bhumika\",\"city\":\"\",\"isConsentPayment\":\"\",\"error\":\"E000\",\"addedon\":\"2026-05-26 18:25:00\",\"udf9\":\"\",\"udf7\":\"\",\"udf8\":\"\",\"encryptedPaymentId\":\"28765529955\",\"bank_ref_num\":\"746677153288\",\"key\":\"i5S2dM\",\"email\":\"8950299308@customer.invalid\",\"amount\":\"1.80\",\"unmappedstatus\":\"captured\",\"address2\":\"\",\"payuMoneyId\":\"28765529955\",\"address1\":\"\",\"udf5\":\"\",\"mihpayid\":\"28765529955\",\"udf6\":\"\",\"udf3\":\"\",\"udf4\":\"\",\"udf1\":\"\",\"udf2\":\"\",\"giftCardIssued\":\"\",\"field1\":\"\",\"cardnum\":\"\",\"field7\":\"0|SUCCESS\",\"field6\":\"\",\"field9\":\"0|SUCCESS|Completed Using Callback\",\"field8\":\"QR\",\"amount_split\":\"{\\\"PAYU\\\":\\\"1.80\\\"}\",\"field3\":\"8447771582@axl\",\"field2\":\"PH605261874986210\",\"field5\":\"\",\"PG_TYPE\":\"UPI-PG\",\"field4\":\"\",\"name_on_card\":\"\"}"}
{"timestamp":"2026-05-26T12:55:15.128Z","level":"LOG","message":"Decoded user: {\"id\":12,\"phone\":\"8950299308\",\"iat\":1779789678,\"exp\":1780394478}"}
{"timestamp":"2026-05-26T12:55:15.128Z","level":"LOG","message":"REQ USER: {\"id\":12,\"phone\":\"8950299308\",\"iat\":1779789678,\"exp\":1780394478}"}
{"timestamp":"2026-05-26T12:55:18.333Z","level":"LOG","message":"Decoded user: {\"id\":12,\"phone\":\"8950299308\",\"iat\":1779789678,\"exp\":1780394478}"}
{"timestamp":"2026-05-26T12:55:18.421Z","level":"LOG","message":"Decoded user: {\"id\":12,\"phone\":\"8950299308\",\"iat\":1779789678,\"exp\":1780394478}"}
{"timestamp":"2026-05-26T12:56:52.383Z","level":"LOG","message":"Decoded user: {\"id\":11,\"phone\":\"8447771582\",\"iat\":1779528982,\"exp\":1780133782}"}
{"timestamp":"2026-05-26T12:56:52.498Z","level":"LOG","message":"Decoded user: {\"id\":11,\"phone\":\"8447771582\",\"iat\":1779528982,\"exp\":1780133782}"}
{"timestamp":"2026-05-26T12:56:52.498Z","level":"LOG","message":"REQ USER: {\"id\":11,\"phone\":\"8447771582\",\"iat\":1779528982,\"exp\":1780133782}"}
{"timestamp":"2026-05-26T12:59:53.434Z","level":"LOG","message":"[dotenv@17.3.1] injecting env (21) from .env -- tip: 🔐 prevent committing .env to code: https://dotenvx.com/precommit"}
{"timestamp":"2026-05-26T12:59:53.694Z","level":"LOG","message":"[dotenv@17.3.1] injecting env (0) from .env -- tip: 🛠️  run anywhere with `dotenvx run -- yourcommand`"}
{"timestamp":"2026-05-26T12:59:54.476Z","level":"LOG","message":"[dotenv@17.3.1] injecting env (21) from .env -- tip: ⚙️  enable debug logging with { debug: true }"}
{"timestamp":"2026-05-26T12:59:54.749Z","level":"LOG","message":"[dotenv@17.3.1] injecting env (0) from .env -- tip: ⚙️  enable debug logging with { debug: true }"}
{"timestamp":"2026-05-26T12:59:55.128Z","level":"LOG","message":"[dotenv@17.3.1] injecting env (0) from .env -- tip: 🔐 encrypt with Dotenvx: https://dotenvx.com"}
{"timestamp":"2026-05-26T12:59:55.499Z","level":"LOG","message":"✅ DB Connected"}
{"timestamp":"2026-05-26T12:59:55.641Z","level":"LOG","message":"✅ Tables Synced"}
{"timestamp":"2026-05-26T12:59:55.653Z","level":"LOG","message":"🚀 Server running on port 9001"}
{"timestamp":"2026-05-26T13:02:56.719Z","level":"LOG","message":"Decoded user: {\"id\":12,\"phone\":\"8950299308\",\"iat\":1779789678,\"exp\":1780394478}"}
{"timestamp":"2026-05-26T13:02:57.056Z","level":"LOG","message":"Decoded user: {\"id\":12,\"phone\":\"8950299308\",\"iat\":1779789678,\"exp\":1780394478}"}
{"timestamp":"2026-05-26T13:02:57.215Z","level":"LOG","message":"Decoded user: {\"id\":12,\"phone\":\"8950299308\",\"iat\":1779789678,\"exp\":1780394478}"}
{"timestamp":"2026-05-26T13:02:57.216Z","level":"LOG","message":"REQ USER: {\"id\":12,\"phone\":\"8950299308\",\"iat\":1779789678,\"exp\":1780394478}"}
{"timestamp":"2026-05-26T13:04:09.483Z","level":"LOG","message":"Decoded user: {\"id\":12,\"phone\":\"8950299308\",\"iat\":1779789678,\"exp\":1780394478}"}
{"timestamp":"2026-05-26T13:04:09.494Z","level":"LOG","message":"Decoded user: {\"id\":12,\"phone\":\"8950299308\",\"iat\":1779789678,\"exp\":1780394478}"}
{"timestamp":"2026-05-26T13:04:09.770Z","level":"LOG","message":"Decoded user: {\"id\":12,\"phone\":\"8950299308\",\"iat\":1779789678,\"exp\":1780394478}"}
{"timestamp":"2026-05-26T13:04:09.770Z","level":"LOG","message":"REQ USER: {\"id\":12,\"phone\":\"8950299308\",\"iat\":1779789678,\"exp\":1780394478}"}
{"timestamp":"2026-05-26T13:04:18.422Z","level":"LOG","message":"Decoded user: {\"id\":12,\"phone\":\"8950299308\",\"iat\":1779789678,\"exp\":1780394478}"}
{"timestamp":"2026-05-26T13:04:18.422Z","level":"LOG","message":"REQ USER: {\"id\":12,\"phone\":\"8950299308\",\"iat\":1779789678,\"exp\":1780394478}"}
{"timestamp":"2026-05-26T13:04:19.544Z","level":"LOG","message":"Decoded user: {\"id\":12,\"phone\":\"8950299308\",\"iat\":1779789678,\"exp\":1780394478}"}
{"timestamp":"2026-05-26T13:04:21.421Z","level":"LOG","message":"Decoded user: {\"id\":12,\"phone\":\"8950299308\",\"iat\":1779789678,\"exp\":1780394478}"}
{"timestamp":"2026-05-26T13:04:38.990Z","level":"LOG","message":"Decoded user: {\"id\":12,\"phone\":\"8950299308\",\"iat\":1779789678,\"exp\":1780394478}"}
{"timestamp":"2026-05-26T13:04:38.990Z","level":"LOG","message":"REQ USER: {\"id\":12,\"phone\":\"8950299308\",\"iat\":1779789678,\"exp\":1780394478}"}
{"timestamp":"2026-05-26T13:04:41.319Z","level":"LOG","message":"Decoded user: {\"id\":12,\"phone\":\"8950299308\",\"iat\":1779789678,\"exp\":1780394478}"}
{"timestamp":"2026-05-26T13:04:41.362Z","level":"LOG","message":"Decoded user: {\"id\":12,\"phone\":\"8950299308\",\"iat\":1779789678,\"exp\":1780394478}"}
{"timestamp":"2026-05-26T13:04:57.906Z","level":"LOG","message":"Decoded user: {\"id\":12,\"phone\":\"8950299308\",\"iat\":1779789678,\"exp\":1780394478}"}
{"timestamp":"2026-05-26T13:04:57.975Z","level":"LOG","message":"Decoded user: {\"id\":12,\"phone\":\"8950299308\",\"iat\":1779789678,\"exp\":1780394478}"}
{"timestamp":"2026-05-26T13:04:58.038Z","level":"LOG","message":"Decoded user: {\"id\":12,\"phone\":\"8950299308\",\"iat\":1779789678,\"exp\":1780394478}"}
{"timestamp":"2026-05-26T13:04:58.038Z","level":"LOG","message":"REQ USER: {\"id\":12,\"phone\":\"8950299308\",\"iat\":1779789678,\"exp\":1780394478}"}
{"timestamp":"2026-05-26T13:05:30.725Z","level":"LOG","message":"Decoded user: {\"id\":12,\"phone\":\"8950299308\",\"iat\":1779789678,\"exp\":1780394478}"}
{"timestamp":"2026-05-26T13:05:30.855Z","level":"LOG","message":"Decoded user: {\"id\":12,\"phone\":\"8950299308\",\"iat\":1779789678,\"exp\":1780394478}"}
{"timestamp":"2026-05-26T13:05:30.976Z","level":"LOG","message":"Decoded user: {\"id\":12,\"phone\":\"8950299308\",\"iat\":1779789678,\"exp\":1780394478}"}
{"timestamp":"2026-05-26T13:05:30.976Z","level":"LOG","message":"REQ USER: {\"id\":12,\"phone\":\"8950299308\",\"iat\":1779789678,\"exp\":1780394478}"}
{"timestamp":"2026-05-26T13:05:35.488Z","level":"LOG","message":"orderStatusSms delivered: ORD1779800663701 sent "}
{"timestamp":"2026-05-26T13:05:36.417Z","level":"LOG","message":"Decoded user: {\"id\":12,\"phone\":\"8950299308\",\"iat\":1779789678,\"exp\":1780394478}"}
{"timestamp":"2026-05-26T13:05:36.513Z","level":"LOG","message":"Decoded user: {\"id\":12,\"phone\":\"8950299308\",\"iat\":1779789678,\"exp\":1780394478}"}
{"timestamp":"2026-05-26T13:05:36.586Z","level":"LOG","message":"Decoded user: {\"id\":12,\"phone\":\"8950299308\",\"iat\":1779789678,\"exp\":1780394478}"}
{"timestamp":"2026-05-26T13:05:36.587Z","level":"LOG","message":"REQ USER: {\"id\":12,\"phone\":\"8950299308\",\"iat\":1779789678,\"exp\":1780394478}"}
{"timestamp":"2026-05-26T13:05:39.669Z","level":"LOG","message":"Decoded user: {\"id\":12,\"phone\":\"8950299308\",\"iat\":1779789678,\"exp\":1780394478}"}
{"timestamp":"2026-05-26T13:05:39.669Z","level":"LOG","message":"REQ USER: {\"id\":12,\"phone\":\"8950299308\",\"iat\":1779789678,\"exp\":1780394478}"}
{"timestamp":"2026-05-26T13:05:39.760Z","level":"LOG","message":"Decoded user: {\"id\":12,\"phone\":\"8950299308\",\"iat\":1779789678,\"exp\":1780394478}"}
{"timestamp":"2026-05-26T13:05:39.760Z","level":"LOG","message":"REQ USER: {\"id\":12,\"phone\":\"8950299308\",\"iat\":1779789678,\"exp\":1780394478}"}
{"timestamp":"2026-05-26T13:05:46.098Z","level":"LOG","message":"Decoded user: {\"id\":12,\"phone\":\"8950299308\",\"iat\":1779789678,\"exp\":1780394478}"}
{"timestamp":"2026-05-26T13:05:46.098Z","level":"LOG","message":"REQ USER: {\"id\":12,\"phone\":\"8950299308\",\"iat\":1779789678,\"exp\":1780394478}"}
{"timestamp":"2026-05-26T13:06:11.998Z","level":"LOG","message":"Decoded user: {\"id\":12,\"phone\":\"8950299308\",\"iat\":1779789678,\"exp\":1780394478}"}
{"timestamp":"2026-05-26T13:06:18.630Z","level":"LOG","message":"Decoded user: {\"id\":12,\"phone\":\"8950299308\",\"iat\":1779789678,\"exp\":1780394478}"}
{"timestamp":"2026-05-26T13:06:18.828Z","level":"LOG","message":"Decoded user: {\"id\":12,\"phone\":\"8950299308\",\"iat\":1779789678,\"exp\":1780394478}"}
{"timestamp":"2026-05-26T13:06:18.828Z","level":"LOG","message":"REQ USER: {\"id\":12,\"phone\":\"8950299308\",\"iat\":1779789678,\"exp\":1780394478}"}
{"timestamp":"2026-05-26T13:06:21.563Z","level":"LOG","message":"Decoded user: {\"id\":12,\"phone\":\"8950299308\",\"iat\":1779789678,\"exp\":1780394478}"}
{"timestamp":"2026-05-26T13:06:21.605Z","level":"LOG","message":"Decoded user: {\"id\":12,\"phone\":\"8950299308\",\"iat\":1779789678,\"exp\":1780394478}"}
{"timestamp":"2026-05-26T13:06:39.705Z","level":"LOG","message":"Decoded user: {\"id\":12,\"phone\":\"8950299308\",\"iat\":1779789678,\"exp\":1780394478}"}
{"timestamp":"2026-05-26T13:06:56.109Z","level":"LOG","message":"PAYU FAILURE BODY: {\"country\":\"\",\"udf10\":\"\",\"mode\":\"\",\"error_Message\":\"Transaction failed due to customer pressing cancel button.\",\"state\":\"\",\"bankcode\":\"\",\"txnid\":\"TXN1779800801582\",\"net_amount_debit\":\"279.00\",\"lastname\":\"\",\"zipcode\":\"\",\"phone\":\"8950299308\",\"productinfo\":\"Bidas Best Quality 111 AC ONIDA Remote Controller  White \",\"hash\":\"6b7b7f98db6c2b1b114835490b30ed65b3ba76d4b5710d37c32c22b5c2e83e461d0e02c30057d9d345af63cd56f9594a8b10f6fe063c493522b194c2fa066084\",\"status\":\"failure\",\"firstname\":\"Bhumika\",\"city\":\"\",\"isConsentPayment\":\"\",\"error\":\"E1605\",\"addedon\":\"2026-05-26 18:36:41\",\"udf9\":\"\",\"udf7\":\"\",\"udf8\":\"\",\"encryptedPaymentId\":\"28765702141\",\"bank_ref_num\":\"\",\"key\":\"i5S2dM\",\"email\":\"8950299308@customer.invalid\",\"amount\":\"279.00\",\"unmappedstatus\":\"userCancelled\",\"address2\":\"\",\"payuMoneyId\":\"28765702141\",\"address1\":\"\",\"udf5\":\"\",\"mihpayid\":\"28765702141\",\"udf6\":\"\",\"udf3\":\"\",\"udf4\":\"\",\"udf1\":\"\",\"udf2\":\"\",\"giftCardIssued\":\"\",\"field1\":\"\",\"cardnum\":\"\",\"field7\":\"\",\"field6\":\"\",\"field9\":\"Cancelled by user\",\"field8\":\"\",\"amount_split\":\"{\\\"PAYU\\\":\\\"279.00\\\"}\",\"field3\":\"\",\"field2\":\"\",\"field5\":\"\",\"PG_TYPE\":\"\",\"field4\":\"\",\"name_on_card\":\"\"}"}
{"timestamp":"2026-05-26T13:06:56.563Z","level":"LOG","message":"Decoded user: {\"id\":12,\"phone\":\"8950299308\",\"iat\":1779789678,\"exp\":1780394478}"}
{"timestamp":"2026-05-26T13:06:56.563Z","level":"LOG","message":"REQ USER: {\"id\":12,\"phone\":\"8950299308\",\"iat\":1779789678,\"exp\":1780394478}"}
{"timestamp":"2026-05-26T13:06:59.440Z","level":"LOG","message":"Decoded user: {\"id\":12,\"phone\":\"8950299308\",\"iat\":1779789678,\"exp\":1780394478}"}
{"timestamp":"2026-05-26T13:06:59.440Z","level":"LOG","message":"REQ USER: {\"id\":12,\"phone\":\"8950299308\",\"iat\":1779789678,\"exp\":1780394478}"}
{"timestamp":"2026-05-26T13:07:15.511Z","level":"LOG","message":"Decoded user: {\"id\":11,\"phone\":\"8447771582\",\"iat\":1779528982,\"exp\":1780133782}"}
{"timestamp":"2026-05-26T13:07:15.696Z","level":"LOG","message":"Decoded user: {\"id\":11,\"phone\":\"8447771582\",\"iat\":1779528982,\"exp\":1780133782}"}
{"timestamp":"2026-05-26T13:07:15.696Z","level":"LOG","message":"REQ USER: {\"id\":11,\"phone\":\"8447771582\",\"iat\":1779528982,\"exp\":1780133782}"}
{"timestamp":"2026-05-26T13:10:06.894Z","level":"LOG","message":"Decoded user: {\"id\":11,\"phone\":\"8447771582\",\"iat\":1779528982,\"exp\":1780133782}"}
{"timestamp":"2026-05-26T13:10:06.894Z","level":"LOG","message":"REQ USER: {\"id\":11,\"phone\":\"8447771582\",\"iat\":1779528982,\"exp\":1780133782}"}
{"timestamp":"2026-05-26T13:10:06.997Z","level":"LOG","message":"Decoded user: {\"id\":11,\"phone\":\"8447771582\",\"iat\":1779528982,\"exp\":1780133782}"}
{"timestamp":"2026-05-26T13:10:06.997Z","level":"LOG","message":"REQ USER: {\"id\":11,\"phone\":\"8447771582\",\"iat\":1779528982,\"exp\":1780133782}"}
{"timestamp":"2026-05-26T13:10:18.897Z","level":"LOG","message":"Decoded user: {\"id\":11,\"phone\":\"8447771582\",\"iat\":1779528982,\"exp\":1780133782}"}
{"timestamp":"2026-05-26T13:10:18.969Z","level":"LOG","message":"Decoded user: {\"id\":11,\"phone\":\"8447771582\",\"iat\":1779528982,\"exp\":1780133782}"}
{"timestamp":"2026-05-26T13:10:24.724Z","level":"LOG","message":"Decoded user: {\"id\":11,\"phone\":\"8447771582\",\"iat\":1779528982,\"exp\":1780133782}"}
{"timestamp":"2026-05-26T13:10:24.725Z","level":"LOG","message":"REQ USER: {\"id\":11,\"phone\":\"8447771582\",\"iat\":1779528982,\"exp\":1780133782}"}
{"timestamp":"2026-05-26T13:10:24.985Z","level":"LOG","message":"Decoded user: {\"id\":11,\"phone\":\"8447771582\",\"iat\":1779528982,\"exp\":1780133782}"}
{"timestamp":"2026-05-26T13:10:24.985Z","level":"LOG","message":"REQ USER: {\"id\":11,\"phone\":\"8447771582\",\"iat\":1779528982,\"exp\":1780133782}"}
{"timestamp":"2026-05-26T13:13:00.857Z","level":"LOG","message":"Decoded user: {\"id\":11,\"phone\":\"8447771582\",\"iat\":1779528982,\"exp\":1780133782}"}
{"timestamp":"2026-05-26T13:13:00.857Z","level":"LOG","message":"REQ USER: {\"id\":11,\"phone\":\"8447771582\",\"iat\":1779528982,\"exp\":1780133782}"}
{"timestamp":"2026-05-26T13:13:00.928Z","level":"LOG","message":"Decoded user: {\"id\":11,\"phone\":\"8447771582\",\"iat\":1779528982,\"exp\":1780133782}"}
{"timestamp":"2026-05-26T13:13:00.928Z","level":"LOG","message":"REQ USER: {\"id\":11,\"phone\":\"8447771582\",\"iat\":1779528982,\"exp\":1780133782}"}
{"timestamp":"2026-05-26T13:13:02.569Z","level":"LOG","message":"Decoded user: {\"id\":11,\"phone\":\"8447771582\",\"iat\":1779528982,\"exp\":1780133782}"}
{"timestamp":"2026-05-26T13:13:02.615Z","level":"LOG","message":"Decoded user: {\"id\":11,\"phone\":\"8447771582\",\"iat\":1779528982,\"exp\":1780133782}"}
{"timestamp":"2026-05-26T13:23:13.949Z","level":"LOG","message":"Decoded user: {\"id\":2,\"phone\":\"9935146914\",\"iat\":1779535206,\"exp\":1780140006}"}
{"timestamp":"2026-05-26T13:23:13.949Z","level":"LOG","message":"REQ USER: {\"id\":2,\"phone\":\"9935146914\",\"iat\":1779535206,\"exp\":1780140006}"}
{"timestamp":"2026-05-26T13:50:21.303Z","level":"LOG","message":"[dotenv@17.3.1] injecting env (21) from .env -- tip: 🔐 encrypt with Dotenvx: https://dotenvx.com"}
{"timestamp":"2026-05-26T13:50:21.661Z","level":"LOG","message":"[dotenv@17.3.1] injecting env (0) from .env -- tip: 🛡️ auth for agents: https://vestauth.com"}
{"timestamp":"2026-05-26T13:50:22.119Z","level":"LOG","message":"[dotenv@17.3.1] injecting env (0) from .env -- tip: 🤖 agentic secret storage: https://dotenvx.com/as2"}
{"timestamp":"2026-05-26T13:50:22.621Z","level":"LOG","message":"[dotenv@17.3.1] injecting env (21) from .env -- tip: ⚡️ secrets for agents: https://dotenvx.com/as2"}
{"timestamp":"2026-05-26T13:50:22.933Z","level":"LOG","message":"[dotenv@17.3.1] injecting env (0) from .env -- tip: ⚙️  specify custom .env file path with { path: '/custom/path/.env' }"}
{"timestamp":"2026-05-26T13:50:23.362Z","level":"LOG","message":"[dotenv@17.3.1] injecting env (0) from .env -- tip: ⚙️  override existing env vars with { override: true }"}
{"timestamp":"2026-05-26T14:33:19.699Z","level":"LOG","message":"[dotenv@17.3.1] injecting env (21) from .env -- tip: ⚙️  override existing env vars with { override: true }"}
{"timestamp":"2026-05-26T14:33:19.957Z","level":"LOG","message":"[dotenv@17.3.1] injecting env (0) from .env -- tip: ⚙️  load multiple .env files with { path: ['.env.local', '.env'] }"}
{"timestamp":"2026-05-26T14:33:20.310Z","level":"LOG","message":"[dotenv@17.3.1] injecting env (0) from .env -- tip: 🔐 prevent committing .env to code: https://dotenvx.com/precommit"}
{"timestamp":"2026-05-26T14:33:20.667Z","level":"LOG","message":"✅ DB Connected"}
{"timestamp":"2026-05-26T14:33:20.757Z","level":"LOG","message":"✅ Tables Synced"}
{"timestamp":"2026-05-26T14:33:20.770Z","level":"LOG","message":"🚀 Server running on port 9001"}
{"timestamp":"2026-05-26T15:03:06.150Z","level":"LOG","message":"[dotenv@17.3.1] injecting env (21) from .env -- tip: 🛡️ auth for agents: https://vestauth.com"}
{"timestamp":"2026-05-26T15:03:06.396Z","level":"LOG","message":"[dotenv@17.3.1] injecting env (0) from .env -- tip: ⚙️  suppress all logs with { quiet: true }"}
{"timestamp":"2026-05-26T15:03:06.729Z","level":"LOG","message":"[dotenv@17.3.1] injecting env (0) from .env -- tip: 🛠️  run anywhere with `dotenvx run -- yourcommand`"}
{"timestamp":"2026-05-26T15:03:07.030Z","level":"LOG","message":"✅ DB Connected"}
{"timestamp":"2026-05-26T15:03:07.112Z","level":"LOG","message":"✅ Tables Synced"}
{"timestamp":"2026-05-26T15:03:07.125Z","level":"LOG","message":"🚀 Server running on port 9001"}
{"timestamp":"2026-05-26T15:34:04.120Z","level":"LOG","message":"[dotenv@17.3.1] injecting env (21) from .env -- tip: ⚙️  specify custom .env file path with { path: '/custom/path/.env' }"}
{"timestamp":"2026-05-26T15:34:04.492Z","level":"LOG","message":"[dotenv@17.3.1] injecting env (0) from .env -- tip: 🔐 prevent building .env in docker: https://dotenvx.com/prebuild"}
{"timestamp":"2026-05-26T15:34:04.993Z","level":"LOG","message":"[dotenv@17.3.1] injecting env (0) from .env -- tip: ⚡️ secrets for agents: https://dotenvx.com/as2"}
{"timestamp":"2026-05-26T15:34:05.478Z","level":"LOG","message":"✅ DB Connected"}
{"timestamp":"2026-05-26T15:34:05.686Z","level":"LOG","message":"✅ Tables Synced"}
{"timestamp":"2026-05-26T15:34:05.701Z","level":"LOG","message":"🚀 Server running on port 9001"}
{"timestamp":"2026-05-26T16:37:04.157Z","level":"LOG","message":"[dotenv@17.3.1] injecting env (21) from .env -- tip: 🔐 prevent committing .env to code: https://dotenvx.com/precommit"}
{"timestamp":"2026-05-26T16:37:04.537Z","level":"LOG","message":"[dotenv@17.3.1] injecting env (0) from .env -- tip: 🛡️ auth for agents: https://vestauth.com"}
{"timestamp":"2026-05-26T16:37:05.086Z","level":"LOG","message":"[dotenv@17.3.1] injecting env (0) from .env -- tip: 🛠️  run anywhere with `dotenvx run -- yourcommand`"}
{"timestamp":"2026-05-26T16:37:05.523Z","level":"LOG","message":"✅ DB Connected"}
{"timestamp":"2026-05-26T16:37:05.671Z","level":"LOG","message":"✅ Tables Synced"}
{"timestamp":"2026-05-26T16:37:05.687Z","level":"LOG","message":"🚀 Server running on port 9001"}
{"timestamp":"2026-05-26T17:39:05.983Z","level":"LOG","message":"[dotenv@17.3.1] injecting env (21) from .env -- tip: 🛠️  run anywhere with `dotenvx run -- yourcommand`"}
{"timestamp":"2026-05-26T17:39:06.253Z","level":"LOG","message":"[dotenv@17.3.1] injecting env (0) from .env -- tip: ⚙️  suppress all logs with { quiet: true }"}
{"timestamp":"2026-05-26T17:39:06.616Z","level":"LOG","message":"[dotenv@17.3.1] injecting env (0) from .env -- tip: 🤖 agentic secret storage: https://dotenvx.com/as2"}
{"timestamp":"2026-05-26T17:39:06.950Z","level":"LOG","message":"✅ DB Connected"}
{"timestamp":"2026-05-26T17:39:07.074Z","level":"LOG","message":"✅ Tables Synced"}
{"timestamp":"2026-05-26T17:39:07.088Z","level":"LOG","message":"🚀 Server running on port 9001"}
{"timestamp":"2026-05-26T18:40:49.983Z","level":"LOG","message":"[dotenv@17.3.1] injecting env (21) from .env -- tip: 🛡️ auth for agents: https://vestauth.com"}
{"timestamp":"2026-05-26T18:40:50.286Z","level":"LOG","message":"[dotenv@17.3.1] injecting env (0) from .env -- tip: 🔐 encrypt with Dotenvx: https://dotenvx.com"}
{"timestamp":"2026-05-26T18:40:50.672Z","level":"LOG","message":"[dotenv@17.3.1] injecting env (0) from .env -- tip: ⚙️  load multiple .env files with { path: ['.env.local', '.env'] }"}
{"timestamp":"2026-05-26T18:40:51.041Z","level":"LOG","message":"✅ DB Connected"}
{"timestamp":"2026-05-26T18:40:51.124Z","level":"LOG","message":"✅ Tables Synced"}
{"timestamp":"2026-05-26T18:40:51.133Z","level":"LOG","message":"🚀 Server running on port 9001"}
{"timestamp":"2026-05-26T19:41:39.576Z","level":"LOG","message":"[dotenv@17.3.1] injecting env (21) from .env -- tip: ⚡️ secrets for agents: https://dotenvx.com/as2"}
{"timestamp":"2026-05-26T19:41:39.932Z","level":"LOG","message":"[dotenv@17.3.1] injecting env (0) from .env -- tip: 🔐 prevent committing .env to code: https://dotenvx.com/precommit"}
{"timestamp":"2026-05-26T19:41:40.371Z","level":"LOG","message":"[dotenv@17.3.1] injecting env (0) from .env -- tip: ⚙️  enable debug logging with { debug: true }"}
{"timestamp":"2026-05-26T19:41:40.725Z","level":"LOG","message":"✅ DB Connected"}
{"timestamp":"2026-05-26T19:41:40.827Z","level":"LOG","message":"✅ Tables Synced"}
{"timestamp":"2026-05-26T19:41:40.839Z","level":"LOG","message":"🚀 Server running on port 9001"}
{"timestamp":"2026-05-26T20:57:19.503Z","level":"LOG","message":"[dotenv@17.3.1] injecting env (21) from .env -- tip: 🛡️ auth for agents: https://vestauth.com"}
{"timestamp":"2026-05-26T20:57:19.854Z","level":"LOG","message":"[dotenv@17.3.1] injecting env (0) from .env -- tip: ⚙️  suppress all logs with { quiet: true }"}
{"timestamp":"2026-05-26T20:57:20.263Z","level":"LOG","message":"[dotenv@17.3.1] injecting env (0) from .env -- tip: 🤖 agentic secret storage: https://dotenvx.com/as2"}
{"timestamp":"2026-05-26T20:57:20.573Z","level":"LOG","message":"✅ DB Connected"}
{"timestamp":"2026-05-26T20:57:20.655Z","level":"LOG","message":"✅ Tables Synced"}
{"timestamp":"2026-05-26T20:57:20.665Z","level":"LOG","message":"🚀 Server running on port 9001"}
{"timestamp":"2026-05-26T22:10:23.348Z","level":"LOG","message":"[dotenv@17.3.1] injecting env (21) from .env -- tip: 🛠️  run anywhere with `dotenvx run -- yourcommand`"}
{"timestamp":"2026-05-26T22:10:23.703Z","level":"LOG","message":"[dotenv@17.3.1] injecting env (0) from .env -- tip: ⚡️ secrets for agents: https://dotenvx.com/as2"}
{"timestamp":"2026-05-26T22:10:24.181Z","level":"LOG","message":"[dotenv@17.3.1] injecting env (0) from .env -- tip: ⚙️  write to custom object with { processEnv: myObject }"}
{"timestamp":"2026-05-26T22:10:24.557Z","level":"LOG","message":"✅ DB Connected"}
{"timestamp":"2026-05-26T22:10:24.648Z","level":"LOG","message":"✅ Tables Synced"}
{"timestamp":"2026-05-26T22:10:24.661Z","level":"LOG","message":"🚀 Server running on port 9001"}
{"timestamp":"2026-05-26T23:17:13.964Z","level":"LOG","message":"[dotenv@17.3.1] injecting env (21) from .env -- tip: 🔐 prevent committing .env to code: https://dotenvx.com/precommit"}
{"timestamp":"2026-05-26T23:17:14.252Z","level":"LOG","message":"[dotenv@17.3.1] injecting env (0) from .env -- tip: ⚙️  enable debug logging with { debug: true }"}
{"timestamp":"2026-05-26T23:17:14.710Z","level":"LOG","message":"[dotenv@17.3.1] injecting env (0) from .env -- tip: 🔐 prevent committing .env to code: https://dotenvx.com/precommit"}
{"timestamp":"2026-05-26T23:17:15.078Z","level":"LOG","message":"✅ DB Connected"}
{"timestamp":"2026-05-26T23:17:15.156Z","level":"LOG","message":"✅ Tables Synced"}
{"timestamp":"2026-05-26T23:17:15.166Z","level":"LOG","message":"🚀 Server running on port 9001"}
{"timestamp":"2026-05-27T00:59:32.353Z","level":"LOG","message":"[dotenv@17.3.1] injecting env (21) from .env -- tip: 🔐 prevent building .env in docker: https://dotenvx.com/prebuild"}
{"timestamp":"2026-05-27T00:59:32.689Z","level":"LOG","message":"[dotenv@17.3.1] injecting env (0) from .env -- tip: ⚙️  write to custom object with { processEnv: myObject }"}
{"timestamp":"2026-05-27T00:59:33.082Z","level":"LOG","message":"[dotenv@17.3.1] injecting env (0) from .env -- tip: 🛡️ auth for agents: https://vestauth.com"}
{"timestamp":"2026-05-27T00:59:33.427Z","level":"LOG","message":"✅ DB Connected"}
{"timestamp":"2026-05-27T00:59:33.509Z","level":"LOG","message":"✅ Tables Synced"}
{"timestamp":"2026-05-27T00:59:33.522Z","level":"LOG","message":"🚀 Server running on port 9001"}
{"timestamp":"2026-05-27T02:04:50.375Z","level":"LOG","message":"[dotenv@17.3.1] injecting env (21) from .env -- tip: ⚙️  override existing env vars with { override: true }"}
{"timestamp":"2026-05-27T02:04:50.747Z","level":"LOG","message":"[dotenv@17.3.1] injecting env (0) from .env -- tip: 🛡️ auth for agents: https://vestauth.com"}
{"timestamp":"2026-05-27T02:04:51.219Z","level":"LOG","message":"[dotenv@17.3.1] injecting env (0) from .env -- tip: 🤖 agentic secret storage: https://dotenvx.com/as2"}
{"timestamp":"2026-05-27T02:04:51.631Z","level":"LOG","message":"✅ DB Connected"}
{"timestamp":"2026-05-27T02:04:51.760Z","level":"LOG","message":"✅ Tables Synced"}
{"timestamp":"2026-05-27T02:04:51.775Z","level":"LOG","message":"🚀 Server running on port 9001"}
{"timestamp":"2026-05-27T03:46:32.826Z","level":"LOG","message":"[dotenv@17.3.1] injecting env (21) from .env -- tip: ⚙️  suppress all logs with { quiet: true }"}
{"timestamp":"2026-05-27T03:46:33.253Z","level":"LOG","message":"[dotenv@17.3.1] injecting env (0) from .env -- tip: ⚙️  suppress all logs with { quiet: true }"}
{"timestamp":"2026-05-27T03:46:33.728Z","level":"LOG","message":"[dotenv@17.3.1] injecting env (0) from .env -- tip: 🔐 prevent committing .env to code: https://dotenvx.com/precommit"}
{"timestamp":"2026-05-27T03:46:34.084Z","level":"LOG","message":"✅ DB Connected"}
{"timestamp":"2026-05-27T03:46:34.183Z","level":"LOG","message":"✅ Tables Synced"}
{"timestamp":"2026-05-27T03:46:34.194Z","level":"LOG","message":"🚀 Server running on port 9001"}
{"timestamp":"2026-05-27T04:48:32.669Z","level":"LOG","message":"[dotenv@17.3.1] injecting env (21) from .env -- tip: ⚡️ secrets for agents: https://dotenvx.com/as2"}
{"timestamp":"2026-05-27T04:48:33.085Z","level":"LOG","message":"[dotenv@17.3.1] injecting env (0) from .env -- tip: ⚡️ secrets for agents: https://dotenvx.com/as2"}
{"timestamp":"2026-05-27T04:48:33.656Z","level":"LOG","message":"[dotenv@17.3.1] injecting env (0) from .env -- tip: ⚙️  write to custom object with { processEnv: myObject }"}
{"timestamp":"2026-05-27T04:48:34.042Z","level":"LOG","message":"✅ DB Connected"}
{"timestamp":"2026-05-27T04:48:34.190Z","level":"LOG","message":"✅ Tables Synced"}
{"timestamp":"2026-05-27T04:48:34.206Z","level":"LOG","message":"🚀 Server running on port 9001"}
{"timestamp":"2026-05-27T04:58:25.795Z","level":"LOG","message":"Decoded user: {\"id\":12,\"phone\":\"8950299308\",\"iat\":1779789678,\"exp\":1780394478}"}
{"timestamp":"2026-05-27T04:58:25.795Z","level":"LOG","message":"REQ USER: {\"id\":12,\"phone\":\"8950299308\",\"iat\":1779789678,\"exp\":1780394478}"}
{"timestamp":"2026-05-27T04:58:25.875Z","level":"LOG","message":"Decoded user: {\"id\":12,\"phone\":\"8950299308\",\"iat\":1779789678,\"exp\":1780394478}"}
{"timestamp":"2026-05-27T04:58:25.876Z","level":"LOG","message":"REQ USER: {\"id\":12,\"phone\":\"8950299308\",\"iat\":1779789678,\"exp\":1780394478}"}
{"timestamp":"2026-05-27T05:01:29.729Z","level":"LOG","message":"[dotenv@17.3.1] injecting env (21) from .env -- tip: 🔐 encrypt with Dotenvx: https://dotenvx.com"}
{"timestamp":"2026-05-27T05:01:30.092Z","level":"LOG","message":"[dotenv@17.3.1] injecting env (0) from .env -- tip: 🔐 prevent committing .env to code: https://dotenvx.com/precommit"}
{"timestamp":"2026-05-27T05:01:30.549Z","level":"LOG","message":"[dotenv@17.3.1] injecting env (0) from .env -- tip: ⚡️ secrets for agents: https://dotenvx.com/as2"}
{"timestamp":"2026-05-27T05:01:30.928Z","level":"LOG","message":"✅ DB Connected"}
{"timestamp":"2026-05-27T05:01:31.096Z","level":"LOG","message":"✅ Tables Synced"}
{"timestamp":"2026-05-27T05:01:31.113Z","level":"LOG","message":"🚀 Server running on port 9001"}
{"timestamp":"2026-05-27T05:15:55.169Z","level":"LOG","message":"SMS Response: {\"return\":true,\"request_id\":\"Sip7wmsI5mWaumU\",\"message\":[\"SMS sent successfully.\"]}"}
{"timestamp":"2026-05-27T05:15:59.677Z","level":"LOG","message":"SMS DLR (after await):\n{\n  \"success\": true,\n  \"message\": \"DLR found successfully.\",\n  \"data\": [\n    {\n      \"request_id\": \"Sip7wmsI5mWaumU\",\n      \"route\": \"dlt\",\n      \"delivery_status\": [\n        {\n          \"sender_id\": \"SHOPHN\",\n          \"mobile\": 8447771582,\n          \"status\": \"Delivered\",\n          \"status_description\": \"Delivered successfully\",\n          \"dlr_attempt\": 1,\n          \"sms_language\": \"english\",\n          \"character_count\": 65,\n          \"sms_count\": 1,\n          \"amount_debited\": \"0.2500\",\n          \"sent_timestamp\": 1779858955,\n          \"sent_time\": \"27-05-2026 05:15:55 AM\",\n          \"delivery_timestamp\": \"1779858956\",\n          \"delivery_time\": \"27-05-2026 05:15:56 AM\"\n        }\n      ]\n    }\n  ]\n}"}
{"timestamp":"2026-05-27T05:16:08.522Z","level":"LOG","message":"Decoded user: {\"id\":11,\"phone\":\"8447771582\",\"iat\":1779858966,\"exp\":1780463766}"}
{"timestamp":"2026-05-27T05:16:08.522Z","level":"LOG","message":"REQ USER: {\"id\":11,\"phone\":\"8447771582\",\"iat\":1779858966,\"exp\":1780463766}"}
{"timestamp":"2026-05-27T05:16:08.953Z","level":"LOG","message":"Decoded user: {\"id\":11,\"phone\":\"8447771582\",\"iat\":1779858966,\"exp\":1780463766}"}
{"timestamp":"2026-05-27T05:16:08.953Z","level":"LOG","message":"REQ USER: {\"id\":11,\"phone\":\"8447771582\",\"iat\":1779858966,\"exp\":1780463766}"}
{"timestamp":"2026-05-27T05:16:12.228Z","level":"LOG","message":"Decoded user: {\"id\":11,\"phone\":\"8447771582\",\"iat\":1779858966,\"exp\":1780463766}"}
{"timestamp":"2026-05-27T05:16:12.323Z","level":"LOG","message":"Decoded user: {\"id\":11,\"phone\":\"8447771582\",\"iat\":1779858966,\"exp\":1780463766}"}
{"timestamp":"2026-05-27T05:16:15.867Z","level":"LOG","message":"Decoded user: {\"id\":11,\"phone\":\"8447771582\",\"iat\":1779858966,\"exp\":1780463766}"}
{"timestamp":"2026-05-27T05:16:28.247Z","level":"LOG","message":"Decoded user: {\"id\":11,\"phone\":\"8447771582\",\"iat\":1779858966,\"exp\":1780463766}"}
{"timestamp":"2026-05-27T05:16:28.247Z","level":"LOG","message":"REQ USER: {\"id\":11,\"phone\":\"8447771582\",\"iat\":1779858966,\"exp\":1780463766}"}
{"timestamp":"2026-05-27T05:16:29.441Z","level":"LOG","message":"Decoded user: {\"id\":11,\"phone\":\"8447771582\",\"iat\":1779858966,\"exp\":1780463766}"}
{"timestamp":"2026-05-27T05:16:36.945Z","level":"LOG","message":"Decoded user: {\"id\":11,\"phone\":\"8447771582\",\"iat\":1779858966,\"exp\":1780463766}"}
{"timestamp":"2026-05-27T05:16:41.102Z","level":"LOG","message":"Decoded user: {\"id\":11,\"phone\":\"8447771582\",\"iat\":1779858966,\"exp\":1780463766}"}
{"timestamp":"2026-05-27T05:16:41.341Z","level":"LOG","message":"Decoded user: {\"id\":11,\"phone\":\"8447771582\",\"iat\":1779858966,\"exp\":1780463766}"}
{"timestamp":"2026-05-27T05:16:41.341Z","level":"LOG","message":"REQ USER: {\"id\":11,\"phone\":\"8447771582\",\"iat\":1779858966,\"exp\":1780463766}"}
{"timestamp":"2026-05-27T05:16:56.076Z","level":"LOG","message":"Decoded user: {\"id\":11,\"phone\":\"8447771582\",\"iat\":1779858966,\"exp\":1780463766}"}
{"timestamp":"2026-05-27T05:16:56.077Z","level":"LOG","message":"REQ USER: {\"id\":11,\"phone\":\"8447771582\",\"iat\":1779858966,\"exp\":1780463766}"}
{"timestamp":"2026-05-27T05:16:58.341Z","level":"LOG","message":"Decoded user: {\"id\":11,\"phone\":\"8447771582\",\"iat\":1779858966,\"exp\":1780463766}"}
{"timestamp":"2026-05-27T05:16:58.423Z","level":"LOG","message":"Decoded user: {\"id\":11,\"phone\":\"8447771582\",\"iat\":1779858966,\"exp\":1780463766}"}
{"timestamp":"2026-05-27T05:51:54.703Z","level":"LOG","message":"[dotenv@17.3.1] injecting env (21) from .env -- tip: 🔐 prevent committing .env to code: https://dotenvx.com/precommit"}
{"timestamp":"2026-05-27T05:51:55.123Z","level":"LOG","message":"[dotenv@17.3.1] injecting env (0) from .env -- tip: ⚙️  suppress all logs with { quiet: true }"}
{"timestamp":"2026-05-27T05:51:55.654Z","level":"LOG","message":"[dotenv@17.3.1] injecting env (0) from .env -- tip: 🔐 prevent building .env in docker: https://dotenvx.com/prebuild"}
{"timestamp":"2026-05-27T05:51:56.120Z","level":"LOG","message":"✅ DB Connected"}
{"timestamp":"2026-05-27T05:51:56.279Z","level":"LOG","message":"✅ Tables Synced"}
{"timestamp":"2026-05-27T05:51:56.294Z","level":"LOG","message":"🚀 Server running on port 9001"}
{"timestamp":"2026-05-27T06:29:23.200Z","level":"LOG","message":"[dotenv@17.3.1] injecting env (21) from .env -- tip: ⚙️  enable debug logging with { debug: true }"}
{"timestamp":"2026-05-27T06:29:23.613Z","level":"LOG","message":"[dotenv@17.3.1] injecting env (0) from .env -- tip: ⚙️  suppress all logs with { quiet: true }"}
{"timestamp":"2026-05-27T06:29:24.196Z","level":"LOG","message":"[dotenv@17.3.1] injecting env (0) from .env -- tip: ⚙️  override existing env vars with { override: true }"}
{"timestamp":"2026-05-27T06:29:24.609Z","level":"LOG","message":"✅ DB Connected"}
{"timestamp":"2026-05-27T06:29:24.759Z","level":"LOG","message":"✅ Tables Synced"}
{"timestamp":"2026-05-27T06:29:24.774Z","level":"LOG","message":"🚀 Server running on port 9001"}
{"timestamp":"2026-05-27T06:39:20.619Z","level":"LOG","message":"[dotenv@17.3.1] injecting env (21) from .env -- tip: ⚙️  override existing env vars with { override: true }"}
{"timestamp":"2026-05-27T06:39:20.960Z","level":"LOG","message":"[dotenv@17.3.1] injecting env (0) from .env -- tip: 🔐 prevent committing .env to code: https://dotenvx.com/precommit"}
{"timestamp":"2026-05-27T06:39:21.387Z","level":"LOG","message":"[dotenv@17.3.1] injecting env (0) from .env -- tip: 🔐 prevent building .env in docker: https://dotenvx.com/prebuild"}
{"timestamp":"2026-05-27T06:39:21.798Z","level":"LOG","message":"✅ DB Connected"}
{"timestamp":"2026-05-27T06:39:21.910Z","level":"LOG","message":"✅ Tables Synced"}
{"timestamp":"2026-05-27T06:39:21.925Z","level":"LOG","message":"🚀 Server running on port 9001"}
{"timestamp":"2026-05-27T06:53:15.115Z","level":"LOG","message":"Decoded user: {\"id\":2,\"phone\":\"9935146914\",\"iat\":1779535206,\"exp\":1780140006}"}
{"timestamp":"2026-05-27T06:53:15.116Z","level":"LOG","message":"REQ USER: {\"id\":2,\"phone\":\"9935146914\",\"iat\":1779535206,\"exp\":1780140006}"}
{"timestamp":"2026-05-27T06:53:15.373Z","level":"LOG","message":"Decoded user: {\"id\":2,\"phone\":\"9935146914\",\"iat\":1779535206,\"exp\":1780140006}"}
{"timestamp":"2026-05-27T06:53:15.374Z","level":"LOG","message":"REQ USER: {\"id\":2,\"phone\":\"9935146914\",\"iat\":1779535206,\"exp\":1780140006}"}
{"timestamp":"2026-05-27T06:53:18.296Z","level":"LOG","message":"Decoded user: {\"id\":2,\"phone\":\"9935146914\",\"iat\":1779535206,\"exp\":1780140006}"}
{"timestamp":"2026-05-27T06:53:18.296Z","level":"LOG","message":"REQ USER: {\"id\":2,\"phone\":\"9935146914\",\"iat\":1779535206,\"exp\":1780140006}"}
{"timestamp":"2026-05-27T06:53:44.900Z","level":"LOG","message":"Decoded user: {\"id\":2,\"phone\":\"9935146914\",\"iat\":1779535206,\"exp\":1780140006}"}
{"timestamp":"2026-05-27T06:53:46.435Z","level":"LOG","message":"Decoded user: {\"id\":2,\"phone\":\"9935146914\",\"iat\":1779535206,\"exp\":1780140006}"}
{"timestamp":"2026-05-27T06:53:54.589Z","level":"LOG","message":"TODAY: 2026-05-27"}
{"timestamp":"2026-05-27T06:53:54.589Z","level":"LOG","message":"BEGIN: 2026-04-01"}
{"timestamp":"2026-05-27T06:53:54.589Z","level":"LOG","message":"END: 2027-03-31"}
{"timestamp":"2026-05-27T06:55:58.718Z","level":"LOG","message":"Decoded user: {\"id\":2,\"phone\":\"9935146914\",\"iat\":1779535206,\"exp\":1780140006}"}
{"timestamp":"2026-05-27T06:55:58.718Z","level":"LOG","message":"REQ USER: {\"id\":2,\"phone\":\"9935146914\",\"iat\":1779535206,\"exp\":1780140006}"}
{"timestamp":"2026-05-27T06:55:58.890Z","level":"LOG","message":"Decoded user: {\"id\":2,\"phone\":\"9935146914\",\"iat\":1779535206,\"exp\":1780140006}"}
{"timestamp":"2026-05-27T06:55:58.890Z","level":"LOG","message":"REQ USER: {\"id\":2,\"phone\":\"9935146914\",\"iat\":1779535206,\"exp\":1780140006}"}
{"timestamp":"2026-05-27T06:56:05.073Z","level":"LOG","message":"Decoded user: {\"id\":2,\"phone\":\"9935146914\",\"iat\":1779535206,\"exp\":1780140006}"}
{"timestamp":"2026-05-27T06:56:05.073Z","level":"LOG","message":"REQ USER: {\"id\":2,\"phone\":\"9935146914\",\"iat\":1779535206,\"exp\":1780140006}"}
{"timestamp":"2026-05-27T06:56:06.563Z","level":"LOG","message":"Decoded user: {\"id\":2,\"phone\":\"9935146914\",\"iat\":1779535206,\"exp\":1780140006}"}
{"timestamp":"2026-05-27T06:56:25.575Z","level":"LOG","message":"Decoded user: {\"id\":2,\"phone\":\"9935146914\",\"iat\":1779535206,\"exp\":1780140006}"}
{"timestamp":"2026-05-27T06:56:25.575Z","level":"LOG","message":"REQ USER: {\"id\":2,\"phone\":\"9935146914\",\"iat\":1779535206,\"exp\":1780140006}"}
{"timestamp":"2026-05-27T06:56:29.885Z","level":"LOG","message":"Decoded user: {\"id\":2,\"phone\":\"9935146914\",\"iat\":1779535206,\"exp\":1780140006}"}
{"timestamp":"2026-05-27T06:56:29.885Z","level":"LOG","message":"REQ USER: {\"id\":2,\"phone\":\"9935146914\",\"iat\":1779535206,\"exp\":1780140006}"}
{"timestamp":"2026-05-27T06:56:32.595Z","level":"LOG","message":"Decoded user: {\"id\":2,\"phone\":\"9935146914\",\"iat\":1779535206,\"exp\":1780140006}"}
{"timestamp":"2026-05-27T06:56:36.077Z","level":"LOG","message":"Decoded user: {\"id\":2,\"phone\":\"9935146914\",\"iat\":1779535206,\"exp\":1780140006}"}
{"timestamp":"2026-05-27T06:56:43.093Z","level":"LOG","message":"TODAY: 2026-05-27"}
{"timestamp":"2026-05-27T06:56:43.093Z","level":"LOG","message":"BEGIN: 2026-04-01"}
{"timestamp":"2026-05-27T06:56:43.093Z","level":"LOG","message":"END: 2027-03-31"}
{"timestamp":"2026-05-27T06:57:19.792Z","level":"LOG","message":"Decoded user: {\"id\":2,\"phone\":\"9935146914\",\"iat\":1779535206,\"exp\":1780140006}"}
{"timestamp":"2026-05-27T06:57:19.792Z","level":"LOG","message":"REQ USER: {\"id\":2,\"phone\":\"9935146914\",\"iat\":1779535206,\"exp\":1780140006}"}
{"timestamp":"2026-05-27T06:57:22.014Z","level":"LOG","message":"Decoded user: {\"id\":2,\"phone\":\"9935146914\",\"iat\":1779535206,\"exp\":1780140006}"}
{"timestamp":"2026-05-27T06:57:22.097Z","level":"LOG","message":"Decoded user: {\"id\":2,\"phone\":\"9935146914\",\"iat\":1779535206,\"exp\":1780140006}"}
{"timestamp":"2026-05-27T06:57:54.611Z","level":"LOG","message":"Decoded user: {\"id\":2,\"phone\":\"9935146914\",\"iat\":1779535206,\"exp\":1780140006}"}
{"timestamp":"2026-05-27T06:57:54.685Z","level":"LOG","message":"Decoded user: {\"id\":2,\"phone\":\"9935146914\",\"iat\":1779535206,\"exp\":1780140006}"}
{"timestamp":"2026-05-27T06:57:54.754Z","level":"LOG","message":"Decoded user: {\"id\":2,\"phone\":\"9935146914\",\"iat\":1779535206,\"exp\":1780140006}"}
{"timestamp":"2026-05-27T06:57:54.754Z","level":"LOG","message":"REQ USER: {\"id\":2,\"phone\":\"9935146914\",\"iat\":1779535206,\"exp\":1780140006}"}
{"timestamp":"2026-05-27T06:58:03.266Z","level":"LOG","message":"Decoded user: {\"id\":2,\"phone\":\"9935146914\",\"iat\":1779535206,\"exp\":1780140006}"}
{"timestamp":"2026-05-27T06:58:03.373Z","level":"LOG","message":"Decoded user: {\"id\":2,\"phone\":\"9935146914\",\"iat\":1779535206,\"exp\":1780140006}"}
{"timestamp":"2026-05-27T06:58:03.753Z","level":"LOG","message":"Decoded user: {\"id\":2,\"phone\":\"9935146914\",\"iat\":1779535206,\"exp\":1780140006}"}
{"timestamp":"2026-05-27T06:58:03.753Z","level":"LOG","message":"REQ USER: {\"id\":2,\"phone\":\"9935146914\",\"iat\":1779535206,\"exp\":1780140006}"}
{"timestamp":"2026-05-27T06:58:42.341Z","level":"LOG","message":"orderStatusSms delivered: ORD1779865004734 sent "}
{"timestamp":"2026-05-27T06:58:57.873Z","level":"LOG","message":"orderStatusSms delivered: ORD1779865004734 sent "}
{"timestamp":"2026-05-27T06:59:03.095Z","level":"LOG","message":"FILES 👉 {\"image\":[{\"fieldname\":\"image\",\"originalname\":\"i20-elite-2018-9-inch-frame-for-android-sound-boss-original-imahk686brn7tzhm.jpeg\",\"encoding\":\"7bit\",\"mimetype\":\"image/jpeg\",\"destination\":\"/home/u823569727/domains/api.shop99.co.in/nodejs/uploads\",\"filename\":\"1779865143079-i20-elite-2018-9-inch-frame-for-android-sound-boss-original-imahk686brn7tzhm.jpeg\",\"path\":\"/home/u823569727/domains/api.shop99.co.in/nodejs/uploads/1779865143079-i20-elite-2018-9-inch-frame-for-android-sound-boss-original-imahk686brn7tzhm.jpeg\",\"size\":162466}]}"}
{"timestamp":"2026-05-27T06:59:33.023Z","level":"LOG","message":"Decoded user: {\"id\":2,\"phone\":\"9935146914\",\"iat\":1779535206,\"exp\":1780140006}"}
{"timestamp":"2026-05-27T06:59:33.083Z","level":"LOG","message":"Decoded user: {\"id\":2,\"phone\":\"9935146914\",\"iat\":1779535206,\"exp\":1780140006}"}
{"timestamp":"2026-05-27T06:59:33.200Z","level":"LOG","message":"Decoded user: {\"id\":2,\"phone\":\"9935146914\",\"iat\":1779535206,\"exp\":1780140006}"}
{"timestamp":"2026-05-27T06:59:33.200Z","level":"LOG","message":"REQ USER: {\"id\":2,\"phone\":\"9935146914\",\"iat\":1779535206,\"exp\":1780140006}"}
{"timestamp":"2026-05-27T06:59:38.304Z","level":"LOG","message":"Decoded user: {\"id\":2,\"phone\":\"9935146914\",\"iat\":1779535206,\"exp\":1780140006}"}
{"timestamp":"2026-05-27T06:59:38.304Z","level":"LOG","message":"REQ USER: {\"id\":2,\"phone\":\"9935146914\",\"iat\":1779535206,\"exp\":1780140006}"}
{"timestamp":"2026-05-27T06:59:47.087Z","level":"LOG","message":"Decoded user: {\"id\":2,\"phone\":\"9935146914\",\"iat\":1779535206,\"exp\":1780140006}"}
{"timestamp":"2026-05-27T06:59:47.087Z","level":"LOG","message":"REQ USER: {\"id\":2,\"phone\":\"9935146914\",\"iat\":1779535206,\"exp\":1780140006}"}
{"timestamp":"2026-05-27T06:59:47.300Z","level":"LOG","message":"Decoded user: {\"id\":2,\"phone\":\"9935146914\",\"iat\":1779535206,\"exp\":1780140006}"}
{"timestamp":"2026-05-27T06:59:47.300Z","level":"LOG","message":"REQ USER: {\"id\":2,\"phone\":\"9935146914\",\"iat\":1779535206,\"exp\":1780140006}"}
{"timestamp":"2026-05-27T07:00:12.560Z","level":"LOG","message":"Decoded user: {\"id\":2,\"phone\":\"9935146914\",\"iat\":1779535206,\"exp\":1780140006}"}
{"timestamp":"2026-05-27T07:00:12.560Z","level":"LOG","message":"REQ USER: {\"id\":2,\"phone\":\"9935146914\",\"iat\":1779535206,\"exp\":1780140006}"}
{"timestamp":"2026-05-27T07:01:44.347Z","level":"LOG","message":"Decoded user: {\"id\":2,\"phone\":\"9935146914\",\"iat\":1779535206,\"exp\":1780140006}"}
{"timestamp":"2026-05-27T07:01:44.347Z","level":"LOG","message":"REQ USER: {\"id\":2,\"phone\":\"9935146914\",\"iat\":1779535206,\"exp\":1780140006}"}
{"timestamp":"2026-05-27T07:04:25.129Z","level":"LOG","message":"Decoded user: {\"id\":2,\"phone\":\"9935146914\",\"iat\":1779535206,\"exp\":1780140006}"}
{"timestamp":"2026-05-27T07:04:25.129Z","level":"LOG","message":"REQ USER: {\"id\":2,\"phone\":\"9935146914\",\"iat\":1779535206,\"exp\":1780140006}"}
{"timestamp":"2026-05-27T07:04:49.567Z","level":"LOG","message":"Decoded user: {\"id\":2,\"phone\":\"9935146914\",\"iat\":1779535206,\"exp\":1780140006}"}
{"timestamp":"2026-05-27T07:04:49.630Z","level":"LOG","message":"Decoded user: {\"id\":2,\"phone\":\"9935146914\",\"iat\":1779535206,\"exp\":1780140006}"}
{"timestamp":"2026-05-27T07:05:07.585Z","level":"LOG","message":"Decoded user: {\"id\":2,\"phone\":\"9935146914\",\"iat\":1779535206,\"exp\":1780140006}"}
{"timestamp":"2026-05-27T07:06:30.454Z","level":"LOG","message":"Decoded user: {\"id\":2,\"phone\":\"9935146914\",\"iat\":1779535206,\"exp\":1780140006}"}
{"timestamp":"2026-05-27T07:06:30.512Z","level":"LOG","message":"Decoded user: {\"id\":2,\"phone\":\"9935146914\",\"iat\":1779535206,\"exp\":1780140006}"}
{"timestamp":"2026-05-27T07:06:30.665Z","level":"LOG","message":"Decoded user: {\"id\":2,\"phone\":\"9935146914\",\"iat\":1779535206,\"exp\":1780140006}"}
{"timestamp":"2026-05-27T07:06:30.665Z","level":"LOG","message":"REQ USER: {\"id\":2,\"phone\":\"9935146914\",\"iat\":1779535206,\"exp\":1780140006}"}
{"timestamp":"2026-05-27T07:07:50.401Z","level":"LOG","message":"Decoded user: {\"id\":2,\"phone\":\"9935146914\",\"iat\":1779535206,\"exp\":1780140006}"}
{"timestamp":"2026-05-27T07:07:50.458Z","level":"LOG","message":"Decoded user: {\"id\":2,\"phone\":\"9935146914\",\"iat\":1779535206,\"exp\":1780140006}"}
{"timestamp":"2026-05-27T07:07:50.716Z","level":"LOG","message":"Decoded user: {\"id\":2,\"phone\":\"9935146914\",\"iat\":1779535206,\"exp\":1780140006}"}
{"timestamp":"2026-05-27T07:07:50.716Z","level":"LOG","message":"REQ USER: {\"id\":2,\"phone\":\"9935146914\",\"iat\":1779535206,\"exp\":1780140006}"}
{"timestamp":"2026-05-27T07:08:27.481Z","level":"LOG","message":"orderStatusSms confirmed: ORD1779865004734 sent "}
{"timestamp":"2026-05-27T07:08:30.479Z","level":"LOG","message":"Decoded user: {\"id\":2,\"phone\":\"9935146914\",\"iat\":1779535206,\"exp\":1780140006}"}
{"timestamp":"2026-05-27T07:08:30.576Z","level":"LOG","message":"Decoded user: {\"id\":2,\"phone\":\"9935146914\",\"iat\":1779535206,\"exp\":1780140006}"}
{"timestamp":"2026-05-27T07:08:30.643Z","level":"LOG","message":"Decoded user: {\"id\":2,\"phone\":\"9935146914\",\"iat\":1779535206,\"exp\":1780140006}"}
{"timestamp":"2026-05-27T07:08:30.643Z","level":"LOG","message":"REQ USER: {\"id\":2,\"phone\":\"9935146914\",\"iat\":1779535206,\"exp\":1780140006}"}
{"timestamp":"2026-05-27T07:08:36.428Z","level":"LOG","message":"orderStatusSms delivered: ORD1779865004734 sent "}
{"timestamp":"2026-05-27T07:08:40.323Z","level":"LOG","message":"Decoded user: {\"id\":2,\"phone\":\"9935146914\",\"iat\":1779535206,\"exp\":1780140006}"}
{"timestamp":"2026-05-27T07:08:40.387Z","level":"LOG","message":"Decoded user: {\"id\":2,\"phone\":\"9935146914\",\"iat\":1779535206,\"exp\":1780140006}"}
{"timestamp":"2026-05-27T07:08:40.450Z","level":"LOG","message":"Decoded user: {\"id\":2,\"phone\":\"9935146914\",\"iat\":1779535206,\"exp\":1780140006}"}
{"timestamp":"2026-05-27T07:08:40.450Z","level":"LOG","message":"REQ USER: {\"id\":2,\"phone\":\"9935146914\",\"iat\":1779535206,\"exp\":1780140006}"}
{"timestamp":"2026-05-27T07:08:53.649Z","level":"LOG","message":"Decoded user: {\"id\":2,\"phone\":\"9935146914\",\"iat\":1779535206,\"exp\":1780140006}"}
{"timestamp":"2026-05-27T07:09:40.139Z","level":"LOG","message":"Decoded user: {\"id\":2,\"phone\":\"9935146914\",\"iat\":1779535206,\"exp\":1780140006}"}
{"timestamp":"2026-05-27T07:09:40.239Z","level":"LOG","message":"Decoded user: {\"id\":2,\"phone\":\"9935146914\",\"iat\":1779535206,\"exp\":1780140006}"}
{"timestamp":"2026-05-27T07:09:40.326Z","level":"LOG","message":"Decoded user: {\"id\":2,\"phone\":\"9935146914\",\"iat\":1779535206,\"exp\":1780140006}"}
{"timestamp":"2026-05-27T07:09:40.327Z","level":"LOG","message":"REQ USER: {\"id\":2,\"phone\":\"9935146914\",\"iat\":1779535206,\"exp\":1780140006}"}
{"timestamp":"2026-05-27T07:10:17.886Z","level":"LOG","message":"Decoded user: {\"id\":2,\"phone\":\"9935146914\",\"iat\":1779535206,\"exp\":1780140006}"}
{"timestamp":"2026-05-27T07:10:18.011Z","level":"LOG","message":"Decoded user: {\"id\":2,\"phone\":\"9935146914\",\"iat\":1779535206,\"exp\":1780140006}"}
{"timestamp":"2026-05-27T07:10:18.065Z","level":"LOG","message":"Decoded user: {\"id\":2,\"phone\":\"9935146914\",\"iat\":1779535206,\"exp\":1780140006}"}
{"timestamp":"2026-05-27T07:10:18.065Z","level":"LOG","message":"REQ USER: {\"id\":2,\"phone\":\"9935146914\",\"iat\":1779535206,\"exp\":1780140006}"}
{"timestamp":"2026-05-27T07:10:25.245Z","level":"LOG","message":"FILES 👉 {\"image\":[{\"fieldname\":\"image\",\"originalname\":\"eeco-9-inch-frame-for-android-sound-boss-original-imahcfnhrgrrmpq4.jpeg\",\"encoding\":\"7bit\",\"mimetype\":\"image/jpeg\",\"destination\":\"/home/u823569727/domains/api.shop99.co.in/nodejs/uploads\",\"filename\":\"1779865825236-eeco-9-inch-frame-for-android-sound-boss-original-imahcfnhrgrrmpq4.jpeg\",\"path\":\"/home/u823569727/domains/api.shop99.co.in/nodejs/uploads/1779865825236-eeco-9-inch-frame-for-android-sound-boss-original-imahcfnhrgrrmpq4.jpeg\",\"size\":155728}]}"}
{"timestamp":"2026-05-27T07:10:34.912Z","level":"LOG","message":"Decoded user: {\"id\":2,\"phone\":\"9935146914\",\"iat\":1779535206,\"exp\":1780140006}"}
{"timestamp":"2026-05-27T07:10:35.011Z","level":"LOG","message":"Decoded user: {\"id\":2,\"phone\":\"9935146914\",\"iat\":1779535206,\"exp\":1780140006}"}
{"timestamp":"2026-05-27T07:10:35.079Z","level":"LOG","message":"Decoded user: {\"id\":2,\"phone\":\"9935146914\",\"iat\":1779535206,\"exp\":1780140006}"}
{"timestamp":"2026-05-27T07:10:35.079Z","level":"LOG","message":"REQ USER: {\"id\":2,\"phone\":\"9935146914\",\"iat\":1779535206,\"exp\":1780140006}"}
{"timestamp":"2026-05-27T07:10:45.625Z","level":"LOG","message":"Decoded user: {\"id\":2,\"phone\":\"9935146914\",\"iat\":1779535206,\"exp\":1780140006}"}
{"timestamp":"2026-05-27T07:10:45.773Z","level":"LOG","message":"Decoded user: {\"id\":2,\"phone\":\"9935146914\",\"iat\":1779535206,\"exp\":1780140006}"}
{"timestamp":"2026-05-27T07:10:45.850Z","level":"LOG","message":"Decoded user: {\"id\":2,\"phone\":\"9935146914\",\"iat\":1779535206,\"exp\":1780140006}"}
{"timestamp":"2026-05-27T07:10:45.850Z","level":"LOG","message":"REQ USER: {\"id\":2,\"phone\":\"9935146914\",\"iat\":1779535206,\"exp\":1780140006}"}
{"timestamp":"2026-05-27T07:12:40.369Z","level":"LOG","message":"LABEL PATH: /home/u823569727/domains/api.shop99.co.in/nodejs/uploads/label-91-1779865960339.pdf"}
{"timestamp":"2026-05-27T07:13:17.637Z","level":"LOG","message":"Decoded user: {\"id\":2,\"phone\":\"9935146914\",\"iat\":1779535206,\"exp\":1780140006}"}
{"timestamp":"2026-05-27T07:13:17.763Z","level":"LOG","message":"Decoded user: {\"id\":2,\"phone\":\"9935146914\",\"iat\":1779535206,\"exp\":1780140006}"}
{"timestamp":"2026-05-27T07:13:17.852Z","level":"LOG","message":"Decoded user: {\"id\":2,\"phone\":\"9935146914\",\"iat\":1779535206,\"exp\":1780140006}"}
{"timestamp":"2026-05-27T07:13:17.853Z","level":"LOG","message":"REQ USER: {\"id\":2,\"phone\":\"9935146914\",\"iat\":1779535206,\"exp\":1780140006}"}
{"timestamp":"2026-05-27T07:19:28.451Z","level":"LOG","message":"Decoded user: {\"id\":2,\"phone\":\"9935146914\",\"iat\":1779535206,\"exp\":1780140006}"}
{"timestamp":"2026-05-27T07:19:28.522Z","level":"LOG","message":"Decoded user: {\"id\":2,\"phone\":\"9935146914\",\"iat\":1779535206,\"exp\":1780140006}"}
{"timestamp":"2026-05-27T07:19:47.561Z","level":"LOG","message":"Decoded user: {\"id\":2,\"phone\":\"9935146914\",\"iat\":1779535206,\"exp\":1780140006}"}
{"timestamp":"2026-05-27T07:20:19.955Z","level":"LOG","message":"[dotenv@17.3.1] injecting env (21) from .env -- tip: ⚙️  specify custom .env file path with { path: '/custom/path/.env' }"}
{"timestamp":"2026-05-27T07:20:20.331Z","level":"LOG","message":"[dotenv@17.3.1] injecting env (0) from .env -- tip: ⚡️ secrets for agents: https://dotenvx.com/as2"}
{"timestamp":"2026-05-27T07:20:20.796Z","level":"LOG","message":"[dotenv@17.3.1] injecting env (0) from .env -- tip: ⚙️  specify custom .env file path with { path: '/custom/path/.env' }"}
{"timestamp":"2026-05-27T07:20:21.164Z","level":"LOG","message":"✅ DB Connected"}
{"timestamp":"2026-05-27T07:20:21.273Z","level":"LOG","message":"✅ Tables Synced"}
{"timestamp":"2026-05-27T07:20:21.286Z","level":"LOG","message":"🚀 Server running on port 9001"}
{"timestamp":"2026-05-27T07:20:21.391Z","level":"LOG","message":"Decoded user: {\"id\":2,\"phone\":\"9935146914\",\"iat\":1779535206,\"exp\":1780140006}"}
{"timestamp":"2026-05-27T07:20:21.492Z","level":"LOG","message":"Decoded user: {\"id\":2,\"phone\":\"9935146914\",\"iat\":1779535206,\"exp\":1780140006}"}
{"timestamp":"2026-05-27T07:20:46.424Z","level":"LOG","message":"Decoded user: {\"id\":2,\"phone\":\"9935146914\",\"iat\":1779535206,\"exp\":1780140006}"}
{"timestamp":"2026-05-27T07:22:39.317Z","level":"LOG","message":"Decoded user: {\"id\":2,\"phone\":\"9935146914\",\"iat\":1779535206,\"exp\":1780140006}"}
{"timestamp":"2026-05-27T07:22:39.318Z","level":"LOG","message":"REQ USER: {\"id\":2,\"phone\":\"9935146914\",\"iat\":1779535206,\"exp\":1780140006}"}
{"timestamp":"2026-05-27T07:22:41.195Z","level":"LOG","message":"Decoded user: {\"id\":2,\"phone\":\"9935146914\",\"iat\":1779535206,\"exp\":1780140006}"}
{"timestamp":"2026-05-27T07:24:31.445Z","level":"LOG","message":"FILES 👉 {\"image\":[{\"fieldname\":\"image\",\"originalname\":\"sb-134-soundboss-original-imae3yeh2yjfrwgj.jpeg\",\"encoding\":\"7bit\",\"mimetype\":\"image/jpeg\",\"destination\":\"/home/u823569727/domains/api.shop99.co.in/nodejs/uploads\",\"filename\":\"1779866671423-sb-134-soundboss-original-imae3yeh2yjfrwgj.jpeg\",\"path\":\"/home/u823569727/domains/api.shop99.co.in/nodejs/uploads/1779866671423-sb-134-soundboss-original-imae3yeh2yjfrwgj.jpeg\",\"size\":48950}]}"}
{"timestamp":"2026-05-27T07:30:06.754Z","level":"LOG","message":"Decoded user: {\"id\":2,\"phone\":\"9935146914\",\"iat\":1779535206,\"exp\":1780140006}"}
{"timestamp":"2026-05-27T07:31:03.665Z","level":"LOG","message":"Decoded user: {\"id\":2,\"phone\":\"9935146914\",\"iat\":1779535206,\"exp\":1780140006}"}
{"timestamp":"2026-05-27T07:31:51.550Z","level":"LOG","message":"Decoded user: {\"id\":2,\"phone\":\"9935146914\",\"iat\":1779535206,\"exp\":1780140006}"}
{"timestamp":"2026-05-27T07:31:51.550Z","level":"LOG","message":"REQ USER: {\"id\":2,\"phone\":\"9935146914\",\"iat\":1779535206,\"exp\":1780140006}"}
{"timestamp":"2026-05-27T07:32:29.402Z","level":"LOG","message":"Decoded user: {\"id\":2,\"phone\":\"9935146914\",\"iat\":1779535206,\"exp\":1780140006}"}
{"timestamp":"2026-05-27T07:32:29.402Z","level":"LOG","message":"REQ USER: {\"id\":2,\"phone\":\"9935146914\",\"iat\":1779535206,\"exp\":1780140006}"}
{"timestamp":"2026-05-27T07:32:30.510Z","level":"LOG","message":"Decoded user: {\"id\":2,\"phone\":\"9935146914\",\"iat\":1779535206,\"exp\":1780140006}"}
{"timestamp":"2026-05-27T07:32:57.396Z","level":"LOG","message":"Decoded user: {\"id\":2,\"phone\":\"9935146914\",\"iat\":1779535206,\"exp\":1780140006}"}
{"timestamp":"2026-05-27T07:33:06.973Z","level":"LOG","message":"Decoded user: {\"id\":2,\"phone\":\"9935146914\",\"iat\":1779535206,\"exp\":1780140006}"}
{"timestamp":"2026-05-27T07:33:07.311Z","level":"LOG","message":"Decoded user: {\"id\":2,\"phone\":\"9935146914\",\"iat\":1779535206,\"exp\":1780140006}"}
{"timestamp":"2026-05-27T07:33:07.311Z","level":"LOG","message":"REQ USER: {\"id\":2,\"phone\":\"9935146914\",\"iat\":1779535206,\"exp\":1780140006}"}
{"timestamp":"2026-05-27T07:34:05.600Z","level":"LOG","message":"Decoded user: {\"id\":2,\"phone\":\"9935146914\",\"iat\":1779535206,\"exp\":1780140006}"}
{"timestamp":"2026-05-27T07:34:06.057Z","level":"LOG","message":"Decoded user: {\"id\":2,\"phone\":\"9935146914\",\"iat\":1779535206,\"exp\":1780140006}"}
{"timestamp":"2026-05-27T07:34:06.057Z","level":"LOG","message":"REQ USER: {\"id\":2,\"phone\":\"9935146914\",\"iat\":1779535206,\"exp\":1780140006}"}
{"timestamp":"2026-05-27T07:34:23.885Z","level":"LOG","message":"[dotenv@17.3.1] injecting env (21) from .env -- tip: 🤖 agentic secret storage: https://dotenvx.com/as2"}
{"timestamp":"2026-05-27T07:34:24.243Z","level":"LOG","message":"[dotenv@17.3.1] injecting env (0) from .env -- tip: 🤖 agentic secret storage: https://dotenvx.com/as2"}
{"timestamp":"2026-05-27T07:34:24.786Z","level":"LOG","message":"[dotenv@17.3.1] injecting env (0) from .env -- tip: 🤖 agentic secret storage: https://dotenvx.com/as2"}
{"timestamp":"2026-05-27T07:34:25.196Z","level":"LOG","message":"✅ DB Connected"}
{"timestamp":"2026-05-27T07:34:25.352Z","level":"LOG","message":"✅ Tables Synced"}
{"timestamp":"2026-05-27T07:34:25.370Z","level":"LOG","message":"🚀 Server running on port 9001"}
{"timestamp":"2026-05-27T07:34:29.344Z","level":"LOG","message":"[dotenv@17.3.1] injecting env (21) from .env -- tip: 🔐 prevent committing .env to code: https://dotenvx.com/precommit"}
{"timestamp":"2026-05-27T07:34:29.675Z","level":"LOG","message":"[dotenv@17.3.1] injecting env (0) from .env -- tip: ⚙️  write to custom object with { processEnv: myObject }"}
{"timestamp":"2026-05-27T07:34:30.162Z","level":"LOG","message":"[dotenv@17.3.1] injecting env (0) from .env -- tip: ⚙️  write to custom object with { processEnv: myObject }"}
{"timestamp":"2026-05-27T07:34:30.549Z","level":"LOG","message":"✅ DB Connected"}
{"timestamp":"2026-05-27T07:34:30.798Z","level":"LOG","message":"✅ Tables Synced"}
{"timestamp":"2026-05-27T07:34:30.810Z","level":"LOG","message":"🚀 Server running on port 9001"}
{"timestamp":"2026-05-27T07:35:07.276Z","level":"LOG","message":"Decoded user: {\"id\":2,\"phone\":\"9935146914\",\"iat\":1779535206,\"exp\":1780140006}"}
{"timestamp":"2026-05-27T07:35:07.277Z","level":"LOG","message":"REQ USER: {\"id\":2,\"phone\":\"9935146914\",\"iat\":1779535206,\"exp\":1780140006}"}
{"timestamp":"2026-05-27T07:46:53.162Z","level":"LOG","message":"Decoded user: {\"id\":11,\"phone\":\"8447771582\",\"iat\":1779858966,\"exp\":1780463766}"}
{"timestamp":"2026-05-27T07:46:53.162Z","level":"LOG","message":"REQ USER: {\"id\":11,\"phone\":\"8447771582\",\"iat\":1779858966,\"exp\":1780463766}"}
{"timestamp":"2026-05-27T07:46:53.248Z","level":"LOG","message":"Decoded user: {\"id\":11,\"phone\":\"8447771582\",\"iat\":1779858966,\"exp\":1780463766}"}
{"timestamp":"2026-05-27T07:46:53.248Z","level":"LOG","message":"REQ USER: {\"id\":11,\"phone\":\"8447771582\",\"iat\":1779858966,\"exp\":1780463766}"}
{"timestamp":"2026-05-27T07:47:03.681Z","level":"LOG","message":"Decoded user: {\"id\":11,\"phone\":\"8447771582\",\"iat\":1779858966,\"exp\":1780463766}"}
{"timestamp":"2026-05-27T07:47:03.681Z","level":"LOG","message":"REQ USER: {\"id\":11,\"phone\":\"8447771582\",\"iat\":1779858966,\"exp\":1780463766}"}
{"timestamp":"2026-05-27T07:47:03.733Z","level":"LOG","message":"Decoded user: {\"id\":11,\"phone\":\"8447771582\",\"iat\":1779858966,\"exp\":1780463766}"}
{"timestamp":"2026-05-27T07:47:03.733Z","level":"LOG","message":"REQ USER: {\"id\":11,\"phone\":\"8447771582\",\"iat\":1779858966,\"exp\":1780463766}"}
{"timestamp":"2026-05-27T07:47:12.087Z","level":"LOG","message":"Decoded user: {\"id\":11,\"phone\":\"8447771582\",\"iat\":1779858966,\"exp\":1780463766}"}
{"timestamp":"2026-05-27T07:47:12.087Z","level":"LOG","message":"REQ USER: {\"id\":11,\"phone\":\"8447771582\",\"iat\":1779858966,\"exp\":1780463766}"}
{"timestamp":"2026-05-27T07:47:12.185Z","level":"LOG","message":"Decoded user: {\"id\":11,\"phone\":\"8447771582\",\"iat\":1779858966,\"exp\":1780463766}"}
{"timestamp":"2026-05-27T07:47:12.185Z","level":"LOG","message":"REQ USER: {\"id\":11,\"phone\":\"8447771582\",\"iat\":1779858966,\"exp\":1780463766}"}
{"timestamp":"2026-05-27T07:56:27.992Z","level":"LOG","message":"FILES 👉 {\"image\":[{\"fieldname\":\"image\",\"originalname\":\"androidify-3rd-generation-adv-9-inch-with-rear-and-front-camera-original-imahk7cmhgqzcxgg (1).jpeg\",\"encoding\":\"7bit\",\"mimetype\":\"image/jpeg\",\"destination\":\"/home/u823569727/domains/api.shop99.co.in/nodejs/uploads\",\"filename\":\"1779868587972-androidify-3rd-generation-adv-9-inch-with-rear-and-front-camera-original-imahk7cmhgqzcxgg (1).jpeg\",\"path\":\"/home/u823569727/domains/api.shop99.co.in/nodejs/uploads/1779868587972-androidify-3rd-generation-adv-9-inch-with-rear-and-front-camera-original-imahk7cmhgqzcxgg (1).jpeg\",\"size\":218625}]}"}
{"timestamp":"2026-05-27T08:09:32.501Z","level":"LOG","message":"FILES 👉 {\"image\":[{\"fieldname\":\"image\",\"originalname\":\"jazz-9-inch-frame-for-android-sound-boss-original-imahcfndfaxf8tby.jpeg\",\"encoding\":\"7bit\",\"mimetype\":\"image/jpeg\",\"destination\":\"/home/u823569727/domains/api.shop99.co.in/nodejs/uploads\",\"filename\":\"1779869372487-jazz-9-inch-frame-for-android-sound-boss-original-imahcfndfaxf8tby.jpeg\",\"path\":\"/home/u823569727/domains/api.shop99.co.in/nodejs/uploads/1779869372487-jazz-9-inch-frame-for-android-sound-boss-original-imahcfndfaxf8tby.jpeg\",\"size\":173836}]}"}
{"timestamp":"2026-05-27T08:16:52.172Z","level":"LOG","message":"FILES 👉 {\"image\":[{\"fieldname\":\"image\",\"originalname\":\"s-presso-9-inch-frame-for-android-sound-boss-original-imahcfnjxevf8fye.jpeg\",\"encoding\":\"7bit\",\"mimetype\":\"image/jpeg\",\"destination\":\"/home/u823569727/domains/api.shop99.co.in/nodejs/uploads\",\"filename\":\"1779869812156-s-presso-9-inch-frame-for-android-sound-boss-original-imahcfnjxevf8fye.jpeg\",\"path\":\"/home/u823569727/domains/api.shop99.co.in/nodejs/uploads/1779869812156-s-presso-9-inch-frame-for-android-sound-boss-original-imahcfnjxevf8fye.jpeg\",\"size\":171329}]}"}
{"timestamp":"2026-05-27T08:20:47.168Z","level":"LOG","message":"Decoded user: {\"id\":2,\"phone\":\"9935146914\",\"iat\":1779535206,\"exp\":1780140006}"}
{"timestamp":"2026-05-27T08:20:47.168Z","level":"LOG","message":"REQ USER: {\"id\":2,\"phone\":\"9935146914\",\"iat\":1779535206,\"exp\":1780140006}"}
{"timestamp":"2026-05-27T08:20:47.342Z","level":"LOG","message":"Decoded user: {\"id\":2,\"phone\":\"9935146914\",\"iat\":1779535206,\"exp\":1780140006}"}
{"timestamp":"2026-05-27T08:20:47.343Z","level":"LOG","message":"REQ USER: {\"id\":2,\"phone\":\"9935146914\",\"iat\":1779535206,\"exp\":1780140006}"}
{"timestamp":"2026-05-27T08:35:10.744Z","level":"LOG","message":"[dotenv@17.3.1] injecting env (21) from .env -- tip: 🔐 encrypt with Dotenvx: https://dotenvx.com"}
{"timestamp":"2026-05-27T08:35:11.097Z","level":"LOG","message":"[dotenv@17.3.1] injecting env (0) from .env -- tip: 🤖 agentic secret storage: https://dotenvx.com/as2"}
{"timestamp":"2026-05-27T08:35:11.545Z","level":"LOG","message":"[dotenv@17.3.1] injecting env (0) from .env -- tip: 🛡️ auth for agents: https://vestauth.com"}
{"timestamp":"2026-05-27T08:35:11.919Z","level":"LOG","message":"✅ DB Connected"}
{"timestamp":"2026-05-27T08:35:12.023Z","level":"LOG","message":"✅ Tables Synced"}
{"timestamp":"2026-05-27T08:35:12.035Z","level":"LOG","message":"🚀 Server running on port 9001"}
{"timestamp":"2026-05-27T09:06:32.117Z","level":"LOG","message":"FILES 👉 {\"image\":[{\"fieldname\":\"image\",\"originalname\":\"double-fm-usb-bluetooth-sd-aux-mp3-charge-pro-sound-boss-original-imagxsf9bwzbxxya.jpeg\",\"encoding\":\"7bit\",\"mimetype\":\"image/jpeg\",\"destination\":\"/home/u823569727/domains/api.shop99.co.in/nodejs/uploads\",\"filename\":\"1779872792070-double-fm-usb-bluetooth-sd-aux-mp3-charge-pro-sound-boss-original-imagxsf9bwzbxxya.jpeg\",\"path\":\"/home/u823569727/domains/api.shop99.co.in/nodejs/uploads/1779872792070-double-fm-usb-bluetooth-sd-aux-mp3-charge-pro-sound-boss-original-imagxsf9bwzbxxya.jpeg\",\"size\":213562}]}"}
{"timestamp":"2026-05-27T09:29:27.239Z","level":"LOG","message":"FILES 👉 {\"image\":[{\"fieldname\":\"image\",\"originalname\":\"wagon-r-2019-9-inch-frame-for-android-sound-boss-original-imahk6bdmgxj22y5.jpeg\",\"encoding\":\"7bit\",\"mimetype\":\"image/jpeg\",\"destination\":\"/home/u823569727/domains/api.shop99.co.in/nodejs/uploads\",\"filename\":\"1779874167211-wagon-r-2019-9-inch-frame-for-android-sound-boss-original-imahk6bdmgxj22y5.jpeg\",\"path\":\"/home/u823569727/domains/api.shop99.co.in/nodejs/uploads/1779874167211-wagon-r-2019-9-inch-frame-for-android-sound-boss-original-imahk6bdmgxj22y5.jpeg\",\"size\":151641}]}"}
{"timestamp":"2026-05-27T09:38:33.066Z","level":"LOG","message":"[dotenv@17.3.1] injecting env (21) from .env -- tip: 🤖 agentic secret storage: https://dotenvx.com/as2"}
{"timestamp":"2026-05-27T09:38:33.400Z","level":"LOG","message":"[dotenv@17.3.1] injecting env (0) from .env -- tip: 🛠️  run anywhere with `dotenvx run -- yourcommand`"}
{"timestamp":"2026-05-27T09:38:33.824Z","level":"LOG","message":"[dotenv@17.3.1] injecting env (0) from .env -- tip: 🔐 prevent building .env in docker: https://dotenvx.com/prebuild"}
{"timestamp":"2026-05-27T09:38:34.163Z","level":"LOG","message":"✅ DB Connected"}
{"timestamp":"2026-05-27T09:38:34.263Z","level":"LOG","message":"✅ Tables Synced"}
{"timestamp":"2026-05-27T09:38:34.277Z","level":"LOG","message":"🚀 Server running on port 9001"}
{"timestamp":"2026-05-27T09:41:11.875Z","level":"LOG","message":"FILES 👉 {\"image\":[{\"fieldname\":\"image\",\"originalname\":\"nexgeneration-9-inch-2gb-16gb-for-maruti-suzuki-baleno-android-original-imahk8h7egcdftyj.jpeg\",\"encoding\":\"7bit\",\"mimetype\":\"image/jpeg\",\"destination\":\"/home/u823569727/domains/api.shop99.co.in/nodejs/uploads\",\"filename\":\"1779874871820-nexgeneration-9-inch-2gb-16gb-for-maruti-suzuki-baleno-android-original-imahk8h7egcdftyj.jpeg\",\"path\":\"/home/u823569727/domains/api.shop99.co.in/nodejs/uploads/1779874871820-nexgeneration-9-inch-2gb-16gb-for-maruti-suzuki-baleno-android-original-imahk8h7egcdftyj.jpeg\",\"size\":483289}]}"}
{"timestamp":"2026-05-27T09:48:22.368Z","level":"LOG","message":"Decoded user: {\"id\":12,\"phone\":\"8950299308\",\"iat\":1779789678,\"exp\":1780394478}"}
{"timestamp":"2026-05-27T09:48:22.368Z","level":"LOG","message":"REQ USER: {\"id\":12,\"phone\":\"8950299308\",\"iat\":1779789678,\"exp\":1780394478}"}
{"timestamp":"2026-05-27T09:48:22.556Z","level":"LOG","message":"Decoded user: {\"id\":12,\"phone\":\"8950299308\",\"iat\":1779789678,\"exp\":1780394478}"}
{"timestamp":"2026-05-27T09:48:22.557Z","level":"LOG","message":"REQ USER: {\"id\":12,\"phone\":\"8950299308\",\"iat\":1779789678,\"exp\":1780394478}"}
{"timestamp":"2026-05-27T10:10:36.154Z","level":"LOG","message":"FILES 👉 {\"image\":[{\"fieldname\":\"image\",\"originalname\":\"wrv-9-inch-abs-frame-for-android-rockson-original-imahk59kcv6vfv9y.jpeg\",\"encoding\":\"7bit\",\"mimetype\":\"image/jpeg\",\"destination\":\"/home/u823569727/domains/api.shop99.co.in/nodejs/uploads\",\"filename\":\"1779876636136-wrv-9-inch-abs-frame-for-android-rockson-original-imahk59kcv6vfv9y.jpeg\",\"path\":\"/home/u823569727/domains/api.shop99.co.in/nodejs/uploads/1779876636136-wrv-9-inch-abs-frame-for-android-rockson-original-imahk59kcv6vfv9y.jpeg\",\"size\":145123}]}"}
{"timestamp":"2026-05-27T10:23:03.907Z","level":"LOG","message":"FILES 👉 {\"image\":[{\"fieldname\":\"image\",\"originalname\":\"old-mobillo-9-inch-frame-for-android-sound-boss-original-imahk8gh9burevjd.jpeg\",\"encoding\":\"7bit\",\"mimetype\":\"image/jpeg\",\"destination\":\"/home/u823569727/domains/api.shop99.co.in/nodejs/uploads\",\"filename\":\"1779877383798-old-mobillo-9-inch-frame-for-android-sound-boss-original-imahk8gh9burevjd.jpeg\",\"path\":\"/home/u823569727/domains/api.shop99.co.in/nodejs/uploads/1779877383798-old-mobillo-9-inch-frame-for-android-sound-boss-original-imahk8gh9burevjd.jpeg\",\"size\":174363}]}"}
{"timestamp":"2026-05-27T10:24:49.130Z","level":"LOG","message":"[dotenv@17.3.1] injecting env (21) from .env -- tip: 🛡️ auth for agents: https://vestauth.com"}
{"timestamp":"2026-05-27T10:24:49.583Z","level":"LOG","message":"[dotenv@17.3.1] injecting env (0) from .env -- tip: 🛡️ auth for agents: https://vestauth.com"}
{"timestamp":"2026-05-27T10:24:50.163Z","level":"LOG","message":"[dotenv@17.3.1] injecting env (0) from .env -- tip: ⚙️  specify custom .env file path with { path: '/custom/path/.env' }"}
{"timestamp":"2026-05-27T10:24:50.628Z","level":"LOG","message":"✅ DB Connected"}
{"timestamp":"2026-05-27T10:24:50.776Z","level":"LOG","message":"✅ Tables Synced"}
{"timestamp":"2026-05-27T10:24:50.791Z","level":"LOG","message":"🚀 Server running on port 9001"}
{"timestamp":"2026-05-27T10:42:05.012Z","level":"LOG","message":"FILES 👉 {\"image\":[{\"fieldname\":\"image\",\"originalname\":\"androidify-3rd-generation-9-inch-android-9-1-1gb-16gb-for-maruti-original-imahk7fuhyrarm5c.jpeg\",\"encoding\":\"7bit\",\"mimetype\":\"image/jpeg\",\"destination\":\"/home/u823569727/domains/api.shop99.co.in/nodejs/uploads\",\"filename\":\"1779878524868-androidify-3rd-generation-9-inch-android-9-1-1gb-16gb-for-maruti-original-imahk7fuhyrarm5c.jpeg\",\"path\":\"/home/u823569727/domains/api.shop99.co.in/nodejs/uploads/1779878524868-androidify-3rd-generation-9-inch-android-9-1-1gb-16gb-for-maruti-original-imahk7fuhyrarm5c.jpeg\",\"size\":517471}]}"}
{"timestamp":"2026-05-27T10:53:48.721Z","level":"LOG","message":"FILES 👉 {\"image\":[{\"fieldname\":\"image\",\"originalname\":\"androidify-3rd-generation-9-inch-android-9-1-1gb-16gb-for-original-imahk8cfd6zwwgdq.jpeg\",\"encoding\":\"7bit\",\"mimetype\":\"image/jpeg\",\"destination\":\"/home/u823569727/domains/api.shop99.co.in/nodejs/uploads\",\"filename\":\"1779879228698-androidify-3rd-generation-9-inch-android-9-1-1gb-16gb-for-original-imahk8cfd6zwwgdq.jpeg\",\"path\":\"/home/u823569727/domains/api.shop99.co.in/nodejs/uploads/1779879228698-androidify-3rd-generation-9-inch-android-9-1-1gb-16gb-for-original-imahk8cfd6zwwgdq.jpeg\",\"size\":515320}]}"}
{"timestamp":"2026-05-27T11:19:53.056Z","level":"LOG","message":"FILES 👉 {\"image\":[{\"fieldname\":\"image\",\"originalname\":\"aux-sd-usb-bluetooth-fm-mp3-car-stereo-dashboard-4-dual-original-imahk69d4vmxbvgw.jpeg\",\"encoding\":\"7bit\",\"mimetype\":\"image/jpeg\",\"destination\":\"/home/u823569727/domains/api.shop99.co.in/nodejs/uploads\",\"filename\":\"1779880793047-aux-sd-usb-bluetooth-fm-mp3-car-stereo-dashboard-4-dual-original-imahk69d4vmxbvgw.jpeg\",\"path\":\"/home/u823569727/domains/api.shop99.co.in/nodejs/uploads/1779880793047-aux-sd-usb-bluetooth-fm-mp3-car-stereo-dashboard-4-dual-original-imahk69d4vmxbvgw.jpeg\",\"size\":182555}]}"}
{"timestamp":"2026-05-27T11:26:10.494Z","level":"LOG","message":"[dotenv@17.3.1] injecting env (21) from .env -- tip: ⚙️  enable debug logging with { debug: true }"}
{"timestamp":"2026-05-27T11:26:11.012Z","level":"LOG","message":"[dotenv@17.3.1] injecting env (0) from .env -- tip: ⚙️  enable debug logging with { debug: true }"}
{"timestamp":"2026-05-27T11:26:11.539Z","level":"LOG","message":"[dotenv@17.3.1] injecting env (0) from .env -- tip: 🔐 prevent building .env in docker: https://dotenvx.com/prebuild"}
{"timestamp":"2026-05-27T11:26:11.961Z","level":"LOG","message":"✅ DB Connected"}
{"timestamp":"2026-05-27T11:26:12.121Z","level":"LOG","message":"✅ Tables Synced"}
{"timestamp":"2026-05-27T11:26:12.136Z","level":"LOG","message":"🚀 Server running on port 9001"}
{"timestamp":"2026-05-27T11:28:11.630Z","level":"LOG","message":"FILES 👉 {\"image\":[{\"fieldname\":\"image\",\"originalname\":\"nexgeneration-9-inch-2gb-16gb-for-mahindra-xuv300-android-sound-original-imahkdumfgfqpmhc.jpeg\",\"encoding\":\"7bit\",\"mimetype\":\"image/jpeg\",\"destination\":\"/home/u823569727/domains/api.shop99.co.in/nodejs/uploads\",\"filename\":\"1779881291581-nexgeneration-9-inch-2gb-16gb-for-mahindra-xuv300-android-sound-original-imahkdumfgfqpmhc.jpeg\",\"path\":\"/home/u823569727/domains/api.shop99.co.in/nodejs/uploads/1779881291581-nexgeneration-9-inch-2gb-16gb-for-mahindra-xuv300-android-sound-original-imahkdumfgfqpmhc.jpeg\",\"size\":20627}]}"}
{"timestamp":"2026-05-27T11:51:54.363Z","level":"LOG","message":"FILES 👉 {\"image\":[{\"fieldname\":\"image\",\"originalname\":\"sb-28-bluetooth-wireless-with-phone-caller-id-receiver-sound-original-imaf9jqhgthzh7dg.jpeg\",\"encoding\":\"7bit\",\"mimetype\":\"image/jpeg\",\"destination\":\"/home/u823569727/domains/api.shop99.co.in/nodejs/uploads\",\"filename\":\"1779882714333-sb-28-bluetooth-wireless-with-phone-caller-id-receiver-sound-original-imaf9jqhgthzh7dg.jpeg\",\"path\":\"/home/u823569727/domains/api.shop99.co.in/nodejs/uploads/1779882714333-sb-28-bluetooth-wireless-with-phone-caller-id-receiver-sound-original-imaf9jqhgthzh7dg.jpeg\",\"size\":1532341}]}"}
{"timestamp":"2026-05-27T12:04:27.450Z","level":"LOG","message":"FILES 👉 {\"image\":[{\"fieldname\":\"image\",\"originalname\":\"androidify-3rd-gen-9-inch-qled-with-dsp-360-bird-view-support-original-imahk8cyydq6ggwe.jpeg\",\"encoding\":\"7bit\",\"mimetype\":\"image/jpeg\",\"destination\":\"/home/u823569727/domains/api.shop99.co.in/nodejs/uploads\",\"filename\":\"1779883466997-androidify-3rd-gen-9-inch-qled-with-dsp-360-bird-view-support-original-imahk8cyydq6ggwe.jpeg\",\"path\":\"/home/u823569727/domains/api.shop99.co.in/nodejs/uploads/1779883466997-androidify-3rd-gen-9-inch-qled-with-dsp-360-bird-view-support-original-imahk8cyydq6ggwe.jpeg\",\"size\":212459}]}"}
{"timestamp":"2026-05-27T12:15:25.635Z","level":"LOG","message":"FILES 👉 {\"image\":[{\"fieldname\":\"image\",\"originalname\":\"old-fortuner-9-inch-frame-for-android-sound-boss-original-imahk7gfyhcdzfdd.jpeg\",\"encoding\":\"7bit\",\"mimetype\":\"image/jpeg\",\"destination\":\"/home/u823569727/domains/api.shop99.co.in/nodejs/uploads\",\"filename\":\"1779884125617-old-fortuner-9-inch-frame-for-android-sound-boss-original-imahk7gfyhcdzfdd.jpeg\",\"path\":\"/home/u823569727/domains/api.shop99.co.in/nodejs/uploads/1779884125617-old-fortuner-9-inch-frame-for-android-sound-boss-original-imahk7gfyhcdzfdd.jpeg\",\"size\":188746}]}"}
{"timestamp":"2026-05-27T12:28:53.616Z","level":"LOG","message":"[dotenv@17.3.1] injecting env (21) from .env -- tip: ⚙️  load multiple .env files with { path: ['.env.local', '.env'] }"}
{"timestamp":"2026-05-27T12:28:53.956Z","level":"LOG","message":"[dotenv@17.3.1] injecting env (0) from .env -- tip: 🔐 prevent building .env in docker: https://dotenvx.com/prebuild"}
{"timestamp":"2026-05-27T12:28:54.434Z","level":"LOG","message":"[dotenv@17.3.1] injecting env (0) from .env -- tip: 🤖 agentic secret storage: https://dotenvx.com/as2"}
{"timestamp":"2026-05-27T12:28:54.761Z","level":"LOG","message":"✅ DB Connected"}
{"timestamp":"2026-05-27T12:28:54.870Z","level":"LOG","message":"✅ Tables Synced"}
{"timestamp":"2026-05-27T12:28:54.883Z","level":"LOG","message":"🚀 Server running on port 9001"}
{"timestamp":"2026-05-27T12:28:55.180Z","level":"LOG","message":"FILES 👉 {\"image\":[{\"fieldname\":\"image\",\"originalname\":\"marazzo-9-inch-frame-for-android-sound-boss-original-imahk7fhvbwgjq3w.jpeg\",\"encoding\":\"7bit\",\"mimetype\":\"image/jpeg\",\"destination\":\"/home/u823569727/domains/api.shop99.co.in/nodejs/uploads\",\"filename\":\"1779884935132-marazzo-9-inch-frame-for-android-sound-boss-original-imahk7fhvbwgjq3w.jpeg\",\"path\":\"/home/u823569727/domains/api.shop99.co.in/nodejs/uploads/1779884935132-marazzo-9-inch-frame-for-android-sound-boss-original-imahk7fhvbwgjq3w.jpeg\",\"size\":187046}]}"}
{"timestamp":"2026-05-27T12:39:44.274Z","level":"LOG","message":"FILES 👉 {\"image\":[{\"fieldname\":\"image\",\"originalname\":\"city-2020-9-inch-frame-for-android-sound-boss-original-imah9hyxmnxbj7pg (1).jpeg\",\"encoding\":\"7bit\",\"mimetype\":\"image/jpeg\",\"destination\":\"/home/u823569727/domains/api.shop99.co.in/nodejs/uploads\",\"filename\":\"1779885584232-city-2020-9-inch-frame-for-android-sound-boss-original-imah9hyxmnxbj7pg (1).jpeg\",\"path\":\"/home/u823569727/domains/api.shop99.co.in/nodejs/uploads/1779885584232-city-2020-9-inch-frame-for-android-sound-boss-original-imah9hyxmnxbj7pg (1).jpeg\",\"size\":168200}]}"}
{"timestamp":"2026-05-27T12:50:22.926Z","level":"LOG","message":"FILES 👉 {\"image\":[{\"fieldname\":\"image\",\"originalname\":\"androidify-3rd-generation-9-inch-android-9-1-1gb-16gb-for-maruti-original-imahk6b6beyqj3zq.jpeg\",\"encoding\":\"7bit\",\"mimetype\":\"image/jpeg\",\"destination\":\"/home/u823569727/domains/api.shop99.co.in/nodejs/uploads\",\"filename\":\"1779886222909-androidify-3rd-generation-9-inch-android-9-1-1gb-16gb-for-maruti-original-imahk6b6beyqj3zq.jpeg\",\"path\":\"/home/u823569727/domains/api.shop99.co.in/nodejs/uploads/1779886222909-androidify-3rd-generation-9-inch-android-9-1-1gb-16gb-for-maruti-original-imahk6b6beyqj3zq.jpeg\",\"size\":59104}]}"}
{"timestamp":"2026-05-27T13:01:49.560Z","level":"LOG","message":"FILES 👉 {\"image\":[{\"fieldname\":\"image\",\"originalname\":\"2006-11-9-inch-frame-for-android-sound-boss-original-imahk89ns6qpdu59.jpeg\",\"encoding\":\"7bit\",\"mimetype\":\"image/jpeg\",\"destination\":\"/home/u823569727/domains/api.shop99.co.in/nodejs/uploads\",\"filename\":\"1779886909072-2006-11-9-inch-frame-for-android-sound-boss-original-imahk89ns6qpdu59.jpeg\",\"path\":\"/home/u823569727/domains/api.shop99.co.in/nodejs/uploads/1779886909072-2006-11-9-inch-frame-for-android-sound-boss-original-imahk89ns6qpdu59.jpeg\",\"size\":158196}]}"}
{"timestamp":"2026-05-27T13:10:37.692Z","level":"LOG","message":"FILES 👉 {\"image\":[{\"fieldname\":\"image\",\"originalname\":\"old-santa-fe-9-inch-frame-for-android-sound-boss-original-imahcgveputg3tz4.jpeg\",\"encoding\":\"7bit\",\"mimetype\":\"image/jpeg\",\"destination\":\"/home/u823569727/domains/api.shop99.co.in/nodejs/uploads\",\"filename\":\"1779887437662-old-santa-fe-9-inch-frame-for-android-sound-boss-original-imahcgveputg3tz4.jpeg\",\"path\":\"/home/u823569727/domains/api.shop99.co.in/nodejs/uploads/1779887437662-old-santa-fe-9-inch-frame-for-android-sound-boss-original-imahcgveputg3tz4.jpeg\",\"size\":154355}]}"}
{"timestamp":"2026-05-27T13:27:03.201Z","level":"LOG","message":"FILES 👉 {\"image\":[{\"fieldname\":\"image\",\"originalname\":\"androidify-3rd-generation-9-inch-android-1gb-32gb-sound-boss-original-imah9gpfgvcyzxej.jpeg\",\"encoding\":\"7bit\",\"mimetype\":\"image/jpeg\",\"destination\":\"/home/u823569727/domains/api.shop99.co.in/nodejs/uploads\",\"filename\":\"1779888423178-androidify-3rd-generation-9-inch-android-1gb-32gb-sound-boss-original-imah9gpfgvcyzxej.jpeg\",\"path\":\"/home/u823569727/domains/api.shop99.co.in/nodejs/uploads/1779888423178-androidify-3rd-generation-9-inch-android-1gb-32gb-sound-boss-original-imah9gpfgvcyzxej.jpeg\",\"size\":174479}]}"}
{"timestamp":"2026-05-27T13:31:33.899Z","level":"LOG","message":"[dotenv@17.3.1] injecting env (21) from .env -- tip: 🔐 encrypt with Dotenvx: https://dotenvx.com"}
{"timestamp":"2026-05-27T13:31:34.233Z","level":"LOG","message":"[dotenv@17.3.1] injecting env (0) from .env -- tip: 🔐 prevent building .env in docker: https://dotenvx.com/prebuild"}
{"timestamp":"2026-05-27T13:31:34.666Z","level":"LOG","message":"[dotenv@17.3.1] injecting env (0) from .env -- tip: 🛠️  run anywhere with `dotenvx run -- yourcommand`"}
{"timestamp":"2026-05-27T13:31:35.233Z","level":"LOG","message":"✅ DB Connected"}
{"timestamp":"2026-05-27T13:31:35.343Z","level":"LOG","message":"✅ Tables Synced"}
{"timestamp":"2026-05-27T13:31:35.352Z","level":"LOG","message":"🚀 Server running on port 9001"}
{"timestamp":"2026-05-27T14:35:31.366Z","level":"LOG","message":"[dotenv@17.3.1] injecting env (21) from .env -- tip: 🔐 encrypt with Dotenvx: https://dotenvx.com"}
{"timestamp":"2026-05-27T14:35:31.748Z","level":"LOG","message":"[dotenv@17.3.1] injecting env (0) from .env -- tip: ⚙️  specify custom .env file path with { path: '/custom/path/.env' }"}
{"timestamp":"2026-05-27T14:35:32.176Z","level":"LOG","message":"[dotenv@17.3.1] injecting env (0) from .env -- tip: ⚙️  write to custom object with { processEnv: myObject }"}
{"timestamp":"2026-05-27T14:35:32.545Z","level":"LOG","message":"✅ DB Connected"}
{"timestamp":"2026-05-27T14:35:32.647Z","level":"LOG","message":"✅ Tables Synced"}
{"timestamp":"2026-05-27T14:35:32.661Z","level":"LOG","message":"🚀 Server running on port 9001"}
{"timestamp":"2026-05-27T15:43:35.963Z","level":"LOG","message":"[dotenv@17.3.1] injecting env (21) from .env -- tip: ⚙️  write to custom object with { processEnv: myObject }"}
{"timestamp":"2026-05-27T15:43:36.485Z","level":"LOG","message":"[dotenv@17.3.1] injecting env (0) from .env -- tip: 🤖 agentic secret storage: https://dotenvx.com/as2"}
{"timestamp":"2026-05-27T15:43:37.107Z","level":"LOG","message":"[dotenv@17.3.1] injecting env (0) from .env -- tip: 🔐 prevent building .env in docker: https://dotenvx.com/prebuild"}
{"timestamp":"2026-05-27T15:43:37.571Z","level":"LOG","message":"✅ DB Connected"}
{"timestamp":"2026-05-27T15:43:37.719Z","level":"LOG","message":"✅ Tables Synced"}
{"timestamp":"2026-05-27T15:43:37.734Z","level":"LOG","message":"🚀 Server running on port 9001"}
{"timestamp":"2026-05-27T16:54:32.093Z","level":"LOG","message":"[dotenv@17.3.1] injecting env (21) from .env -- tip: 🔐 encrypt with Dotenvx: https://dotenvx.com"}
{"timestamp":"2026-05-27T16:54:32.625Z","level":"LOG","message":"[dotenv@17.3.1] injecting env (0) from .env -- tip: 🔐 prevent building .env in docker: https://dotenvx.com/prebuild"}
{"timestamp":"2026-05-27T16:54:33.738Z","level":"LOG","message":"[dotenv@17.3.1] injecting env (0) from .env -- tip: 🤖 agentic secret storage: https://dotenvx.com/as2"}
{"timestamp":"2026-05-27T16:54:34.258Z","level":"LOG","message":"✅ DB Connected"}
{"timestamp":"2026-05-27T16:54:34.446Z","level":"LOG","message":"✅ Tables Synced"}
{"timestamp":"2026-05-27T16:54:34.461Z","level":"LOG","message":"🚀 Server running on port 9001"}
{"timestamp":"2026-05-27T17:26:30.176Z","level":"LOG","message":"SMS Response: {\"return\":true,\"request_id\":\"Smv60GWeO2KH32R\",\"message\":[\"SMS sent successfully.\"]}"}
{"timestamp":"2026-05-27T17:26:34.573Z","level":"LOG","message":"SMS DLR (after await):\n{\n  \"success\": true,\n  \"message\": \"DLR found successfully.\",\n  \"data\": [\n    {\n      \"request_id\": \"Smv60GWeO2KH32R\",\n      \"route\": \"dlt\",\n      \"delivery_status\": [\n        {\n          \"sender_id\": \"SHOPHN\",\n          \"mobile\": 6383991532,\n          \"status\": \"Sent\",\n          \"status_description\": \"Delivered successfully\",\n          \"dlr_attempt\": 1,\n          \"sms_language\": \"english\",\n          \"character_count\": 65,\n          \"sms_count\": 1,\n          \"amount_debited\": \"0.2500\",\n          \"sent_timestamp\": 1779902792,\n          \"sent_time\": \"27-05-2026 05:26:32 PM\"\n        }\n      ]\n    }\n  ]\n}"}
{"timestamp":"2026-05-27T17:26:46.607Z","level":"LOG","message":"Decoded user: {\"id\":18,\"phone\":\"6383991532\",\"iat\":1779902805,\"exp\":1780507605}"}
{"timestamp":"2026-05-27T17:26:47.097Z","level":"LOG","message":"Decoded user: {\"id\":18,\"phone\":\"6383991532\",\"iat\":1779902805,\"exp\":1780507605}"}
{"timestamp":"2026-05-27T17:26:47.098Z","level":"LOG","message":"REQ USER: {\"id\":18,\"phone\":\"6383991532\",\"iat\":1779902805,\"exp\":1780507605}"}
{"timestamp":"2026-05-27T17:55:51.362Z","level":"LOG","message":"[dotenv@17.3.1] injecting env (21) from .env -- tip: ⚙️  override existing env vars with { override: true }"}
{"timestamp":"2026-05-27T17:55:51.718Z","level":"LOG","message":"[dotenv@17.3.1] injecting env (0) from .env -- tip: ⚙️  override existing env vars with { override: true }"}
{"timestamp":"2026-05-27T17:55:52.259Z","level":"LOG","message":"[dotenv@17.3.1] injecting env (0) from .env -- tip: 🛡️ auth for agents: https://vestauth.com"}
{"timestamp":"2026-05-27T17:55:52.664Z","level":"LOG","message":"✅ DB Connected"}
{"timestamp":"2026-05-27T17:55:52.760Z","level":"LOG","message":"✅ Tables Synced"}
{"timestamp":"2026-05-27T17:55:52.773Z","level":"LOG","message":"🚀 Server running on port 9001"}
{"timestamp":"2026-05-27T19:17:27.605Z","level":"LOG","message":"[dotenv@17.3.1] injecting env (21) from .env -- tip: ⚙️  enable debug logging with { debug: true }"}
{"timestamp":"2026-05-27T19:17:27.953Z","level":"LOG","message":"[dotenv@17.3.1] injecting env (0) from .env -- tip: ⚙️  enable debug logging with { debug: true }"}
{"timestamp":"2026-05-27T19:17:28.363Z","level":"LOG","message":"[dotenv@17.3.1] injecting env (0) from .env -- tip: ⚙️  override existing env vars with { override: true }"}
{"timestamp":"2026-05-27T19:17:28.634Z","level":"LOG","message":"✅ DB Connected"}
{"timestamp":"2026-05-27T19:17:28.714Z","level":"LOG","message":"✅ Tables Synced"}
{"timestamp":"2026-05-27T19:17:28.728Z","level":"LOG","message":"🚀 Server running on port 9001"}
{"timestamp":"2026-05-27T20:21:31.557Z","level":"LOG","message":"[dotenv@17.3.1] injecting env (21) from .env -- tip: 🛠️  run anywhere with `dotenvx run -- yourcommand`"}
{"timestamp":"2026-05-27T20:21:31.863Z","level":"LOG","message":"[dotenv@17.3.1] injecting env (0) from .env -- tip: 🛠️  run anywhere with `dotenvx run -- yourcommand`"}
{"timestamp":"2026-05-27T20:21:32.247Z","level":"LOG","message":"[dotenv@17.3.1] injecting env (0) from .env -- tip: 🔐 prevent committing .env to code: https://dotenvx.com/precommit"}
{"timestamp":"2026-05-27T20:21:32.529Z","level":"LOG","message":"✅ DB Connected"}
{"timestamp":"2026-05-27T20:21:32.606Z","level":"LOG","message":"✅ Tables Synced"}
{"timestamp":"2026-05-27T20:21:32.616Z","level":"LOG","message":"🚀 Server running on port 9001"}
{"timestamp":"2026-05-27T20:34:34.652Z","level":"LOG","message":"[dotenv@17.3.1] injecting env (21) from .env -- tip: 🔐 prevent committing .env to code: https://dotenvx.com/precommit"}
{"timestamp":"2026-05-27T20:34:34.879Z","level":"LOG","message":"[dotenv@17.3.1] injecting env (0) from .env -- tip: 🤖 agentic secret storage: https://dotenvx.com/as2"}
{"timestamp":"2026-05-27T20:34:35.187Z","level":"LOG","message":"[dotenv@17.3.1] injecting env (0) from .env -- tip: 🔐 encrypt with Dotenvx: https://dotenvx.com"}
{"timestamp":"2026-05-27T20:34:35.453Z","level":"LOG","message":"✅ DB Connected"}
{"timestamp":"2026-05-27T20:34:35.540Z","level":"LOG","message":"✅ Tables Synced"}
{"timestamp":"2026-05-27T20:34:35.552Z","level":"LOG","message":"🚀 Server running on port 9001"}
{"timestamp":"2026-05-27T21:46:56.605Z","level":"LOG","message":"[dotenv@17.3.1] injecting env (21) from .env -- tip: 🔐 prevent building .env in docker: https://dotenvx.com/prebuild"}
{"timestamp":"2026-05-27T21:46:56.912Z","level":"LOG","message":"[dotenv@17.3.1] injecting env (0) from .env -- tip: 🛠️  run anywhere with `dotenvx run -- yourcommand`"}
{"timestamp":"2026-05-27T21:46:57.264Z","level":"LOG","message":"[dotenv@17.3.1] injecting env (0) from .env -- tip: 🔐 encrypt with Dotenvx: https://dotenvx.com"}
{"timestamp":"2026-05-27T21:46:57.539Z","level":"LOG","message":"✅ DB Connected"}
{"timestamp":"2026-05-27T21:46:57.606Z","level":"LOG","message":"✅ Tables Synced"}
{"timestamp":"2026-05-27T21:46:57.615Z","level":"LOG","message":"🚀 Server running on port 9001"}
{"timestamp":"2026-05-27T23:13:36.348Z","level":"LOG","message":"[dotenv@17.3.1] injecting env (21) from .env -- tip: 🛡️ auth for agents: https://vestauth.com"}
{"timestamp":"2026-05-27T23:13:36.749Z","level":"LOG","message":"[dotenv@17.3.1] injecting env (0) from .env -- tip: ⚙️  write to custom object with { processEnv: myObject }"}
{"timestamp":"2026-05-27T23:13:37.244Z","level":"LOG","message":"[dotenv@17.3.1] injecting env (0) from .env -- tip: ⚙️  load multiple .env files with { path: ['.env.local', '.env'] }"}
{"timestamp":"2026-05-27T23:13:37.640Z","level":"LOG","message":"✅ DB Connected"}
{"timestamp":"2026-05-27T23:13:37.751Z","level":"LOG","message":"✅ Tables Synced"}
{"timestamp":"2026-05-27T23:13:37.764Z","level":"LOG","message":"🚀 Server running on port 9001"}
{"timestamp":"2026-05-27T23:36:47.290Z","level":"LOG","message":"[dotenv@17.3.1] injecting env (21) from .env -- tip: 🛠️  run anywhere with `dotenvx run -- yourcommand`"}
{"timestamp":"2026-05-27T23:36:47.518Z","level":"LOG","message":"[dotenv@17.3.1] injecting env (0) from .env -- tip: ⚡️ secrets for agents: https://dotenvx.com/as2"}
{"timestamp":"2026-05-27T23:36:47.832Z","level":"LOG","message":"[dotenv@17.3.1] injecting env (0) from .env -- tip: 🤖 agentic secret storage: https://dotenvx.com/as2"}
{"timestamp":"2026-05-27T23:36:48.082Z","level":"LOG","message":"✅ DB Connected"}
{"timestamp":"2026-05-27T23:36:48.149Z","level":"LOG","message":"✅ Tables Synced"}
{"timestamp":"2026-05-27T23:36:48.160Z","level":"LOG","message":"🚀 Server running on port 9001"}
{"timestamp":"2026-05-28T00:45:35.238Z","level":"LOG","message":"[dotenv@17.3.1] injecting env (21) from .env -- tip: ⚙️  enable debug logging with { debug: true }"}
{"timestamp":"2026-05-28T00:45:35.571Z","level":"LOG","message":"[dotenv@17.3.1] injecting env (0) from .env -- tip: 🤖 agentic secret storage: https://dotenvx.com/as2"}
{"timestamp":"2026-05-28T00:45:36.000Z","level":"LOG","message":"[dotenv@17.3.1] injecting env (0) from .env -- tip: ⚙️  suppress all logs with { quiet: true }"}
{"timestamp":"2026-05-28T00:45:36.352Z","level":"LOG","message":"✅ DB Connected"}
{"timestamp":"2026-05-28T00:45:36.440Z","level":"LOG","message":"✅ Tables Synced"}
{"timestamp":"2026-05-28T00:45:36.449Z","level":"LOG","message":"🚀 Server running on port 9001"}
{"timestamp":"2026-05-28T01:54:44.691Z","level":"LOG","message":"[dotenv@17.3.1] injecting env (21) from .env -- tip: ⚙️  override existing env vars with { override: true }"}
{"timestamp":"2026-05-28T01:54:44.989Z","level":"LOG","message":"[dotenv@17.3.1] injecting env (0) from .env -- tip: 🔐 prevent committing .env to code: https://dotenvx.com/precommit"}
{"timestamp":"2026-05-28T01:54:45.397Z","level":"LOG","message":"[dotenv@17.3.1] injecting env (0) from .env -- tip: ⚙️  enable debug logging with { debug: true }"}
{"timestamp":"2026-05-28T01:54:45.766Z","level":"LOG","message":"✅ DB Connected"}
{"timestamp":"2026-05-28T01:54:45.859Z","level":"LOG","message":"✅ Tables Synced"}
{"timestamp":"2026-05-28T01:54:45.873Z","level":"LOG","message":"🚀 Server running on port 9001"}
{"timestamp":"2026-05-28T02:58:19.062Z","level":"LOG","message":"[dotenv@17.3.1] injecting env (21) from .env -- tip: ⚡️ secrets for agents: https://dotenvx.com/as2"}
{"timestamp":"2026-05-28T02:58:19.406Z","level":"LOG","message":"[dotenv@17.3.1] injecting env (0) from .env -- tip: ⚙️  specify custom .env file path with { path: '/custom/path/.env' }"}
{"timestamp":"2026-05-28T02:58:19.885Z","level":"LOG","message":"[dotenv@17.3.1] injecting env (0) from .env -- tip: ⚙️  write to custom object with { processEnv: myObject }"}
{"timestamp":"2026-05-28T02:58:20.248Z","level":"LOG","message":"✅ DB Connected"}
{"timestamp":"2026-05-28T02:58:20.340Z","level":"LOG","message":"✅ Tables Synced"}
{"timestamp":"2026-05-28T02:58:20.352Z","level":"LOG","message":"🚀 Server running on port 9001"}
{"timestamp":"2026-05-28T04:26:24.097Z","level":"LOG","message":"[dotenv@17.3.1] injecting env (21) from .env -- tip: ⚙️  load multiple .env files with { path: ['.env.local', '.env'] }"}
{"timestamp":"2026-05-28T04:26:24.434Z","level":"LOG","message":"[dotenv@17.3.1] injecting env (0) from .env -- tip: 🔐 encrypt with Dotenvx: https://dotenvx.com"}
{"timestamp":"2026-05-28T04:26:24.838Z","level":"LOG","message":"[dotenv@17.3.1] injecting env (0) from .env -- tip: ⚙️  override existing env vars with { override: true }"}
{"timestamp":"2026-05-28T04:26:25.199Z","level":"LOG","message":"✅ DB Connected"}
{"timestamp":"2026-05-28T04:26:25.288Z","level":"LOG","message":"✅ Tables Synced"}
{"timestamp":"2026-05-28T04:26:25.301Z","level":"LOG","message":"🚀 Server running on port 9001"}
{"timestamp":"2026-05-28T04:38:12.088Z","level":"LOG","message":"[dotenv@17.3.1] injecting env (21) from .env -- tip: 🛡️ auth for agents: https://vestauth.com"}
{"timestamp":"2026-05-28T04:38:12.354Z","level":"LOG","message":"[dotenv@17.3.1] injecting env (0) from .env -- tip: 🔐 encrypt with Dotenvx: https://dotenvx.com"}
{"timestamp":"2026-05-28T04:38:12.750Z","level":"LOG","message":"[dotenv@17.3.1] injecting env (0) from .env -- tip: 🛠️  run anywhere with `dotenvx run -- yourcommand`"}
{"timestamp":"2026-05-28T04:38:13.046Z","level":"LOG","message":"✅ DB Connected"}
{"timestamp":"2026-05-28T04:38:13.132Z","level":"LOG","message":"✅ Tables Synced"}
{"timestamp":"2026-05-28T04:38:13.141Z","level":"LOG","message":"🚀 Server running on port 9001"}
{"timestamp":"2026-05-28T05:30:51.241Z","level":"LOG","message":"[dotenv@17.3.1] injecting env (21) from .env -- tip: 🛠️  run anywhere with `dotenvx run -- yourcommand`"}
{"timestamp":"2026-05-28T05:30:51.640Z","level":"LOG","message":"[dotenv@17.3.1] injecting env (0) from .env -- tip: ⚡️ secrets for agents: https://dotenvx.com/as2"}
{"timestamp":"2026-05-28T05:30:52.163Z","level":"LOG","message":"[dotenv@17.3.1] injecting env (0) from .env -- tip: 🛡️ auth for agents: https://vestauth.com"}
{"timestamp":"2026-05-28T05:30:52.565Z","level":"LOG","message":"✅ DB Connected"}
{"timestamp":"2026-05-28T05:30:52.668Z","level":"LOG","message":"✅ Tables Synced"}
{"timestamp":"2026-05-28T05:30:52.682Z","level":"LOG","message":"🚀 Server running on port 9001"}
{"timestamp":"2026-05-28T06:03:35.639Z","level":"LOG","message":"FILES 👉 {\"image\":[{\"fieldname\":\"image\",\"originalname\":\"nexgeneration-9-inch-2gb-16gb-for-maruti-suzuki-wagon-r-2019-lm-original-imahk64tqgjwwttf.jpeg\",\"encoding\":\"7bit\",\"mimetype\":\"image/jpeg\",\"destination\":\"/home/u823569727/domains/api.shop99.co.in/nodejs/uploads\",\"filename\":\"1779948215609-nexgeneration-9-inch-2gb-16gb-for-maruti-suzuki-wagon-r-2019-lm-original-imahk64tqgjwwttf.jpeg\",\"path\":\"/home/u823569727/domains/api.shop99.co.in/nodejs/uploads/1779948215609-nexgeneration-9-inch-2gb-16gb-for-maruti-suzuki-wagon-r-2019-lm-original-imahk64tqgjwwttf.jpeg\",\"size\":502819}]}"}
{"timestamp":"2026-05-28T06:17:27.470Z","level":"LOG","message":"FILES 👉 {\"image\":[{\"fieldname\":\"image\",\"originalname\":\"alto-800-9-inch-frame-for-android-sound-boss-original-imahk8cjy9aztuje.jpeg\",\"encoding\":\"7bit\",\"mimetype\":\"image/jpeg\",\"destination\":\"/home/u823569727/domains/api.shop99.co.in/nodejs/uploads\",\"filename\":\"1779949047460-alto-800-9-inch-frame-for-android-sound-boss-original-imahk8cjy9aztuje.jpeg\",\"path\":\"/home/u823569727/domains/api.shop99.co.in/nodejs/uploads/1779949047460-alto-800-9-inch-frame-for-android-sound-boss-original-imahk8cjy9aztuje.jpeg\",\"size\":151464}]}"}
{"timestamp":"2026-05-28T06:35:25.639Z","level":"LOG","message":"[dotenv@17.3.1] injecting env (21) from .env -- tip: 🛡️ auth for agents: https://vestauth.com"}
{"timestamp":"2026-05-28T06:35:25.962Z","level":"LOG","message":"[dotenv@17.3.1] injecting env (0) from .env -- tip: ⚙️  enable debug logging with { debug: true }"}
{"timestamp":"2026-05-28T06:35:26.425Z","level":"LOG","message":"[dotenv@17.3.1] injecting env (0) from .env -- tip: ⚙️  override existing env vars with { override: true }"}
{"timestamp":"2026-05-28T06:35:26.771Z","level":"LOG","message":"✅ DB Connected"}
{"timestamp":"2026-05-28T06:35:26.872Z","level":"LOG","message":"✅ Tables Synced"}
{"timestamp":"2026-05-28T06:35:26.886Z","level":"LOG","message":"🚀 Server running on port 9001"}
{"timestamp":"2026-05-28T06:52:09.460Z","level":"LOG","message":"FILES 👉 {\"image\":[{\"fieldname\":\"image\",\"originalname\":\"alto-800-9-inch-frame-for-android-sound-boss-original-imahk8cjy9aztuje.jpeg\",\"encoding\":\"7bit\",\"mimetype\":\"image/jpeg\",\"destination\":\"/home/u823569727/domains/api.shop99.co.in/nodejs/uploads\",\"filename\":\"1779951129423-alto-800-9-inch-frame-for-android-sound-boss-original-imahk8cjy9aztuje.jpeg\",\"path\":\"/home/u823569727/domains/api.shop99.co.in/nodejs/uploads/1779951129423-alto-800-9-inch-frame-for-android-sound-boss-original-imahk8cjy9aztuje.jpeg\",\"size\":165316}]}"}
{"timestamp":"2026-05-28T07:02:33.362Z","level":"LOG","message":"FILES 👉 {\"image\":[{\"fieldname\":\"image\",\"originalname\":\"sd-usb-bluetooth-aux-fm-mp3-car-stereo-dashboard-4-dual-original-imafvyj2yduz7tz9.jpeg\",\"encoding\":\"7bit\",\"mimetype\":\"image/jpeg\",\"destination\":\"/home/u823569727/domains/api.shop99.co.in/nodejs/uploads\",\"filename\":\"1779951753346-sd-usb-bluetooth-aux-fm-mp3-car-stereo-dashboard-4-dual-original-imafvyj2yduz7tz9.jpeg\",\"path\":\"/home/u823569727/domains/api.shop99.co.in/nodejs/uploads/1779951753346-sd-usb-bluetooth-aux-fm-mp3-car-stereo-dashboard-4-dual-original-imafvyj2yduz7tz9.jpeg\",\"size\":197592}]}"}
{"timestamp":"2026-05-28T07:14:07.059Z","level":"LOG","message":"Decoded user: {\"id\":17,\"phone\":\"7011181221\",\"iat\":1779670245,\"exp\":1780275045}"}
{"timestamp":"2026-05-28T07:14:07.060Z","level":"LOG","message":"REQ USER: {\"id\":17,\"phone\":\"7011181221\",\"iat\":1779670245,\"exp\":1780275045}"}
{"timestamp":"2026-05-28T07:14:07.394Z","level":"LOG","message":"Decoded user: {\"id\":17,\"phone\":\"7011181221\",\"iat\":1779670245,\"exp\":1780275045}"}
{"timestamp":"2026-05-28T07:14:07.395Z","level":"LOG","message":"REQ USER: {\"id\":17,\"phone\":\"7011181221\",\"iat\":1779670245,\"exp\":1780275045}"}
{"timestamp":"2026-05-28T07:14:11.107Z","level":"LOG","message":"Decoded user: {\"id\":17,\"phone\":\"7011181221\",\"iat\":1779670245,\"exp\":1780275045}"}
{"timestamp":"2026-05-28T07:14:11.107Z","level":"LOG","message":"REQ USER: {\"id\":17,\"phone\":\"7011181221\",\"iat\":1779670245,\"exp\":1780275045}"}
{"timestamp":"2026-05-28T07:14:14.601Z","level":"LOG","message":"Decoded user: {\"id\":17,\"phone\":\"7011181221\",\"iat\":1779670245,\"exp\":1780275045}"}
{"timestamp":"2026-05-28T07:14:32.605Z","level":"LOG","message":"Decoded user: {\"id\":17,\"phone\":\"7011181221\",\"iat\":1779670245,\"exp\":1780275045}"}
{"timestamp":"2026-05-28T07:14:32.605Z","level":"LOG","message":"REQ USER: {\"id\":17,\"phone\":\"7011181221\",\"iat\":1779670245,\"exp\":1780275045}"}
{"timestamp":"2026-05-28T07:14:49.437Z","level":"LOG","message":"Decoded user: {\"id\":17,\"phone\":\"7011181221\",\"iat\":1779670245,\"exp\":1780275045}"}
{"timestamp":"2026-05-28T07:14:53.940Z","level":"LOG","message":"Decoded user: {\"id\":17,\"phone\":\"7011181221\",\"iat\":1779670245,\"exp\":1780275045}"}
{"timestamp":"2026-05-28T07:14:53.940Z","level":"LOG","message":"REQ USER: {\"id\":17,\"phone\":\"7011181221\",\"iat\":1779670245,\"exp\":1780275045}"}
{"timestamp":"2026-05-28T07:15:26.241Z","level":"LOG","message":"Decoded user: {\"id\":17,\"phone\":\"7011181221\",\"iat\":1779670245,\"exp\":1780275045}"}
{"timestamp":"2026-05-28T07:21:23.514Z","level":"LOG","message":"Decoded user: {\"id\":11,\"phone\":\"8447771582\",\"iat\":1779528982,\"exp\":1780133782}"}
{"timestamp":"2026-05-28T07:21:23.514Z","level":"LOG","message":"REQ USER: {\"id\":11,\"phone\":\"8447771582\",\"iat\":1779528982,\"exp\":1780133782}"}
{"timestamp":"2026-05-28T07:21:23.668Z","level":"LOG","message":"Decoded user: {\"id\":11,\"phone\":\"8447771582\",\"iat\":1779528982,\"exp\":1780133782}"}
{"timestamp":"2026-05-28T07:21:23.668Z","level":"LOG","message":"REQ USER: {\"id\":11,\"phone\":\"8447771582\",\"iat\":1779528982,\"exp\":1780133782}"}
{"timestamp":"2026-05-28T07:24:01.621Z","level":"LOG","message":"Decoded user: {\"id\":12,\"phone\":\"8950299308\",\"iat\":1779789678,\"exp\":1780394478}"}
{"timestamp":"2026-05-28T07:24:01.621Z","level":"LOG","message":"REQ USER: {\"id\":12,\"phone\":\"8950299308\",\"iat\":1779789678,\"exp\":1780394478}"}
{"timestamp":"2026-05-28T07:24:01.849Z","level":"LOG","message":"Decoded user: {\"id\":12,\"phone\":\"8950299308\",\"iat\":1779789678,\"exp\":1780394478}"}
{"timestamp":"2026-05-28T07:24:01.849Z","level":"LOG","message":"REQ USER: {\"id\":12,\"phone\":\"8950299308\",\"iat\":1779789678,\"exp\":1780394478}"}
{"timestamp":"2026-05-28T07:37:59.454Z","level":"LOG","message":"[dotenv@17.3.1] injecting env (21) from .env -- tip: ⚙️  override existing env vars with { override: true }"}
{"timestamp":"2026-05-28T07:37:59.810Z","level":"LOG","message":"[dotenv@17.3.1] injecting env (0) from .env -- tip: 🤖 agentic secret storage: https://dotenvx.com/as2"}
{"timestamp":"2026-05-28T07:38:00.276Z","level":"LOG","message":"[dotenv@17.3.1] injecting env (0) from .env -- tip: 🔐 prevent committing .env to code: https://dotenvx.com/precommit"}
{"timestamp":"2026-05-28T07:38:00.636Z","level":"LOG","message":"✅ DB Connected"}
{"timestamp":"2026-05-28T07:38:00.744Z","level":"LOG","message":"✅ Tables Synced"}
{"timestamp":"2026-05-28T07:38:00.758Z","level":"LOG","message":"🚀 Server running on port 9001"}
{"timestamp":"2026-05-28T07:39:17.720Z","level":"LOG","message":"FILES 👉 {\"image\":[{\"fieldname\":\"image\",\"originalname\":\"androidify-3rd-generation-9-inch-android-2gb-32gb-sound-boss-original-imahg83puf65v7zb.jpeg\",\"encoding\":\"7bit\",\"mimetype\":\"image/jpeg\",\"destination\":\"/home/u823569727/domains/api.shop99.co.in/nodejs/uploads\",\"filename\":\"1779953957652-androidify-3rd-generation-9-inch-android-2gb-32gb-sound-boss-original-imahg83puf65v7zb.jpeg\",\"path\":\"/home/u823569727/domains/api.shop99.co.in/nodejs/uploads/1779953957652-androidify-3rd-generation-9-inch-android-2gb-32gb-sound-boss-original-imahg83puf65v7zb.jpeg\",\"size\":193456}]}"}
{"timestamp":"2026-05-28T07:57:09.517Z","level":"LOG","message":"FILES 👉 {\"image\":[{\"fieldname\":\"image\",\"originalname\":\"high-power-dual-usb-ports-bluetooth-hands-free-calling-fm-aux-original-imahk8e6r3pkt5xs.jpeg\",\"encoding\":\"7bit\",\"mimetype\":\"image/jpeg\",\"destination\":\"/home/u823569727/domains/api.shop99.co.in/nodejs/uploads\",\"filename\":\"1779955029488-high-power-dual-usb-ports-bluetooth-hands-free-calling-fm-aux-original-imahk8e6r3pkt5xs.jpeg\",\"path\":\"/home/u823569727/domains/api.shop99.co.in/nodejs/uploads/1779955029488-high-power-dual-usb-ports-bluetooth-hands-free-calling-fm-aux-original-imahk8e6r3pkt5xs.jpeg\",\"size\":1269894}]}"}
{"timestamp":"2026-05-28T08:32:11.517Z","level":"LOG","message":"FILES 👉 {\"image\":[{\"fieldname\":\"image\",\"originalname\":\"baleno-2015-21-9-inch-frame-for-android-sound-boss-original-imahcfnabftgrvpg.jpeg\",\"encoding\":\"7bit\",\"mimetype\":\"image/jpeg\",\"destination\":\"/home/u823569727/domains/api.shop99.co.in/nodejs/uploads\",\"filename\":\"1779957131509-baleno-2015-21-9-inch-frame-for-android-sound-boss-original-imahcfnabftgrvpg.jpeg\",\"path\":\"/home/u823569727/domains/api.shop99.co.in/nodejs/uploads/1779957131509-baleno-2015-21-9-inch-frame-for-android-sound-boss-original-imahcfnabftgrvpg.jpeg\",\"size\":154192}]}"}
{"timestamp":"2026-05-28T08:56:24.002Z","level":"LOG","message":"[dotenv@17.3.1] injecting env (21) from .env -- tip: ⚙️  enable debug logging with { debug: true }"}
{"timestamp":"2026-05-28T08:56:24.333Z","level":"LOG","message":"[dotenv@17.3.1] injecting env (0) from .env -- tip: 🔐 encrypt with Dotenvx: https://dotenvx.com"}
{"timestamp":"2026-05-28T08:56:24.774Z","level":"LOG","message":"[dotenv@17.3.1] injecting env (0) from .env -- tip: ⚙️  write to custom object with { processEnv: myObject }"}
{"timestamp":"2026-05-28T08:56:25.140Z","level":"LOG","message":"✅ DB Connected"}
{"timestamp":"2026-05-28T08:56:25.219Z","level":"LOG","message":"✅ Tables Synced"}
{"timestamp":"2026-05-28T08:56:25.228Z","level":"LOG","message":"🚀 Server running on port 9001"}
{"timestamp":"2026-05-28T09:13:59.031Z","level":"LOG","message":"Decoded user: {\"id\":11,\"phone\":\"8447771582\",\"iat\":1779528982,\"exp\":1780133782}"}
{"timestamp":"2026-05-28T09:13:59.032Z","level":"LOG","message":"REQ USER: {\"id\":11,\"phone\":\"8447771582\",\"iat\":1779528982,\"exp\":1780133782}"}
{"timestamp":"2026-05-28T09:13:59.255Z","level":"LOG","message":"Decoded user: {\"id\":11,\"phone\":\"8447771582\",\"iat\":1779528982,\"exp\":1780133782}"}
{"timestamp":"2026-05-28T09:13:59.255Z","level":"LOG","message":"REQ USER: {\"id\":11,\"phone\":\"8447771582\",\"iat\":1779528982,\"exp\":1780133782}"}
{"timestamp":"2026-05-28T09:18:53.163Z","level":"LOG","message":"Decoded user: {\"id\":11,\"phone\":\"8447771582\",\"iat\":1779528982,\"exp\":1780133782}"}
{"timestamp":"2026-05-28T09:18:53.163Z","level":"LOG","message":"REQ USER: {\"id\":11,\"phone\":\"8447771582\",\"iat\":1779528982,\"exp\":1780133782}"}
{"timestamp":"2026-05-28T09:18:53.347Z","level":"LOG","message":"Decoded user: {\"id\":11,\"phone\":\"8447771582\",\"iat\":1779528982,\"exp\":1780133782}"}
{"timestamp":"2026-05-28T09:18:53.347Z","level":"LOG","message":"REQ USER: {\"id\":11,\"phone\":\"8447771582\",\"iat\":1779528982,\"exp\":1780133782}"}
{"timestamp":"2026-05-28T09:29:57.599Z","level":"LOG","message":"FILES 👉 {\"image\":[{\"fieldname\":\"image\",\"originalname\":\"sb-2038-bluetooth-usb-sd-aux-fm-mp3-sound-boss-original-imahk8csp8pr6wxs.jpeg\",\"encoding\":\"7bit\",\"mimetype\":\"image/jpeg\",\"destination\":\"/home/u823569727/domains/api.shop99.co.in/nodejs/uploads\",\"filename\":\"1779960597560-sb-2038-bluetooth-usb-sd-aux-fm-mp3-sound-boss-original-imahk8csp8pr6wxs.jpeg\",\"path\":\"/home/u823569727/domains/api.shop99.co.in/nodejs/uploads/1779960597560-sb-2038-bluetooth-usb-sd-aux-fm-mp3-sound-boss-original-imahk8csp8pr6wxs.jpeg\",\"size\":1762231}]}"}
{"timestamp":"2026-05-28T09:43:28.240Z","level":"LOG","message":"Decoded user: {\"id\":2,\"phone\":\"9935146914\",\"iat\":1779535206,\"exp\":1780140006}"}
{"timestamp":"2026-05-28T09:43:28.240Z","level":"LOG","message":"REQ USER: {\"id\":2,\"phone\":\"9935146914\",\"iat\":1779535206,\"exp\":1780140006}"}
{"timestamp":"2026-05-28T09:43:28.418Z","level":"LOG","message":"Decoded user: {\"id\":2,\"phone\":\"9935146914\",\"iat\":1779535206,\"exp\":1780140006}"}
{"timestamp":"2026-05-28T09:43:28.418Z","level":"LOG","message":"REQ USER: {\"id\":2,\"phone\":\"9935146914\",\"iat\":1779535206,\"exp\":1780140006}"}
{"timestamp":"2026-05-28T09:43:32.166Z","level":"LOG","message":"Decoded user: {\"id\":2,\"phone\":\"9935146914\",\"iat\":1779535206,\"exp\":1780140006}"}
{"timestamp":"2026-05-28T09:43:32.166Z","level":"LOG","message":"REQ USER: {\"id\":2,\"phone\":\"9935146914\",\"iat\":1779535206,\"exp\":1780140006}"}
{"timestamp":"2026-05-28T09:43:32.344Z","level":"LOG","message":"Decoded user: {\"id\":2,\"phone\":\"9935146914\",\"iat\":1779535206,\"exp\":1780140006}"}
{"timestamp":"2026-05-28T09:43:32.344Z","level":"LOG","message":"REQ USER: {\"id\":2,\"phone\":\"9935146914\",\"iat\":1779535206,\"exp\":1780140006}"}
{"timestamp":"2026-05-28T09:44:41.160Z","level":"LOG","message":"Decoded user: {\"id\":11,\"phone\":\"8447771582\",\"iat\":1779858966,\"exp\":1780463766}"}
{"timestamp":"2026-05-28T09:44:41.160Z","level":"LOG","message":"REQ USER: {\"id\":11,\"phone\":\"8447771582\",\"iat\":1779858966,\"exp\":1780463766}"}
{"timestamp":"2026-05-28T09:44:41.209Z","level":"LOG","message":"Decoded user: {\"id\":11,\"phone\":\"8447771582\",\"iat\":1779858966,\"exp\":1780463766}"}
{"timestamp":"2026-05-28T09:44:41.210Z","level":"LOG","message":"REQ USER: {\"id\":11,\"phone\":\"8447771582\",\"iat\":1779858966,\"exp\":1780463766}"}
{"timestamp":"2026-05-28T09:54:01.146Z","level":"LOG","message":"Decoded user: {\"id\":11,\"phone\":\"8447771582\",\"iat\":1779858966,\"exp\":1780463766}"}
{"timestamp":"2026-05-28T09:54:01.146Z","level":"LOG","message":"REQ USER: {\"id\":11,\"phone\":\"8447771582\",\"iat\":1779858966,\"exp\":1780463766}"}
{"timestamp":"2026-05-28T09:54:01.231Z","level":"LOG","message":"Decoded user: {\"id\":11,\"phone\":\"8447771582\",\"iat\":1779858966,\"exp\":1780463766}"}
{"timestamp":"2026-05-28T09:54:01.231Z","level":"LOG","message":"REQ USER: {\"id\":11,\"phone\":\"8447771582\",\"iat\":1779858966,\"exp\":1780463766}"}
{"timestamp":"2026-05-28T09:54:04.013Z","level":"LOG","message":"Decoded user: {\"id\":11,\"phone\":\"8447771582\",\"iat\":1779858966,\"exp\":1780463766}"}
{"timestamp":"2026-05-28T09:57:11.837Z","level":"LOG","message":"[dotenv@17.3.1] injecting env (21) from .env -- tip: 🛠️  run anywhere with `dotenvx run -- yourcommand`"}
{"timestamp":"2026-05-28T09:57:12.154Z","level":"LOG","message":"[dotenv@17.3.1] injecting env (0) from .env -- tip: ⚙️  specify custom .env file path with { path: '/custom/path/.env' }"}
{"timestamp":"2026-05-28T09:57:12.573Z","level":"LOG","message":"[dotenv@17.3.1] injecting env (0) from .env -- tip: 🛡️ auth for agents: https://vestauth.com"}
{"timestamp":"2026-05-28T09:57:12.911Z","level":"LOG","message":"✅ DB Connected"}
{"timestamp":"2026-05-28T09:57:12.976Z","level":"LOG","message":"✅ Tables Synced"}
{"timestamp":"2026-05-28T09:57:12.986Z","level":"LOG","message":"🚀 Server running on port 9001"}
{"timestamp":"2026-05-28T10:02:07.562Z","level":"LOG","message":"Decoded user: {\"id\":11,\"phone\":\"8447771582\",\"iat\":1779528982,\"exp\":1780133782}"}
{"timestamp":"2026-05-28T10:02:07.606Z","level":"LOG","message":"Decoded user: {\"id\":11,\"phone\":\"8447771582\",\"iat\":1779528982,\"exp\":1780133782}"}
{"timestamp":"2026-05-28T10:02:07.647Z","level":"LOG","message":"Decoded user: {\"id\":11,\"phone\":\"8447771582\",\"iat\":1779528982,\"exp\":1780133782}"}
{"timestamp":"2026-05-28T10:02:07.708Z","level":"LOG","message":"Decoded user: {\"id\":11,\"phone\":\"8447771582\",\"iat\":1779528982,\"exp\":1780133782}"}
{"timestamp":"2026-05-28T10:12:51.136Z","level":"LOG","message":"orderStatusSms delivered: ORD1779859004609 sent "}
{"timestamp":"2026-05-28T10:12:55.429Z","level":"LOG","message":"Decoded user: {\"id\":11,\"phone\":\"8447771582\",\"iat\":1779528982,\"exp\":1780133782}"}
{"timestamp":"2026-05-28T10:12:55.562Z","level":"LOG","message":"Decoded user: {\"id\":11,\"phone\":\"8447771582\",\"iat\":1779528982,\"exp\":1780133782}"}
{"timestamp":"2026-05-28T10:12:55.616Z","level":"LOG","message":"Decoded user: {\"id\":11,\"phone\":\"8447771582\",\"iat\":1779528982,\"exp\":1780133782}"}
{"timestamp":"2026-05-28T10:12:55.617Z","level":"LOG","message":"REQ USER: {\"id\":11,\"phone\":\"8447771582\",\"iat\":1779528982,\"exp\":1780133782}"}
{"timestamp":"2026-05-28T10:14:43.461Z","level":"LOG","message":"Decoded user: {\"id\":11,\"phone\":\"8447771582\",\"iat\":1779528982,\"exp\":1780133782}"}
{"timestamp":"2026-05-28T10:14:59.484Z","level":"LOG","message":"Decoded user: {\"id\":11,\"phone\":\"8447771582\",\"iat\":1779528982,\"exp\":1780133782}"}
{"timestamp":"2026-05-28T10:14:59.574Z","level":"LOG","message":"Decoded user: {\"id\":11,\"phone\":\"8447771582\",\"iat\":1779528982,\"exp\":1780133782}"}
{"timestamp":"2026-05-28T10:14:59.666Z","level":"LOG","message":"Decoded user: {\"id\":11,\"phone\":\"8447771582\",\"iat\":1779528982,\"exp\":1780133782}"}
{"timestamp":"2026-05-28T10:14:59.666Z","level":"LOG","message":"REQ USER: {\"id\":11,\"phone\":\"8447771582\",\"iat\":1779528982,\"exp\":1780133782}"}
{"timestamp":"2026-05-28T10:15:11.705Z","level":"LOG","message":"Decoded user: {\"id\":11,\"phone\":\"8447771582\",\"iat\":1779528982,\"exp\":1780133782}"}
{"timestamp":"2026-05-28T10:15:11.786Z","level":"LOG","message":"Decoded user: {\"id\":11,\"phone\":\"8447771582\",\"iat\":1779528982,\"exp\":1780133782}"}
{"timestamp":"2026-05-28T10:15:11.830Z","level":"LOG","message":"Decoded user: {\"id\":11,\"phone\":\"8447771582\",\"iat\":1779528982,\"exp\":1780133782}"}
{"timestamp":"2026-05-28T10:15:11.831Z","level":"LOG","message":"REQ USER: {\"id\":11,\"phone\":\"8447771582\",\"iat\":1779528982,\"exp\":1780133782}"}
{"timestamp":"2026-05-28T10:15:44.118Z","level":"LOG","message":"orderStatusSms confirmed: ORD1779859004609 sent "}
{"timestamp":"2026-05-28T10:15:46.129Z","level":"LOG","message":"Decoded user: {\"id\":11,\"phone\":\"8447771582\",\"iat\":1779528982,\"exp\":1780133782}"}
{"timestamp":"2026-05-28T10:15:46.202Z","level":"LOG","message":"Decoded user: {\"id\":11,\"phone\":\"8447771582\",\"iat\":1779528982,\"exp\":1780133782}"}
{"timestamp":"2026-05-28T10:15:46.263Z","level":"LOG","message":"Decoded user: {\"id\":11,\"phone\":\"8447771582\",\"iat\":1779528982,\"exp\":1780133782}"}
{"timestamp":"2026-05-28T10:15:46.263Z","level":"LOG","message":"REQ USER: {\"id\":11,\"phone\":\"8447771582\",\"iat\":1779528982,\"exp\":1780133782}"}
{"timestamp":"2026-05-28T10:15:58.923Z","level":"LOG","message":"orderStatusSms delivered: ORD1779859004609 sent "}
{"timestamp":"2026-05-28T10:16:00.349Z","level":"LOG","message":"Decoded user: {\"id\":11,\"phone\":\"8447771582\",\"iat\":1779528982,\"exp\":1780133782}"}
{"timestamp":"2026-05-28T10:16:00.441Z","level":"LOG","message":"Decoded user: {\"id\":11,\"phone\":\"8447771582\",\"iat\":1779528982,\"exp\":1780133782}"}
{"timestamp":"2026-05-28T10:16:00.450Z","level":"LOG","message":"Decoded user: {\"id\":11,\"phone\":\"8447771582\",\"iat\":1779528982,\"exp\":1780133782}"}
{"timestamp":"2026-05-28T10:16:00.450Z","level":"LOG","message":"REQ USER: {\"id\":11,\"phone\":\"8447771582\",\"iat\":1779528982,\"exp\":1780133782}"}
{"timestamp":"2026-05-28T10:17:13.840Z","level":"LOG","message":"orderStatusSms delivered: ORD1779433467179 sent "}
{"timestamp":"2026-05-28T10:17:18.568Z","level":"LOG","message":"Decoded user: {\"id\":11,\"phone\":\"8447771582\",\"iat\":1779528982,\"exp\":1780133782}"}
{"timestamp":"2026-05-28T10:17:18.636Z","level":"LOG","message":"Decoded user: {\"id\":11,\"phone\":\"8447771582\",\"iat\":1779528982,\"exp\":1780133782}"}
{"timestamp":"2026-05-28T10:17:18.748Z","level":"LOG","message":"Decoded user: {\"id\":11,\"phone\":\"8447771582\",\"iat\":1779528982,\"exp\":1780133782}"}
{"timestamp":"2026-05-28T10:17:18.748Z","level":"LOG","message":"REQ USER: {\"id\":11,\"phone\":\"8447771582\",\"iat\":1779528982,\"exp\":1780133782}"}
{"timestamp":"2026-05-28T10:17:56.668Z","level":"LOG","message":"Decoded user: {\"id\":11,\"phone\":\"8447771582\",\"iat\":1779528982,\"exp\":1780133782}"}
{"timestamp":"2026-05-28T10:18:14.964Z","level":"LOG","message":"Decoded user: {\"id\":11,\"phone\":\"8447771582\",\"iat\":1779528982,\"exp\":1780133782}"}
{"timestamp":"2026-05-28T10:18:15.025Z","level":"LOG","message":"Decoded user: {\"id\":11,\"phone\":\"8447771582\",\"iat\":1779528982,\"exp\":1780133782}"}
{"timestamp":"2026-05-28T10:18:15.137Z","level":"LOG","message":"Decoded user: {\"id\":11,\"phone\":\"8447771582\",\"iat\":1779528982,\"exp\":1780133782}"}
{"timestamp":"2026-05-28T10:18:15.137Z","level":"LOG","message":"REQ USER: {\"id\":11,\"phone\":\"8447771582\",\"iat\":1779528982,\"exp\":1780133782}"}
{"timestamp":"2026-05-28T10:18:21.031Z","level":"LOG","message":"Decoded user: {\"id\":11,\"phone\":\"8447771582\",\"iat\":1779528982,\"exp\":1780133782}"}
{"timestamp":"2026-05-28T10:18:21.085Z","level":"LOG","message":"Decoded user: {\"id\":11,\"phone\":\"8447771582\",\"iat\":1779528982,\"exp\":1780133782}"}
{"timestamp":"2026-05-28T10:18:21.137Z","level":"LOG","message":"Decoded user: {\"id\":11,\"phone\":\"8447771582\",\"iat\":1779528982,\"exp\":1780133782}"}
{"timestamp":"2026-05-28T10:18:21.137Z","level":"LOG","message":"REQ USER: {\"id\":11,\"phone\":\"8447771582\",\"iat\":1779528982,\"exp\":1780133782}"}
{"timestamp":"2026-05-28T10:18:58.063Z","level":"LOG","message":"Decoded user: {\"id\":11,\"phone\":\"8447771582\",\"iat\":1779528982,\"exp\":1780133782}"}
{"timestamp":"2026-05-28T10:18:58.185Z","level":"LOG","message":"Decoded user: {\"id\":11,\"phone\":\"8447771582\",\"iat\":1779528982,\"exp\":1780133782}"}
{"timestamp":"2026-05-28T10:18:58.195Z","level":"LOG","message":"Decoded user: {\"id\":11,\"phone\":\"8447771582\",\"iat\":1779528982,\"exp\":1780133782}"}
{"timestamp":"2026-05-28T10:18:58.195Z","level":"LOG","message":"REQ USER: {\"id\":11,\"phone\":\"8447771582\",\"iat\":1779528982,\"exp\":1780133782}"}
{"timestamp":"2026-05-28T10:26:13.486Z","level":"LOG","message":"FILES 👉 {\"image\":[{\"fieldname\":\"image\",\"originalname\":\"tucson-9-inch-frame-for-android-sound-boss-original-imahkah77pdp6vn3 (1).jpeg\",\"encoding\":\"7bit\",\"mimetype\":\"image/jpeg\",\"destination\":\"/home/u823569727/domains/api.shop99.co.in/nodejs/uploads\",\"filename\":\"1779963973472-tucson-9-inch-frame-for-android-sound-boss-original-imahkah77pdp6vn3 (1).jpeg\",\"path\":\"/home/u823569727/domains/api.shop99.co.in/nodejs/uploads/1779963973472-tucson-9-inch-frame-for-android-sound-boss-original-imahkah77pdp6vn3 (1).jpeg\",\"size\":26391}]}"}
{"timestamp":"2026-05-28T11:00:15.341Z","level":"LOG","message":"[dotenv@17.3.1] injecting env (21) from .env -- tip: ⚙️  suppress all logs with { quiet: true }"}
{"timestamp":"2026-05-28T11:00:15.658Z","level":"LOG","message":"[dotenv@17.3.1] injecting env (0) from .env -- tip: ⚙️  suppress all logs with { quiet: true }"}
{"timestamp":"2026-05-28T11:00:16.061Z","level":"LOG","message":"[dotenv@17.3.1] injecting env (0) from .env -- tip: ⚙️  write to custom object with { processEnv: myObject }"}
{"timestamp":"2026-05-28T11:00:16.429Z","level":"LOG","message":"✅ DB Connected"}
{"timestamp":"2026-05-28T11:00:16.512Z","level":"LOG","message":"✅ Tables Synced"}
{"timestamp":"2026-05-28T11:00:16.526Z","level":"LOG","message":"🚀 Server running on port 9001"}
{"timestamp":"2026-05-28T11:03:22.129Z","level":"LOG","message":"[dotenv@17.3.1] injecting env (21) from .env -- tip: 🔐 prevent committing .env to code: https://dotenvx.com/precommit"}
{"timestamp":"2026-05-28T11:03:22.407Z","level":"LOG","message":"[dotenv@17.3.1] injecting env (0) from .env -- tip: 🔐 encrypt with Dotenvx: https://dotenvx.com"}
{"timestamp":"2026-05-28T11:03:22.716Z","level":"LOG","message":"[dotenv@17.3.1] injecting env (0) from .env -- tip: 🔐 encrypt with Dotenvx: https://dotenvx.com"}
{"timestamp":"2026-05-28T11:03:23.430Z","level":"LOG","message":"[dotenv@17.3.1] injecting env (21) from .env -- tip: 🤖 agentic secret storage: https://dotenvx.com/as2"}
{"timestamp":"2026-05-28T11:03:23.677Z","level":"LOG","message":"[dotenv@17.3.1] injecting env (0) from .env -- tip: ⚡️ secrets for agents: https://dotenvx.com/as2"}
{"timestamp":"2026-05-28T11:03:23.985Z","level":"LOG","message":"[dotenv@17.3.1] injecting env (0) from .env -- tip: ⚙️  specify custom .env file path with { path: '/custom/path/.env' }"}
{"timestamp":"2026-05-28T11:03:24.254Z","level":"LOG","message":"✅ DB Connected"}
{"timestamp":"2026-05-28T11:03:24.326Z","level":"LOG","message":"✅ Tables Synced"}
{"timestamp":"2026-05-28T11:03:24.335Z","level":"LOG","message":"🚀 Server running on port 9001"}
{"timestamp":"2026-05-28T11:03:26.724Z","level":"LOG","message":"Decoded user: {\"id\":11,\"phone\":\"8447771582\",\"iat\":1779528982,\"exp\":1780133782}"}
{"timestamp":"2026-05-28T11:04:25.650Z","level":"LOG","message":"Decoded user: {\"id\":11,\"phone\":\"8447771582\",\"iat\":1779528982,\"exp\":1780133782}"}
{"timestamp":"2026-05-28T11:04:25.817Z","level":"LOG","message":"Decoded user: {\"id\":11,\"phone\":\"8447771582\",\"iat\":1779528982,\"exp\":1780133782}"}
{"timestamp":"2026-05-28T11:04:25.932Z","level":"LOG","message":"Decoded user: {\"id\":11,\"phone\":\"8447771582\",\"iat\":1779528982,\"exp\":1780133782}"}
{"timestamp":"2026-05-28T11:04:25.932Z","level":"LOG","message":"REQ USER: {\"id\":11,\"phone\":\"8447771582\",\"iat\":1779528982,\"exp\":1780133782}"}
{"timestamp":"2026-05-28T11:04:40.584Z","level":"LOG","message":"FILES 👉 {\"image\":[{\"fieldname\":\"image\",\"originalname\":\"2017-9-inch-frame-for-android-sound-boss-original-imah9hyxpbgjfykh.jpeg\",\"encoding\":\"7bit\",\"mimetype\":\"image/jpeg\",\"destination\":\"/home/u823569727/domains/api.shop99.co.in/nodejs/uploads\",\"filename\":\"1779966280550-2017-9-inch-frame-for-android-sound-boss-original-imah9hyxpbgjfykh.jpeg\",\"path\":\"/home/u823569727/domains/api.shop99.co.in/nodejs/uploads/1779966280550-2017-9-inch-frame-for-android-sound-boss-original-imah9hyxpbgjfykh.jpeg\",\"size\":166400}]}"}
{"timestamp":"2026-05-28T11:12:01.478Z","level":"LOG","message":"Decoded user: {\"id\":11,\"phone\":\"8447771582\",\"iat\":1779528982,\"exp\":1780133782}"}
{"timestamp":"2026-05-28T11:12:01.546Z","level":"LOG","message":"Decoded user: {\"id\":11,\"phone\":\"8447771582\",\"iat\":1779528982,\"exp\":1780133782}"}
{"timestamp":"2026-05-28T11:12:01.642Z","level":"LOG","message":"Decoded user: {\"id\":11,\"phone\":\"8447771582\",\"iat\":1779528982,\"exp\":1780133782}"}
{"timestamp":"2026-05-28T11:12:01.642Z","level":"LOG","message":"REQ USER: {\"id\":11,\"phone\":\"8447771582\",\"iat\":1779528982,\"exp\":1780133782}"}
{"timestamp":"2026-05-28T11:12:11.553Z","level":"LOG","message":"Decoded user: {\"id\":11,\"phone\":\"8447771582\",\"iat\":1779528982,\"exp\":1780133782}"}
{"timestamp":"2026-05-28T11:12:11.626Z","level":"LOG","message":"Decoded user: {\"id\":11,\"phone\":\"8447771582\",\"iat\":1779528982,\"exp\":1780133782}"}
{"timestamp":"2026-05-28T11:12:11.703Z","level":"LOG","message":"Decoded user: {\"id\":11,\"phone\":\"8447771582\",\"iat\":1779528982,\"exp\":1780133782}"}
{"timestamp":"2026-05-28T11:12:11.706Z","level":"LOG","message":"REQ USER: {\"id\":11,\"phone\":\"8447771582\",\"iat\":1779528982,\"exp\":1780133782}"}
{"timestamp":"2026-05-28T11:12:37.651Z","level":"LOG","message":"Decoded user: {\"id\":11,\"phone\":\"8447771582\",\"iat\":1779528982,\"exp\":1780133782}"}
{"timestamp":"2026-05-28T11:12:37.733Z","level":"LOG","message":"Decoded user: {\"id\":11,\"phone\":\"8447771582\",\"iat\":1779528982,\"exp\":1780133782}"}
{"timestamp":"2026-05-28T11:12:37.809Z","level":"LOG","message":"Decoded user: {\"id\":11,\"phone\":\"8447771582\",\"iat\":1779528982,\"exp\":1780133782}"}
{"timestamp":"2026-05-28T11:12:37.809Z","level":"LOG","message":"REQ USER: {\"id\":11,\"phone\":\"8447771582\",\"iat\":1779528982,\"exp\":1780133782}"}
{"timestamp":"2026-05-28T11:13:17.848Z","level":"LOG","message":"orderStatusSms delivered: ORD1779431335853 sent "}
{"timestamp":"2026-05-28T11:13:25.667Z","level":"LOG","message":"Decoded user: {\"id\":11,\"phone\":\"8447771582\",\"iat\":1779528982,\"exp\":1780133782}"}
{"timestamp":"2026-05-28T11:13:25.731Z","level":"LOG","message":"Decoded user: {\"id\":11,\"phone\":\"8447771582\",\"iat\":1779528982,\"exp\":1780133782}"}
{"timestamp":"2026-05-28T11:13:25.832Z","level":"LOG","message":"Decoded user: {\"id\":11,\"phone\":\"8447771582\",\"iat\":1779528982,\"exp\":1780133782}"}
{"timestamp":"2026-05-28T11:13:25.832Z","level":"LOG","message":"REQ USER: {\"id\":11,\"phone\":\"8447771582\",\"iat\":1779528982,\"exp\":1780133782}"}
{"timestamp":"2026-05-28T11:13:37.154Z","level":"LOG","message":"Decoded user: {\"id\":11,\"phone\":\"8447771582\",\"iat\":1779528982,\"exp\":1780133782}"}
{"timestamp":"2026-05-28T11:22:30.421Z","level":"LOG","message":"[dotenv@17.3.1] injecting env (21) from .env -- tip: 🔐 prevent committing .env to code: https://dotenvx.com/precommit"}
{"timestamp":"2026-05-28T11:22:30.701Z","level":"LOG","message":"[dotenv@17.3.1] injecting env (0) from .env -- tip: ⚙️  write to custom object with { processEnv: myObject }"}
{"timestamp":"2026-05-28T11:22:31.087Z","level":"LOG","message":"[dotenv@17.3.1] injecting env (0) from .env -- tip: ⚙️  suppress all logs with { quiet: true }"}
{"timestamp":"2026-05-28T11:22:31.433Z","level":"LOG","message":"✅ DB Connected"}
{"timestamp":"2026-05-28T11:22:31.536Z","level":"LOG","message":"✅ Tables Synced"}
{"timestamp":"2026-05-28T11:22:31.545Z","level":"LOG","message":"🚀 Server running on port 9001"}
{"timestamp":"2026-05-28T11:22:31.678Z","level":"LOG","message":"Decoded user: {\"id\":11,\"phone\":\"8447771582\",\"iat\":1779528982,\"exp\":1780133782}"}
{"timestamp":"2026-05-28T11:22:31.785Z","level":"LOG","message":"Decoded user: {\"id\":11,\"phone\":\"8447771582\",\"iat\":1779528982,\"exp\":1780133782}"}
{"timestamp":"2026-05-28T11:22:31.961Z","level":"LOG","message":"Decoded user: {\"id\":11,\"phone\":\"8447771582\",\"iat\":1779528982,\"exp\":1780133782}"}
{"timestamp":"2026-05-28T11:22:31.962Z","level":"LOG","message":"REQ USER: {\"id\":11,\"phone\":\"8447771582\",\"iat\":1779528982,\"exp\":1780133782}"}
{"timestamp":"2026-05-28T11:23:11.587Z","level":"LOG","message":"[dotenv@17.3.1] injecting env (21) from .env -- tip: ⚙️  suppress all logs with { quiet: true }"}
{"timestamp":"2026-05-28T11:23:11.863Z","level":"LOG","message":"[dotenv@17.3.1] injecting env (0) from .env -- tip: 🛡️ auth for agents: https://vestauth.com"}
{"timestamp":"2026-05-28T11:23:12.265Z","level":"LOG","message":"[dotenv@17.3.1] injecting env (0) from .env -- tip: ⚙️  write to custom object with { processEnv: myObject }"}
{"timestamp":"2026-05-28T11:23:12.553Z","level":"LOG","message":"✅ DB Connected"}
{"timestamp":"2026-05-28T11:23:12.634Z","level":"LOG","message":"✅ Tables Synced"}
{"timestamp":"2026-05-28T11:23:12.644Z","level":"LOG","message":"🚀 Server running on port 9001"}
{"timestamp":"2026-05-28T11:23:15.575Z","level":"LOG","message":"Decoded user: {\"id\":11,\"phone\":\"8447771582\",\"iat\":1779528982,\"exp\":1780133782}"}
{"timestamp":"2026-05-28T11:23:15.654Z","level":"LOG","message":"Decoded user: {\"id\":11,\"phone\":\"8447771582\",\"iat\":1779528982,\"exp\":1780133782}"}
{"timestamp":"2026-05-28T11:23:15.826Z","level":"LOG","message":"Decoded user: {\"id\":11,\"phone\":\"8447771582\",\"iat\":1779528982,\"exp\":1780133782}"}
{"timestamp":"2026-05-28T11:23:15.826Z","level":"LOG","message":"REQ USER: {\"id\":11,\"phone\":\"8447771582\",\"iat\":1779528982,\"exp\":1780133782}"}
{"timestamp":"2026-05-28T11:23:39.639Z","level":"LOG","message":"orderStatusSms delivered: ORD1779433467179 sent "}
{"timestamp":"2026-05-28T11:23:41.111Z","level":"LOG","message":"Decoded user: {\"id\":11,\"phone\":\"8447771582\",\"iat\":1779528982,\"exp\":1780133782}"}
{"timestamp":"2026-05-28T11:23:41.299Z","level":"LOG","message":"Decoded user: {\"id\":11,\"phone\":\"8447771582\",\"iat\":1779528982,\"exp\":1780133782}"}
{"timestamp":"2026-05-28T11:23:41.349Z","level":"LOG","message":"Decoded user: {\"id\":11,\"phone\":\"8447771582\",\"iat\":1779528982,\"exp\":1780133782}"}
{"timestamp":"2026-05-28T11:23:41.349Z","level":"LOG","message":"REQ USER: {\"id\":11,\"phone\":\"8447771582\",\"iat\":1779528982,\"exp\":1780133782}"}
{"timestamp":"2026-05-28T11:24:19.225Z","level":"LOG","message":"Decoded user: {\"id\":11,\"phone\":\"8447771582\",\"iat\":1779528982,\"exp\":1780133782}"}
{"timestamp":"2026-05-28T11:24:19.316Z","level":"LOG","message":"Decoded user: {\"id\":11,\"phone\":\"8447771582\",\"iat\":1779528982,\"exp\":1780133782}"}
{"timestamp":"2026-05-28T11:24:19.407Z","level":"LOG","message":"Decoded user: {\"id\":11,\"phone\":\"8447771582\",\"iat\":1779528982,\"exp\":1780133782}"}
{"timestamp":"2026-05-28T11:24:19.407Z","level":"LOG","message":"REQ USER: {\"id\":11,\"phone\":\"8447771582\",\"iat\":1779528982,\"exp\":1780133782}"}
{"timestamp":"2026-05-28T11:24:38.938Z","level":"LOG","message":"orderStatusSms delivered: ORD1777537515912 sent "}
{"timestamp":"2026-05-28T11:24:47.596Z","level":"LOG","message":"Decoded user: {\"id\":11,\"phone\":\"8447771582\",\"iat\":1779528982,\"exp\":1780133782}"}
{"timestamp":"2026-05-28T11:24:47.656Z","level":"LOG","message":"Decoded user: {\"id\":11,\"phone\":\"8447771582\",\"iat\":1779528982,\"exp\":1780133782}"}
{"timestamp":"2026-05-28T11:24:47.785Z","level":"LOG","message":"Decoded user: {\"id\":11,\"phone\":\"8447771582\",\"iat\":1779528982,\"exp\":1780133782}"}
{"timestamp":"2026-05-28T11:24:47.785Z","level":"LOG","message":"REQ USER: {\"id\":11,\"phone\":\"8447771582\",\"iat\":1779528982,\"exp\":1780133782}"}
{"timestamp":"2026-05-28T11:25:02.608Z","level":"LOG","message":"Decoded user: {\"id\":11,\"phone\":\"8447771582\",\"iat\":1779528982,\"exp\":1780133782}"}
{"timestamp":"2026-05-28T11:25:23.544Z","level":"LOG","message":"Decoded user: {\"id\":11,\"phone\":\"8447771582\",\"iat\":1779528982,\"exp\":1780133782}"}
{"timestamp":"2026-05-28T11:25:23.621Z","level":"LOG","message":"Decoded user: {\"id\":11,\"phone\":\"8447771582\",\"iat\":1779528982,\"exp\":1780133782}"}
{"timestamp":"2026-05-28T11:25:23.808Z","level":"LOG","message":"Decoded user: {\"id\":11,\"phone\":\"8447771582\",\"iat\":1779528982,\"exp\":1780133782}"}
{"timestamp":"2026-05-28T11:25:23.808Z","level":"LOG","message":"REQ USER: {\"id\":11,\"phone\":\"8447771582\",\"iat\":1779528982,\"exp\":1780133782}"}
{"timestamp":"2026-05-28T11:25:49.125Z","level":"LOG","message":"[dotenv@17.3.1] injecting env (21) from .env -- tip: 🛠️  run anywhere with `dotenvx run -- yourcommand`"}
{"timestamp":"2026-05-28T11:25:49.494Z","level":"LOG","message":"[dotenv@17.3.1] injecting env (0) from .env -- tip: 🔐 encrypt with Dotenvx: https://dotenvx.com"}
{"timestamp":"2026-05-28T11:25:49.944Z","level":"LOG","message":"[dotenv@17.3.1] injecting env (0) from .env -- tip: ⚙️  suppress all logs with { quiet: true }"}
{"timestamp":"2026-05-28T11:25:50.321Z","level":"LOG","message":"✅ DB Connected"}
{"timestamp":"2026-05-28T11:25:50.403Z","level":"LOG","message":"✅ Tables Synced"}
{"timestamp":"2026-05-28T11:25:50.412Z","level":"LOG","message":"🚀 Server running on port 9001"}
{"timestamp":"2026-05-28T11:25:53.216Z","level":"LOG","message":"[dotenv@17.3.1] injecting env (21) from .env -- tip: ⚙️  specify custom .env file path with { path: '/custom/path/.env' }"}
{"timestamp":"2026-05-28T11:25:53.513Z","level":"LOG","message":"[dotenv@17.3.1] injecting env (0) from .env -- tip: 🛠️  run anywhere with `dotenvx run -- yourcommand`"}
{"timestamp":"2026-05-28T11:25:53.879Z","level":"LOG","message":"[dotenv@17.3.1] injecting env (0) from .env -- tip: ⚙️  write to custom object with { processEnv: myObject }"}
{"timestamp":"2026-05-28T11:25:54.230Z","level":"LOG","message":"✅ DB Connected"}
{"timestamp":"2026-05-28T11:25:54.346Z","level":"LOG","message":"✅ Tables Synced"}
{"timestamp":"2026-05-28T11:25:54.362Z","level":"LOG","message":"🚀 Server running on port 9001"}
{"timestamp":"2026-05-28T11:25:54.564Z","level":"LOG","message":"Decoded user: {\"id\":11,\"phone\":\"8447771582\",\"iat\":1779528982,\"exp\":1780133782}"}
{"timestamp":"2026-05-28T11:25:54.746Z","level":"LOG","message":"Decoded user: {\"id\":11,\"phone\":\"8447771582\",\"iat\":1779528982,\"exp\":1780133782}"}
{"timestamp":"2026-05-28T11:25:54.747Z","level":"LOG","message":"REQ USER: {\"id\":11,\"phone\":\"8447771582\",\"iat\":1779528982,\"exp\":1780133782}"}
{"timestamp":"2026-05-28T11:25:54.750Z","level":"LOG","message":"Decoded user: {\"id\":11,\"phone\":\"8447771582\",\"iat\":1779528982,\"exp\":1780133782}"}
{"timestamp":"2026-05-28T11:26:17.576Z","level":"LOG","message":"Decoded user: {\"id\":11,\"phone\":\"8447771582\",\"iat\":1779528982,\"exp\":1780133782}"}
{"timestamp":"2026-05-28T11:26:17.687Z","level":"LOG","message":"Decoded user: {\"id\":11,\"phone\":\"8447771582\",\"iat\":1779528982,\"exp\":1780133782}"}
{"timestamp":"2026-05-28T11:26:17.781Z","level":"LOG","message":"Decoded user: {\"id\":11,\"phone\":\"8447771582\",\"iat\":1779528982,\"exp\":1780133782}"}
{"timestamp":"2026-05-28T11:26:17.782Z","level":"LOG","message":"REQ USER: {\"id\":11,\"phone\":\"8447771582\",\"iat\":1779528982,\"exp\":1780133782}"}
{"timestamp":"2026-05-28T11:26:29.254Z","level":"LOG","message":"Decoded user: {\"id\":11,\"phone\":\"8447771582\",\"iat\":1779528982,\"exp\":1780133782}"}
{"timestamp":"2026-05-28T11:26:29.297Z","level":"LOG","message":"Decoded user: {\"id\":11,\"phone\":\"8447771582\",\"iat\":1779528982,\"exp\":1780133782}"}
{"timestamp":"2026-05-28T11:26:29.447Z","level":"LOG","message":"Decoded user: {\"id\":11,\"phone\":\"8447771582\",\"iat\":1779528982,\"exp\":1780133782}"}
{"timestamp":"2026-05-28T11:26:29.447Z","level":"LOG","message":"REQ USER: {\"id\":11,\"phone\":\"8447771582\",\"iat\":1779528982,\"exp\":1780133782}"}
{"timestamp":"2026-05-28T11:27:24.572Z","level":"LOG","message":"Decoded user: {\"id\":11,\"phone\":\"8447771582\",\"iat\":1779528982,\"exp\":1780133782}"}
{"timestamp":"2026-05-28T11:27:24.707Z","level":"LOG","message":"Decoded user: {\"id\":11,\"phone\":\"8447771582\",\"iat\":1779528982,\"exp\":1780133782}"}
{"timestamp":"2026-05-28T11:27:24.759Z","level":"LOG","message":"Decoded user: {\"id\":11,\"phone\":\"8447771582\",\"iat\":1779528982,\"exp\":1780133782}"}
{"timestamp":"2026-05-28T11:27:24.759Z","level":"LOG","message":"REQ USER: {\"id\":11,\"phone\":\"8447771582\",\"iat\":1779528982,\"exp\":1780133782}"}
{"timestamp":"2026-05-28T11:27:34.452Z","level":"LOG","message":"Decoded user: {\"id\":11,\"phone\":\"8447771582\",\"iat\":1779528982,\"exp\":1780133782}"}
{"timestamp":"2026-05-28T11:27:34.533Z","level":"LOG","message":"Decoded user: {\"id\":11,\"phone\":\"8447771582\",\"iat\":1779528982,\"exp\":1780133782}"}
{"timestamp":"2026-05-28T11:27:34.598Z","level":"LOG","message":"Decoded user: {\"id\":11,\"phone\":\"8447771582\",\"iat\":1779528982,\"exp\":1780133782}"}
{"timestamp":"2026-05-28T11:27:34.598Z","level":"LOG","message":"REQ USER: {\"id\":11,\"phone\":\"8447771582\",\"iat\":1779528982,\"exp\":1780133782}"}
{"timestamp":"2026-05-28T11:32:38.532Z","level":"LOG","message":"[dotenv@17.3.1] injecting env (21) from .env -- tip: ⚙️  specify custom .env file path with { path: '/custom/path/.env' }"}
{"timestamp":"2026-05-28T11:32:39.235Z","level":"LOG","message":"[dotenv@17.3.1] injecting env (21) from .env -- tip: 🔐 prevent committing .env to code: https://dotenvx.com/precommit"}
{"timestamp":"2026-05-28T11:32:39.492Z","level":"LOG","message":"[dotenv@17.3.1] injecting env (0) from .env -- tip: ⚙️  override existing env vars with { override: true }"}
{"timestamp":"2026-05-28T11:32:39.831Z","level":"LOG","message":"[dotenv@17.3.1] injecting env (0) from .env -- tip: ⚡️ secrets for agents: https://dotenvx.com/as2"}
{"timestamp":"2026-05-28T11:32:40.097Z","level":"LOG","message":"✅ DB Connected"}
{"timestamp":"2026-05-28T11:32:40.178Z","level":"LOG","message":"✅ Tables Synced"}
{"timestamp":"2026-05-28T11:32:40.191Z","level":"LOG","message":"🚀 Server running on port 9001"}
{"timestamp":"2026-05-28T11:36:50.462Z","level":"LOG","message":"Decoded user: {\"id\":11,\"phone\":\"8447771582\",\"iat\":1779858966,\"exp\":1780463766}"}
{"timestamp":"2026-05-28T11:36:50.462Z","level":"LOG","message":"REQ USER: {\"id\":11,\"phone\":\"8447771582\",\"iat\":1779858966,\"exp\":1780463766}"}
{"timestamp":"2026-05-28T11:36:50.772Z","level":"LOG","message":"Decoded user: {\"id\":11,\"phone\":\"8447771582\",\"iat\":1779858966,\"exp\":1780463766}"}
{"timestamp":"2026-05-28T11:36:50.772Z","level":"LOG","message":"REQ USER: {\"id\":11,\"phone\":\"8447771582\",\"iat\":1779858966,\"exp\":1780463766}"}
{"timestamp":"2026-05-28T11:39:04.172Z","level":"LOG","message":"Decoded user: {\"id\":11,\"phone\":\"8447771582\",\"iat\":1779858966,\"exp\":1780463766}"}
{"timestamp":"2026-05-28T11:39:04.172Z","level":"LOG","message":"REQ USER: {\"id\":11,\"phone\":\"8447771582\",\"iat\":1779858966,\"exp\":1780463766}"}
{"timestamp":"2026-05-28T11:39:08.125Z","level":"LOG","message":"Decoded user: {\"id\":11,\"phone\":\"8447771582\",\"iat\":1779858966,\"exp\":1780463766}"}
{"timestamp":"2026-05-28T11:39:08.125Z","level":"LOG","message":"REQ USER: {\"id\":11,\"phone\":\"8447771582\",\"iat\":1779858966,\"exp\":1780463766}"}
{"timestamp":"2026-05-28T11:39:09.911Z","level":"LOG","message":"Decoded user: {\"id\":11,\"phone\":\"8447771582\",\"iat\":1779858966,\"exp\":1780463766}"}
{"timestamp":"2026-05-28T11:39:09.911Z","level":"LOG","message":"REQ USER: {\"id\":11,\"phone\":\"8447771582\",\"iat\":1779858966,\"exp\":1780463766}"}
{"timestamp":"2026-05-28T11:39:11.498Z","level":"LOG","message":"Decoded user: {\"id\":11,\"phone\":\"8447771582\",\"iat\":1779858966,\"exp\":1780463766}"}
{"timestamp":"2026-05-28T11:39:15.714Z","level":"LOG","message":"Decoded user: {\"id\":11,\"phone\":\"8447771582\",\"iat\":1779858966,\"exp\":1780463766}"}
{"timestamp":"2026-05-28T11:39:58.834Z","level":"LOG","message":"Decoded user: {\"id\":11,\"phone\":\"8447771582\",\"iat\":1779858966,\"exp\":1780463766}"}
{"timestamp":"2026-05-28T11:39:58.834Z","level":"LOG","message":"REQ USER: {\"id\":11,\"phone\":\"8447771582\",\"iat\":1779858966,\"exp\":1780463766}"}
{"timestamp":"2026-05-28T11:40:01.036Z","level":"LOG","message":"Decoded user: {\"id\":11,\"phone\":\"8447771582\",\"iat\":1779858966,\"exp\":1780463766}"}
{"timestamp":"2026-05-28T11:40:01.083Z","level":"LOG","message":"Decoded user: {\"id\":11,\"phone\":\"8447771582\",\"iat\":1779858966,\"exp\":1780463766}"}
{"timestamp":"2026-05-28T11:40:13.036Z","level":"LOG","message":"orderStatusSms delivered: ORD1779968386499 sent "}
{"timestamp":"2026-05-28T11:40:17.216Z","level":"LOG","message":"Decoded user: {\"id\":11,\"phone\":\"8447771582\",\"iat\":1779858966,\"exp\":1780463766}"}
{"timestamp":"2026-05-28T11:40:17.337Z","level":"LOG","message":"Decoded user: {\"id\":11,\"phone\":\"8447771582\",\"iat\":1779858966,\"exp\":1780463766}"}
{"timestamp":"2026-05-28T11:40:17.470Z","level":"LOG","message":"Decoded user: {\"id\":11,\"phone\":\"8447771582\",\"iat\":1779858966,\"exp\":1780463766}"}
{"timestamp":"2026-05-28T11:40:17.470Z","level":"LOG","message":"REQ USER: {\"id\":11,\"phone\":\"8447771582\",\"iat\":1779858966,\"exp\":1780463766}"}
{"timestamp":"2026-05-28T11:41:26.383Z","level":"LOG","message":"Decoded user: {\"id\":11,\"phone\":\"8447771582\",\"iat\":1779858966,\"exp\":1780463766}"}
{"timestamp":"2026-05-28T11:41:43.493Z","level":"LOG","message":"Decoded user: {\"id\":11,\"phone\":\"8447771582\",\"iat\":1779858966,\"exp\":1780463766}"}
{"timestamp":"2026-05-28T11:41:43.725Z","level":"LOG","message":"Decoded user: {\"id\":11,\"phone\":\"8447771582\",\"iat\":1779858966,\"exp\":1780463766}"}
{"timestamp":"2026-05-28T11:41:43.730Z","level":"LOG","message":"Decoded user: {\"id\":11,\"phone\":\"8447771582\",\"iat\":1779858966,\"exp\":1780463766}"}
{"timestamp":"2026-05-28T11:41:43.730Z","level":"LOG","message":"REQ USER: {\"id\":11,\"phone\":\"8447771582\",\"iat\":1779858966,\"exp\":1780463766}"}
{"timestamp":"2026-05-28T11:41:50.229Z","level":"LOG","message":"Decoded user: {\"id\":11,\"phone\":\"8447771582\",\"iat\":1779858966,\"exp\":1780463766}"}
{"timestamp":"2026-05-28T11:41:50.363Z","level":"LOG","message":"Decoded user: {\"id\":11,\"phone\":\"8447771582\",\"iat\":1779858966,\"exp\":1780463766}"}
{"timestamp":"2026-05-28T11:41:50.429Z","level":"LOG","message":"Decoded user: {\"id\":11,\"phone\":\"8447771582\",\"iat\":1779858966,\"exp\":1780463766}"}
{"timestamp":"2026-05-28T11:41:50.429Z","level":"LOG","message":"REQ USER: {\"id\":11,\"phone\":\"8447771582\",\"iat\":1779858966,\"exp\":1780463766}"}
{"timestamp":"2026-05-28T11:42:01.842Z","level":"LOG","message":"Decoded user: {\"id\":11,\"phone\":\"8447771582\",\"iat\":1779858966,\"exp\":1780463766}"}
{"timestamp":"2026-05-28T11:42:01.889Z","level":"LOG","message":"Decoded user: {\"id\":11,\"phone\":\"8447771582\",\"iat\":1779858966,\"exp\":1780463766}"}
{"timestamp":"2026-05-28T11:42:02.020Z","level":"LOG","message":"Decoded user: {\"id\":11,\"phone\":\"8447771582\",\"iat\":1779858966,\"exp\":1780463766}"}
{"timestamp":"2026-05-28T11:42:02.020Z","level":"LOG","message":"REQ USER: {\"id\":11,\"phone\":\"8447771582\",\"iat\":1779858966,\"exp\":1780463766}"}
{"timestamp":"2026-05-28T11:42:07.905Z","level":"LOG","message":"Decoded user: {\"id\":11,\"phone\":\"8447771582\",\"iat\":1779858966,\"exp\":1780463766}"}
{"timestamp":"2026-05-28T11:42:07.950Z","level":"LOG","message":"Decoded user: {\"id\":11,\"phone\":\"8447771582\",\"iat\":1779858966,\"exp\":1780463766}"}
{"timestamp":"2026-05-28T11:42:08.106Z","level":"LOG","message":"Decoded user: {\"id\":11,\"phone\":\"8447771582\",\"iat\":1779858966,\"exp\":1780463766}"}
{"timestamp":"2026-05-28T11:42:08.107Z","level":"LOG","message":"REQ USER: {\"id\":11,\"phone\":\"8447771582\",\"iat\":1779858966,\"exp\":1780463766}"}
{"timestamp":"2026-05-28T11:42:23.724Z","level":"LOG","message":"Decoded user: {\"id\":11,\"phone\":\"8447771582\",\"iat\":1779858966,\"exp\":1780463766}"}
{"timestamp":"2026-05-28T11:42:23.769Z","level":"LOG","message":"Decoded user: {\"id\":11,\"phone\":\"8447771582\",\"iat\":1779858966,\"exp\":1780463766}"}
{"timestamp":"2026-05-28T11:42:23.821Z","level":"LOG","message":"Decoded user: {\"id\":11,\"phone\":\"8447771582\",\"iat\":1779858966,\"exp\":1780463766}"}
{"timestamp":"2026-05-28T11:42:23.821Z","level":"LOG","message":"REQ USER: {\"id\":11,\"phone\":\"8447771582\",\"iat\":1779858966,\"exp\":1780463766}"}
{"timestamp":"2026-05-28T11:43:03.189Z","level":"LOG","message":"Decoded user: {\"id\":11,\"phone\":\"8447771582\",\"iat\":1779858966,\"exp\":1780463766}"}
{"timestamp":"2026-05-28T11:43:03.248Z","level":"LOG","message":"Decoded user: {\"id\":11,\"phone\":\"8447771582\",\"iat\":1779858966,\"exp\":1780463766}"}
{"timestamp":"2026-05-28T11:43:03.386Z","level":"LOG","message":"Decoded user: {\"id\":11,\"phone\":\"8447771582\",\"iat\":1779858966,\"exp\":1780463766}"}
{"timestamp":"2026-05-28T11:43:03.386Z","level":"LOG","message":"REQ USER: {\"id\":11,\"phone\":\"8447771582\",\"iat\":1779858966,\"exp\":1780463766}"}
{"timestamp":"2026-05-28T11:43:03.825Z","level":"LOG","message":"Decoded user: {\"id\":11,\"phone\":\"8447771582\",\"iat\":1779858966,\"exp\":1780463766}"}
{"timestamp":"2026-05-28T11:43:03.923Z","level":"LOG","message":"Decoded user: {\"id\":11,\"phone\":\"8447771582\",\"iat\":1779858966,\"exp\":1780463766}"}
{"timestamp":"2026-05-28T11:43:03.925Z","level":"LOG","message":"Decoded user: {\"id\":11,\"phone\":\"8447771582\",\"iat\":1779858966,\"exp\":1780463766}"}
{"timestamp":"2026-05-28T11:43:03.925Z","level":"LOG","message":"REQ USER: {\"id\":11,\"phone\":\"8447771582\",\"iat\":1779858966,\"exp\":1780463766}"}
{"timestamp":"2026-05-28T11:43:04.046Z","level":"LOG","message":"Decoded user: {\"id\":11,\"phone\":\"8447771582\",\"iat\":1779858966,\"exp\":1780463766}"}
{"timestamp":"2026-05-28T11:43:04.319Z","level":"LOG","message":"Decoded user: {\"id\":11,\"phone\":\"8447771582\",\"iat\":1779858966,\"exp\":1780463766}"}
{"timestamp":"2026-05-28T11:43:04.488Z","level":"LOG","message":"Decoded user: {\"id\":11,\"phone\":\"8447771582\",\"iat\":1779858966,\"exp\":1780463766}"}
{"timestamp":"2026-05-28T11:43:04.490Z","level":"LOG","message":"Decoded user: {\"id\":11,\"phone\":\"8447771582\",\"iat\":1779858966,\"exp\":1780463766}"}
{"timestamp":"2026-05-28T11:43:04.490Z","level":"LOG","message":"REQ USER: {\"id\":11,\"phone\":\"8447771582\",\"iat\":1779858966,\"exp\":1780463766}"}
{"timestamp":"2026-05-28T11:43:15.180Z","level":"LOG","message":"orderStatusSms delivered: ORD1779968386499 sent "}
{"timestamp":"2026-05-28T11:43:22.706Z","level":"LOG","message":"Decoded user: {\"id\":11,\"phone\":\"8447771582\",\"iat\":1779858966,\"exp\":1780463766}"}
{"timestamp":"2026-05-28T11:43:22.767Z","level":"LOG","message":"Decoded user: {\"id\":11,\"phone\":\"8447771582\",\"iat\":1779858966,\"exp\":1780463766}"}
{"timestamp":"2026-05-28T11:43:22.907Z","level":"LOG","message":"Decoded user: {\"id\":11,\"phone\":\"8447771582\",\"iat\":1779858966,\"exp\":1780463766}"}
{"timestamp":"2026-05-28T11:43:22.907Z","level":"LOG","message":"REQ USER: {\"id\":11,\"phone\":\"8447771582\",\"iat\":1779858966,\"exp\":1780463766}"}
{"timestamp":"2026-05-28T11:43:28.557Z","level":"LOG","message":"Decoded user: {\"id\":11,\"phone\":\"8447771582\",\"iat\":1779858966,\"exp\":1780463766}"}
{"timestamp":"2026-05-28T11:44:17.254Z","level":"LOG","message":"Decoded user: {\"id\":11,\"phone\":\"8447771582\",\"iat\":1779858966,\"exp\":1780463766}"}
{"timestamp":"2026-05-28T11:44:17.336Z","level":"LOG","message":"Decoded user: {\"id\":11,\"phone\":\"8447771582\",\"iat\":1779858966,\"exp\":1780463766}"}
{"timestamp":"2026-05-28T11:44:17.439Z","level":"LOG","message":"Decoded user: {\"id\":11,\"phone\":\"8447771582\",\"iat\":1779858966,\"exp\":1780463766}"}
{"timestamp":"2026-05-28T11:44:17.439Z","level":"LOG","message":"REQ USER: {\"id\":11,\"phone\":\"8447771582\",\"iat\":1779858966,\"exp\":1780463766}"}
{"timestamp":"2026-05-28T11:44:27.037Z","level":"LOG","message":"Decoded user: {\"id\":11,\"phone\":\"8447771582\",\"iat\":1779528982,\"exp\":1780133782}"}
{"timestamp":"2026-05-28T11:44:27.084Z","level":"LOG","message":"Decoded user: {\"id\":11,\"phone\":\"8447771582\",\"iat\":1779528982,\"exp\":1780133782}"}
{"timestamp":"2026-05-28T11:44:27.202Z","level":"LOG","message":"Decoded user: {\"id\":11,\"phone\":\"8447771582\",\"iat\":1779528982,\"exp\":1780133782}"}
{"timestamp":"2026-05-28T11:44:27.202Z","level":"LOG","message":"REQ USER: {\"id\":11,\"phone\":\"8447771582\",\"iat\":1779528982,\"exp\":1780133782}"}
{"timestamp":"2026-05-28T11:45:10.913Z","level":"LOG","message":"Decoded user: {\"id\":11,\"phone\":\"8447771582\",\"iat\":1779528982,\"exp\":1780133782}"}
{"timestamp":"2026-05-28T11:45:10.985Z","level":"LOG","message":"Decoded user: {\"id\":11,\"phone\":\"8447771582\",\"iat\":1779528982,\"exp\":1780133782}"}
{"timestamp":"2026-05-28T11:45:11.086Z","level":"LOG","message":"Decoded user: {\"id\":11,\"phone\":\"8447771582\",\"iat\":1779528982,\"exp\":1780133782}"}
{"timestamp":"2026-05-28T11:45:11.087Z","level":"LOG","message":"REQ USER: {\"id\":11,\"phone\":\"8447771582\",\"iat\":1779528982,\"exp\":1780133782}"}
{"timestamp":"2026-05-28T11:54:13.867Z","level":"LOG","message":"Decoded user: {\"id\":11,\"phone\":\"8447771582\",\"iat\":1779528982,\"exp\":1780133782}"}
{"timestamp":"2026-05-28T11:54:13.927Z","level":"LOG","message":"Decoded user: {\"id\":11,\"phone\":\"8447771582\",\"iat\":1779528982,\"exp\":1780133782}"}
{"timestamp":"2026-05-28T11:54:14.052Z","level":"LOG","message":"Decoded user: {\"id\":11,\"phone\":\"8447771582\",\"iat\":1779528982,\"exp\":1780133782}"}
{"timestamp":"2026-05-28T11:54:14.052Z","level":"LOG","message":"REQ USER: {\"id\":11,\"phone\":\"8447771582\",\"iat\":1779528982,\"exp\":1780133782}"}
{"timestamp":"2026-05-28T11:54:19.814Z","level":"LOG","message":"orderStatusSms delivered: ORD1779968386499 sent "}
{"timestamp":"2026-05-28T11:54:23.912Z","level":"LOG","message":"Decoded user: {\"id\":11,\"phone\":\"8447771582\",\"iat\":1779528982,\"exp\":1780133782}"}
{"timestamp":"2026-05-28T11:54:23.997Z","level":"LOG","message":"Decoded user: {\"id\":11,\"phone\":\"8447771582\",\"iat\":1779528982,\"exp\":1780133782}"}
{"timestamp":"2026-05-28T11:54:24.053Z","level":"LOG","message":"Decoded user: {\"id\":11,\"phone\":\"8447771582\",\"iat\":1779528982,\"exp\":1780133782}"}
{"timestamp":"2026-05-28T11:54:24.053Z","level":"LOG","message":"REQ USER: {\"id\":11,\"phone\":\"8447771582\",\"iat\":1779528982,\"exp\":1780133782}"}
{"timestamp":"2026-05-28T11:55:36.391Z","level":"LOG","message":"Decoded user: {\"id\":11,\"phone\":\"8447771582\",\"iat\":1779528982,\"exp\":1780133782}"}
{"timestamp":"2026-05-28T11:55:36.451Z","level":"LOG","message":"Decoded user: {\"id\":11,\"phone\":\"8447771582\",\"iat\":1779528982,\"exp\":1780133782}"}
{"timestamp":"2026-05-28T11:55:36.523Z","level":"LOG","message":"Decoded user: {\"id\":11,\"phone\":\"8447771582\",\"iat\":1779528982,\"exp\":1780133782}"}
{"timestamp":"2026-05-28T11:55:36.524Z","level":"LOG","message":"REQ USER: {\"id\":11,\"phone\":\"8447771582\",\"iat\":1779528982,\"exp\":1780133782}"}
{"timestamp":"2026-05-28T12:03:55.830Z","level":"LOG","message":"Decoded user: {\"id\":11,\"phone\":\"8447771582\",\"iat\":1779528982,\"exp\":1780133782}"}
{"timestamp":"2026-05-28T12:03:55.902Z","level":"LOG","message":"Decoded user: {\"id\":11,\"phone\":\"8447771582\",\"iat\":1779528982,\"exp\":1780133782}"}
{"timestamp":"2026-05-28T12:03:56.104Z","level":"LOG","message":"Decoded user: {\"id\":11,\"phone\":\"8447771582\",\"iat\":1779528982,\"exp\":1780133782}"}
{"timestamp":"2026-05-28T12:03:56.104Z","level":"LOG","message":"REQ USER: {\"id\":11,\"phone\":\"8447771582\",\"iat\":1779528982,\"exp\":1780133782}"}
{"timestamp":"2026-05-28T12:05:35.401Z","level":"LOG","message":"Decoded user: {\"id\":11,\"phone\":\"8447771582\",\"iat\":1779528982,\"exp\":1780133782}"}
{"timestamp":"2026-05-28T12:05:35.409Z","level":"LOG","message":"Decoded user: {\"id\":11,\"phone\":\"8447771582\",\"iat\":1779528982,\"exp\":1780133782}"}
{"timestamp":"2026-05-28T12:05:35.569Z","level":"LOG","message":"Decoded user: {\"id\":11,\"phone\":\"8447771582\",\"iat\":1779528982,\"exp\":1780133782}"}
{"timestamp":"2026-05-28T12:05:35.569Z","level":"LOG","message":"REQ USER: {\"id\":11,\"phone\":\"8447771582\",\"iat\":1779528982,\"exp\":1780133782}"}
{"timestamp":"2026-05-28T12:05:37.627Z","level":"LOG","message":"Decoded user: {\"id\":11,\"phone\":\"8447771582\",\"iat\":1779858966,\"exp\":1780463766}"}
{"timestamp":"2026-05-28T12:05:37.633Z","level":"LOG","message":"Decoded user: {\"id\":11,\"phone\":\"8447771582\",\"iat\":1779858966,\"exp\":1780463766}"}
{"timestamp":"2026-05-28T12:05:37.800Z","level":"LOG","message":"Decoded user: {\"id\":11,\"phone\":\"8447771582\",\"iat\":1779858966,\"exp\":1780463766}"}
{"timestamp":"2026-05-28T12:05:37.800Z","level":"LOG","message":"REQ USER: {\"id\":11,\"phone\":\"8447771582\",\"iat\":1779858966,\"exp\":1780463766}"}
{"timestamp":"2026-05-28T12:17:07.030Z","level":"LOG","message":"FILES 👉 {\"image\":[{\"fieldname\":\"image\",\"originalname\":\"bluetooth-usb-sd-aux-fm-mp3-soundfire-original-imahk6efk3rfjdrk.jpeg\",\"encoding\":\"7bit\",\"mimetype\":\"image/jpeg\",\"destination\":\"/home/u823569727/domains/api.shop99.co.in/nodejs/uploads\",\"filename\":\"1779970627012-bluetooth-usb-sd-aux-fm-mp3-soundfire-original-imahk6efk3rfjdrk.jpeg\",\"path\":\"/home/u823569727/domains/api.shop99.co.in/nodejs/uploads/1779970627012-bluetooth-usb-sd-aux-fm-mp3-soundfire-original-imahk6efk3rfjdrk.jpeg\",\"size\":360102}]}"}
{"timestamp":"2026-05-28T12:19:33.780Z","level":"LOG","message":"Decoded user: {\"id\":11,\"phone\":\"8447771582\",\"iat\":1779528982,\"exp\":1780133782}"}
{"timestamp":"2026-05-28T12:19:33.781Z","level":"LOG","message":"REQ USER: {\"id\":11,\"phone\":\"8447771582\",\"iat\":1779528982,\"exp\":1780133782}"}
{"timestamp":"2026-05-28T12:19:33.833Z","level":"LOG","message":"Decoded user: {\"id\":11,\"phone\":\"8447771582\",\"iat\":1779528982,\"exp\":1780133782}"}
{"timestamp":"2026-05-28T12:19:33.833Z","level":"LOG","message":"REQ USER: {\"id\":11,\"phone\":\"8447771582\",\"iat\":1779528982,\"exp\":1780133782}"}
{"timestamp":"2026-05-28T12:19:34.740Z","level":"LOG","message":"Decoded user: {\"id\":11,\"phone\":\"8447771582\",\"iat\":1779528982,\"exp\":1780133782}"}
{"timestamp":"2026-05-28T12:19:34.785Z","level":"LOG","message":"Decoded user: {\"id\":11,\"phone\":\"8447771582\",\"iat\":1779528982,\"exp\":1780133782}"}
{"timestamp":"2026-05-28T12:23:23.942Z","level":"LOG","message":"Decoded user: {\"id\":11,\"phone\":\"8447771582\",\"iat\":1779858966,\"exp\":1780463766}"}
{"timestamp":"2026-05-28T12:23:23.948Z","level":"LOG","message":"Decoded user: {\"id\":11,\"phone\":\"8447771582\",\"iat\":1779858966,\"exp\":1780463766}"}
{"timestamp":"2026-05-28T12:23:24.166Z","level":"LOG","message":"Decoded user: {\"id\":11,\"phone\":\"8447771582\",\"iat\":1779858966,\"exp\":1780463766}"}
{"timestamp":"2026-05-28T12:23:24.166Z","level":"LOG","message":"REQ USER: {\"id\":11,\"phone\":\"8447771582\",\"iat\":1779858966,\"exp\":1780463766}"}
{"timestamp":"2026-05-28T12:23:33.013Z","level":"LOG","message":"Decoded user: {\"id\":11,\"phone\":\"8447771582\",\"iat\":1779858966,\"exp\":1780463766}"}
{"timestamp":"2026-05-28T12:23:33.120Z","level":"LOG","message":"Decoded user: {\"id\":11,\"phone\":\"8447771582\",\"iat\":1779858966,\"exp\":1780463766}"}
{"timestamp":"2026-05-28T12:23:33.195Z","level":"LOG","message":"Decoded user: {\"id\":11,\"phone\":\"8447771582\",\"iat\":1779858966,\"exp\":1780463766}"}
{"timestamp":"2026-05-28T12:23:33.195Z","level":"LOG","message":"REQ USER: {\"id\":11,\"phone\":\"8447771582\",\"iat\":1779858966,\"exp\":1780463766}"}
{"timestamp":"2026-05-28T12:23:52.423Z","level":"LOG","message":"Decoded user: {\"id\":11,\"phone\":\"8447771582\",\"iat\":1779528982,\"exp\":1780133782}"}
{"timestamp":"2026-05-28T12:23:52.423Z","level":"LOG","message":"REQ USER: {\"id\":11,\"phone\":\"8447771582\",\"iat\":1779528982,\"exp\":1780133782}"}
{"timestamp":"2026-05-28T12:23:52.497Z","level":"LOG","message":"Decoded user: {\"id\":11,\"phone\":\"8447771582\",\"iat\":1779528982,\"exp\":1780133782}"}
{"timestamp":"2026-05-28T12:23:52.497Z","level":"LOG","message":"REQ USER: {\"id\":11,\"phone\":\"8447771582\",\"iat\":1779528982,\"exp\":1780133782}"}
{"timestamp":"2026-05-28T12:23:54.107Z","level":"LOG","message":"Decoded user: {\"id\":11,\"phone\":\"8447771582\",\"iat\":1779528982,\"exp\":1780133782}"}
{"timestamp":"2026-05-28T12:23:54.107Z","level":"LOG","message":"REQ USER: {\"id\":11,\"phone\":\"8447771582\",\"iat\":1779528982,\"exp\":1780133782}"}
{"timestamp":"2026-05-28T12:23:54.150Z","level":"LOG","message":"Decoded user: {\"id\":11,\"phone\":\"8447771582\",\"iat\":1779528982,\"exp\":1780133782}"}
{"timestamp":"2026-05-28T12:23:54.150Z","level":"LOG","message":"REQ USER: {\"id\":11,\"phone\":\"8447771582\",\"iat\":1779528982,\"exp\":1780133782}"}
{"timestamp":"2026-05-28T12:24:00.206Z","level":"LOG","message":"Decoded user: {\"id\":11,\"phone\":\"8447771582\",\"iat\":1779528982,\"exp\":1780133782}"}
{"timestamp":"2026-05-28T12:24:00.287Z","level":"LOG","message":"Decoded user: {\"id\":11,\"phone\":\"8447771582\",\"iat\":1779528982,\"exp\":1780133782}"}
{"timestamp":"2026-05-28T12:24:03.151Z","level":"LOG","message":"Decoded user: {\"id\":11,\"phone\":\"8447771582\",\"iat\":1779528982,\"exp\":1780133782}"}
{"timestamp":"2026-05-28T12:24:03.151Z","level":"LOG","message":"REQ USER: {\"id\":11,\"phone\":\"8447771582\",\"iat\":1779528982,\"exp\":1780133782}"}
{"timestamp":"2026-05-28T12:24:03.241Z","level":"LOG","message":"Decoded user: {\"id\":11,\"phone\":\"8447771582\",\"iat\":1779528982,\"exp\":1780133782}"}
{"timestamp":"2026-05-28T12:24:03.241Z","level":"LOG","message":"REQ USER: {\"id\":11,\"phone\":\"8447771582\",\"iat\":1779528982,\"exp\":1780133782}"}
{"timestamp":"2026-05-28T12:24:07.317Z","level":"LOG","message":"Decoded user: {\"id\":11,\"phone\":\"8447771582\",\"iat\":1779528982,\"exp\":1780133782}"}
{"timestamp":"2026-05-28T12:24:07.368Z","level":"LOG","message":"Decoded user: {\"id\":11,\"phone\":\"8447771582\",\"iat\":1779528982,\"exp\":1780133782}"}
{"timestamp":"2026-05-28T12:24:09.639Z","level":"LOG","message":"Decoded user: {\"id\":11,\"phone\":\"8447771582\",\"iat\":1779528982,\"exp\":1780133782}"}
{"timestamp":"2026-05-28T12:24:09.639Z","level":"LOG","message":"REQ USER: {\"id\":11,\"phone\":\"8447771582\",\"iat\":1779528982,\"exp\":1780133782}"}
{"timestamp":"2026-05-28T12:24:09.699Z","level":"LOG","message":"Decoded user: {\"id\":11,\"phone\":\"8447771582\",\"iat\":1779528982,\"exp\":1780133782}"}
{"timestamp":"2026-05-28T12:24:09.699Z","level":"LOG","message":"REQ USER: {\"id\":11,\"phone\":\"8447771582\",\"iat\":1779528982,\"exp\":1780133782}"}
{"timestamp":"2026-05-28T12:24:11.860Z","level":"LOG","message":"Decoded user: {\"id\":11,\"phone\":\"8447771582\",\"iat\":1779528982,\"exp\":1780133782}"}
{"timestamp":"2026-05-28T12:24:11.954Z","level":"LOG","message":"Decoded user: {\"id\":11,\"phone\":\"8447771582\",\"iat\":1779528982,\"exp\":1780133782}"}
{"timestamp":"2026-05-28T12:25:44.434Z","level":"LOG","message":"Decoded user: {\"id\":11,\"phone\":\"8447771582\",\"iat\":1779528982,\"exp\":1780133782}"}
{"timestamp":"2026-05-28T12:25:44.482Z","level":"LOG","message":"Decoded user: {\"id\":11,\"phone\":\"8447771582\",\"iat\":1779528982,\"exp\":1780133782}"}
{"timestamp":"2026-05-28T12:25:44.542Z","level":"LOG","message":"Decoded user: {\"id\":11,\"phone\":\"8447771582\",\"iat\":1779528982,\"exp\":1780133782}"}
{"timestamp":"2026-05-28T12:25:44.589Z","level":"LOG","message":"Decoded user: {\"id\":11,\"phone\":\"8447771582\",\"iat\":1779528982,\"exp\":1780133782}"}
{"timestamp":"2026-05-28T12:26:01.630Z","level":"LOG","message":"orderStatusSms delivered: ORD1779968386499 sent "}
{"timestamp":"2026-05-28T12:26:03.912Z","level":"LOG","message":"Decoded user: {\"id\":11,\"phone\":\"8447771582\",\"iat\":1779528982,\"exp\":1780133782}"}
{"timestamp":"2026-05-28T12:26:04.042Z","level":"LOG","message":"Decoded user: {\"id\":11,\"phone\":\"8447771582\",\"iat\":1779528982,\"exp\":1780133782}"}
{"timestamp":"2026-05-28T12:26:04.135Z","level":"LOG","message":"Decoded user: {\"id\":11,\"phone\":\"8447771582\",\"iat\":1779528982,\"exp\":1780133782}"}
{"timestamp":"2026-05-28T12:26:04.136Z","level":"LOG","message":"REQ USER: {\"id\":11,\"phone\":\"8447771582\",\"iat\":1779528982,\"exp\":1780133782}"}
{"timestamp":"2026-05-28T12:27:19.696Z","level":"LOG","message":"Decoded user: {\"id\":11,\"phone\":\"8447771582\",\"iat\":1779528982,\"exp\":1780133782}"}
{"timestamp":"2026-05-28T12:27:19.783Z","level":"LOG","message":"Decoded user: {\"id\":11,\"phone\":\"8447771582\",\"iat\":1779528982,\"exp\":1780133782}"}
{"timestamp":"2026-05-28T12:27:19.989Z","level":"LOG","message":"Decoded user: {\"id\":11,\"phone\":\"8447771582\",\"iat\":1779528982,\"exp\":1780133782}"}
{"timestamp":"2026-05-28T12:27:19.989Z","level":"LOG","message":"REQ USER: {\"id\":11,\"phone\":\"8447771582\",\"iat\":1779528982,\"exp\":1780133782}"}
{"timestamp":"2026-05-28T12:28:33.447Z","level":"LOG","message":"Decoded user: {\"id\":11,\"phone\":\"8447771582\",\"iat\":1779858966,\"exp\":1780463766}"}
{"timestamp":"2026-05-28T12:28:33.452Z","level":"LOG","message":"Decoded user: {\"id\":11,\"phone\":\"8447771582\",\"iat\":1779858966,\"exp\":1780463766}"}
{"timestamp":"2026-05-28T12:28:33.641Z","level":"LOG","message":"Decoded user: {\"id\":11,\"phone\":\"8447771582\",\"iat\":1779858966,\"exp\":1780463766}"}
{"timestamp":"2026-05-28T12:28:33.641Z","level":"LOG","message":"REQ USER: {\"id\":11,\"phone\":\"8447771582\",\"iat\":1779858966,\"exp\":1780463766}"}
{"timestamp":"2026-05-28T12:29:21.063Z","level":"LOG","message":"Decoded user: {\"id\":11,\"phone\":\"8447771582\",\"iat\":1779858966,\"exp\":1780463766}"}
{"timestamp":"2026-05-28T12:29:21.133Z","level":"LOG","message":"Decoded user: {\"id\":11,\"phone\":\"8447771582\",\"iat\":1779858966,\"exp\":1780463766}"}
{"timestamp":"2026-05-28T12:29:21.252Z","level":"LOG","message":"Decoded user: {\"id\":11,\"phone\":\"8447771582\",\"iat\":1779858966,\"exp\":1780463766}"}
{"timestamp":"2026-05-28T12:29:21.252Z","level":"LOG","message":"REQ USER: {\"id\":11,\"phone\":\"8447771582\",\"iat\":1779858966,\"exp\":1780463766}"}
{"timestamp":"2026-05-28T12:29:53.940Z","level":"LOG","message":"Decoded user: {\"id\":11,\"phone\":\"8447771582\",\"iat\":1779858966,\"exp\":1780463766}"}
{"timestamp":"2026-05-28T12:29:53.985Z","level":"LOG","message":"Decoded user: {\"id\":11,\"phone\":\"8447771582\",\"iat\":1779858966,\"exp\":1780463766}"}
{"timestamp":"2026-05-28T12:29:54.086Z","level":"LOG","message":"Decoded user: {\"id\":11,\"phone\":\"8447771582\",\"iat\":1779858966,\"exp\":1780463766}"}
{"timestamp":"2026-05-28T12:29:54.086Z","level":"LOG","message":"REQ USER: {\"id\":11,\"phone\":\"8447771582\",\"iat\":1779858966,\"exp\":1780463766}"}
{"timestamp":"2026-05-28T12:31:07.107Z","level":"LOG","message":"Decoded user: {\"id\":11,\"phone\":\"8447771582\",\"iat\":1779858966,\"exp\":1780463766}"}
{"timestamp":"2026-05-28T12:31:07.107Z","level":"LOG","message":"REQ USER: {\"id\":11,\"phone\":\"8447771582\",\"iat\":1779858966,\"exp\":1780463766}"}
{"timestamp":"2026-05-28T12:31:07.399Z","level":"LOG","message":"Decoded user: {\"id\":11,\"phone\":\"8447771582\",\"iat\":1779858966,\"exp\":1780463766}"}
{"timestamp":"2026-05-28T12:31:07.399Z","level":"LOG","message":"REQ USER: {\"id\":11,\"phone\":\"8447771582\",\"iat\":1779858966,\"exp\":1780463766}"}
{"timestamp":"2026-05-28T12:31:08.255Z","level":"LOG","message":"Decoded user: {\"id\":11,\"phone\":\"8447771582\",\"iat\":1779858966,\"exp\":1780463766}"}
{"timestamp":"2026-05-28T12:31:08.255Z","level":"LOG","message":"REQ USER: {\"id\":11,\"phone\":\"8447771582\",\"iat\":1779858966,\"exp\":1780463766}"}
{"timestamp":"2026-05-28T12:31:08.689Z","level":"LOG","message":"Decoded user: {\"id\":11,\"phone\":\"8447771582\",\"iat\":1779858966,\"exp\":1780463766}"}
{"timestamp":"2026-05-28T12:31:08.689Z","level":"LOG","message":"REQ USER: {\"id\":11,\"phone\":\"8447771582\",\"iat\":1779858966,\"exp\":1780463766}"}
{"timestamp":"2026-05-28T12:31:10.766Z","level":"LOG","message":"Decoded user: {\"id\":11,\"phone\":\"8447771582\",\"iat\":1779858966,\"exp\":1780463766}"}
{"timestamp":"2026-05-28T12:31:10.766Z","level":"LOG","message":"REQ USER: {\"id\":11,\"phone\":\"8447771582\",\"iat\":1779858966,\"exp\":1780463766}"}
{"timestamp":"2026-05-28T12:31:12.075Z","level":"LOG","message":"Decoded user: {\"id\":11,\"phone\":\"8447771582\",\"iat\":1779858966,\"exp\":1780463766}"}
{"timestamp":"2026-05-28T12:32:04.234Z","level":"LOG","message":"FILES 👉 {\"image\":[{\"fieldname\":\"image\",\"originalname\":\"sb-32-bluetooth-wireless-with-phone-caller-id-receiver-sound-original-imahk7g5whuvhvja.jpeg\",\"encoding\":\"7bit\",\"mimetype\":\"image/jpeg\",\"destination\":\"/home/u823569727/domains/api.shop99.co.in/nodejs/uploads\",\"filename\":\"1779971524217-sb-32-bluetooth-wireless-with-phone-caller-id-receiver-sound-original-imahk7g5whuvhvja.jpeg\",\"path\":\"/home/u823569727/domains/api.shop99.co.in/nodejs/uploads/1779971524217-sb-32-bluetooth-wireless-with-phone-caller-id-receiver-sound-original-imahk7g5whuvhvja.jpeg\",\"size\":595899}]}"}
{"timestamp":"2026-05-28T12:33:51.577Z","level":"LOG","message":"[dotenv@17.3.1] injecting env (21) from .env -- tip: ⚙️  specify custom .env file path with { path: '/custom/path/.env' }"}
{"timestamp":"2026-05-28T12:33:51.851Z","level":"LOG","message":"[dotenv@17.3.1] injecting env (0) from .env -- tip: 🤖 agentic secret storage: https://dotenvx.com/as2"}
{"timestamp":"2026-05-28T12:33:52.197Z","level":"LOG","message":"[dotenv@17.3.1] injecting env (0) from .env -- tip: ⚙️  write to custom object with { processEnv: myObject }"}
{"timestamp":"2026-05-28T12:33:52.492Z","level":"LOG","message":"✅ DB Connected"}
{"timestamp":"2026-05-28T12:33:52.562Z","level":"LOG","message":"✅ Tables Synced"}
{"timestamp":"2026-05-28T12:33:52.572Z","level":"LOG","message":"🚀 Server running on port 9001"}
{"timestamp":"2026-05-28T12:34:56.594Z","level":"LOG","message":"Decoded user: {\"id\":11,\"phone\":\"8447771582\",\"iat\":1779528982,\"exp\":1780133782}"}
{"timestamp":"2026-05-28T12:34:56.687Z","level":"LOG","message":"Decoded user: {\"id\":11,\"phone\":\"8447771582\",\"iat\":1779528982,\"exp\":1780133782}"}
{"timestamp":"2026-05-28T12:34:56.948Z","level":"LOG","message":"Decoded user: {\"id\":11,\"phone\":\"8447771582\",\"iat\":1779528982,\"exp\":1780133782}"}
{"timestamp":"2026-05-28T12:34:56.949Z","level":"LOG","message":"REQ USER: {\"id\":11,\"phone\":\"8447771582\",\"iat\":1779528982,\"exp\":1780133782}"}
{"timestamp":"2026-05-28T12:34:58.386Z","level":"LOG","message":"Decoded user: {\"id\":11,\"phone\":\"8447771582\",\"iat\":1779528982,\"exp\":1780133782}"}
{"timestamp":"2026-05-28T12:34:58.386Z","level":"LOG","message":"REQ USER: {\"id\":11,\"phone\":\"8447771582\",\"iat\":1779528982,\"exp\":1780133782}"}
{"timestamp":"2026-05-28T12:34:58.469Z","level":"LOG","message":"Decoded user: {\"id\":11,\"phone\":\"8447771582\",\"iat\":1779528982,\"exp\":1780133782}"}
{"timestamp":"2026-05-28T12:34:58.469Z","level":"LOG","message":"REQ USER: {\"id\":11,\"phone\":\"8447771582\",\"iat\":1779528982,\"exp\":1780133782}"}
{"timestamp":"2026-05-28T12:35:00.249Z","level":"LOG","message":"Decoded user: {\"id\":11,\"phone\":\"8447771582\",\"iat\":1779528982,\"exp\":1780133782}"}
{"timestamp":"2026-05-28T12:35:00.249Z","level":"LOG","message":"REQ USER: {\"id\":11,\"phone\":\"8447771582\",\"iat\":1779528982,\"exp\":1780133782}"}
{"timestamp":"2026-05-28T12:35:00.305Z","level":"LOG","message":"Decoded user: {\"id\":11,\"phone\":\"8447771582\",\"iat\":1779528982,\"exp\":1780133782}"}
{"timestamp":"2026-05-28T12:35:00.305Z","level":"LOG","message":"REQ USER: {\"id\":11,\"phone\":\"8447771582\",\"iat\":1779528982,\"exp\":1780133782}"}
{"timestamp":"2026-05-28T12:35:03.173Z","level":"LOG","message":"Decoded user: {\"id\":11,\"phone\":\"8447771582\",\"iat\":1779528982,\"exp\":1780133782}"}
{"timestamp":"2026-05-28T12:35:03.173Z","level":"LOG","message":"REQ USER: {\"id\":11,\"phone\":\"8447771582\",\"iat\":1779528982,\"exp\":1780133782}"}
{"timestamp":"2026-05-28T12:35:03.225Z","level":"LOG","message":"Decoded user: {\"id\":11,\"phone\":\"8447771582\",\"iat\":1779528982,\"exp\":1780133782}"}
{"timestamp":"2026-05-28T12:35:03.225Z","level":"LOG","message":"REQ USER: {\"id\":11,\"phone\":\"8447771582\",\"iat\":1779528982,\"exp\":1780133782}"}
{"timestamp":"2026-05-28T12:35:10.733Z","level":"LOG","message":"Decoded user: {\"id\":11,\"phone\":\"8447771582\",\"iat\":1779528982,\"exp\":1780133782}"}
{"timestamp":"2026-05-28T12:35:10.733Z","level":"LOG","message":"REQ USER: {\"id\":11,\"phone\":\"8447771582\",\"iat\":1779528982,\"exp\":1780133782}"}
{"timestamp":"2026-05-28T12:35:10.804Z","level":"LOG","message":"Decoded user: {\"id\":11,\"phone\":\"8447771582\",\"iat\":1779528982,\"exp\":1780133782}"}
{"timestamp":"2026-05-28T12:35:10.805Z","level":"LOG","message":"REQ USER: {\"id\":11,\"phone\":\"8447771582\",\"iat\":1779528982,\"exp\":1780133782}"}
{"timestamp":"2026-05-28T12:35:17.107Z","level":"LOG","message":"Decoded user: {\"id\":11,\"phone\":\"8447771582\",\"iat\":1779528982,\"exp\":1780133782}"}
{"timestamp":"2026-05-28T12:35:17.659Z","level":"LOG","message":"Decoded user: {\"id\":11,\"phone\":\"8447771582\",\"iat\":1779528982,\"exp\":1780133782}"}
{"timestamp":"2026-05-28T12:35:17.860Z","level":"LOG","message":"Decoded user: {\"id\":11,\"phone\":\"8447771582\",\"iat\":1779528982,\"exp\":1780133782}"}
{"timestamp":"2026-05-28T12:35:17.860Z","level":"LOG","message":"REQ USER: {\"id\":11,\"phone\":\"8447771582\",\"iat\":1779528982,\"exp\":1780133782}"}
{"timestamp":"2026-05-28T12:37:55.527Z","level":"LOG","message":"Decoded user: {\"id\":11,\"phone\":\"8447771582\",\"iat\":1779528982,\"exp\":1780133782}"}
{"timestamp":"2026-05-28T12:38:04.579Z","level":"LOG","message":"Decoded user: {\"id\":11,\"phone\":\"8447771582\",\"iat\":1779528982,\"exp\":1780133782}"}
{"timestamp":"2026-05-28T12:38:04.881Z","level":"LOG","message":"Decoded user: {\"id\":11,\"phone\":\"8447771582\",\"iat\":1779528982,\"exp\":1780133782}"}
{"timestamp":"2026-05-28T12:38:04.881Z","level":"LOG","message":"REQ USER: {\"id\":11,\"phone\":\"8447771582\",\"iat\":1779528982,\"exp\":1780133782}"}
{"timestamp":"2026-05-28T12:38:06.849Z","level":"LOG","message":"Decoded user: {\"id\":11,\"phone\":\"8447771582\",\"iat\":1779528982,\"exp\":1780133782}"}
{"timestamp":"2026-05-28T12:38:06.849Z","level":"LOG","message":"REQ USER: {\"id\":11,\"phone\":\"8447771582\",\"iat\":1779528982,\"exp\":1780133782}"}
{"timestamp":"2026-05-28T12:38:06.920Z","level":"LOG","message":"Decoded user: {\"id\":11,\"phone\":\"8447771582\",\"iat\":1779528982,\"exp\":1780133782}"}
{"timestamp":"2026-05-28T12:38:06.920Z","level":"LOG","message":"REQ USER: {\"id\":11,\"phone\":\"8447771582\",\"iat\":1779528982,\"exp\":1780133782}"}
{"timestamp":"2026-05-28T12:38:08.065Z","level":"LOG","message":"Decoded user: {\"id\":11,\"phone\":\"8447771582\",\"iat\":1779528982,\"exp\":1780133782}"}
{"timestamp":"2026-05-28T12:38:08.128Z","level":"LOG","message":"Decoded user: {\"id\":11,\"phone\":\"8447771582\",\"iat\":1779528982,\"exp\":1780133782}"}
{"timestamp":"2026-05-28T12:38:26.466Z","level":"LOG","message":"Decoded user: {\"id\":11,\"phone\":\"8447771582\",\"iat\":1779528982,\"exp\":1780133782}"}
{"timestamp":"2026-05-28T12:40:28.596Z","level":"LOG","message":"FILES 👉 {\"image\":[{\"fieldname\":\"image\",\"originalname\":\"9-andro-d-2gb-32gb-with-ahd-camera-android-rockson-original-imahkpfhp6zcnhgv.jpeg\",\"encoding\":\"7bit\",\"mimetype\":\"image/jpeg\",\"destination\":\"/home/u823569727/domains/api.shop99.co.in/nodejs/uploads\",\"filename\":\"1779972028570-9-andro-d-2gb-32gb-with-ahd-camera-android-rockson-original-imahkpfhp6zcnhgv.jpeg\",\"path\":\"/home/u823569727/domains/api.shop99.co.in/nodejs/uploads/1779972028570-9-andro-d-2gb-32gb-with-ahd-camera-android-rockson-original-imahkpfhp6zcnhgv.jpeg\",\"size\":123695}]}"}
{"timestamp":"2026-05-28T12:43:41.165Z","level":"LOG","message":"Decoded user: {\"id\":11,\"phone\":\"8447771582\",\"iat\":1779858966,\"exp\":1780463766}"}
{"timestamp":"2026-05-28T12:43:41.346Z","level":"LOG","message":"Decoded user: {\"id\":11,\"phone\":\"8447771582\",\"iat\":1779858966,\"exp\":1780463766}"}
{"timestamp":"2026-05-28T12:43:41.346Z","level":"LOG","message":"REQ USER: {\"id\":11,\"phone\":\"8447771582\",\"iat\":1779858966,\"exp\":1780463766}"}
{"timestamp":"2026-05-28T12:43:42.765Z","level":"LOG","message":"Decoded user: {\"id\":11,\"phone\":\"8447771582\",\"iat\":1779858966,\"exp\":1780463766}"}
{"timestamp":"2026-05-28T12:43:42.765Z","level":"LOG","message":"REQ USER: {\"id\":11,\"phone\":\"8447771582\",\"iat\":1779858966,\"exp\":1780463766}"}
{"timestamp":"2026-05-28T12:43:44.945Z","level":"LOG","message":"Decoded user: {\"id\":11,\"phone\":\"8447771582\",\"iat\":1779858966,\"exp\":1780463766}"}
{"timestamp":"2026-05-28T12:43:48.646Z","level":"LOG","message":"Decoded user: {\"id\":11,\"phone\":\"8447771582\",\"iat\":1779858966,\"exp\":1780463766}"}
{"timestamp":"2026-05-28T12:43:48.691Z","level":"LOG","message":"Decoded user: {\"id\":11,\"phone\":\"8447771582\",\"iat\":1779858966,\"exp\":1780463766}"}
{"timestamp":"2026-05-28T12:43:53.640Z","level":"LOG","message":"Decoded user: {\"id\":11,\"phone\":\"8447771582\",\"iat\":1779858966,\"exp\":1780463766}"}
{"timestamp":"2026-05-28T12:43:53.640Z","level":"LOG","message":"REQ USER: {\"id\":11,\"phone\":\"8447771582\",\"iat\":1779858966,\"exp\":1780463766}"}
{"timestamp":"2026-05-28T12:44:06.114Z","level":"LOG","message":"Decoded user: {\"id\":11,\"phone\":\"8447771582\",\"iat\":1779858966,\"exp\":1780463766}"}
{"timestamp":"2026-05-28T12:44:16.259Z","level":"LOG","message":"Decoded user: {\"id\":11,\"phone\":\"8447771582\",\"iat\":1779528982,\"exp\":1780133782}"}
{"timestamp":"2026-05-28T12:44:16.680Z","level":"LOG","message":"Decoded user: {\"id\":11,\"phone\":\"8447771582\",\"iat\":1779528982,\"exp\":1780133782}"}
{"timestamp":"2026-05-28T12:44:16.806Z","level":"LOG","message":"Decoded user: {\"id\":11,\"phone\":\"8447771582\",\"iat\":1779528982,\"exp\":1780133782}"}
{"timestamp":"2026-05-28T12:44:17.102Z","level":"LOG","message":"Decoded user: {\"id\":11,\"phone\":\"8447771582\",\"iat\":1779528982,\"exp\":1780133782}"}
{"timestamp":"2026-05-28T12:44:48.700Z","level":"LOG","message":"Decoded user: {\"id\":11,\"phone\":\"8447771582\",\"iat\":1779858966,\"exp\":1780463766}"}
{"timestamp":"2026-05-28T12:44:48.701Z","level":"LOG","message":"REQ USER: {\"id\":11,\"phone\":\"8447771582\",\"iat\":1779858966,\"exp\":1780463766}"}
{"timestamp":"2026-05-28T12:44:50.216Z","level":"LOG","message":"Decoded user: {\"id\":11,\"phone\":\"8447771582\",\"iat\":1779858966,\"exp\":1780463766}"}
{"timestamp":"2026-05-28T12:44:50.255Z","level":"LOG","message":"Decoded user: {\"id\":11,\"phone\":\"8447771582\",\"iat\":1779858966,\"exp\":1780463766}"}
{"timestamp":"2026-05-28T12:45:13.872Z","level":"LOG","message":"Decoded user: {\"id\":11,\"phone\":\"8447771582\",\"iat\":1779858966,\"exp\":1780463766}"}
{"timestamp":"2026-05-28T12:45:14.304Z","level":"LOG","message":"Decoded user: {\"id\":11,\"phone\":\"8447771582\",\"iat\":1779858966,\"exp\":1780463766}"}
{"timestamp":"2026-05-28T12:45:14.446Z","level":"LOG","message":"Decoded user: {\"id\":11,\"phone\":\"8447771582\",\"iat\":1779858966,\"exp\":1780463766}"}
{"timestamp":"2026-05-28T12:45:14.446Z","level":"LOG","message":"REQ USER: {\"id\":11,\"phone\":\"8447771582\",\"iat\":1779858966,\"exp\":1780463766}"}
{"timestamp":"2026-05-28T12:48:38.405Z","level":"LOG","message":"Decoded user: {\"id\":11,\"phone\":\"8447771582\",\"iat\":1779858966,\"exp\":1780463766}"}
{"timestamp":"2026-05-28T12:48:38.405Z","level":"LOG","message":"REQ USER: {\"id\":11,\"phone\":\"8447771582\",\"iat\":1779858966,\"exp\":1780463766}"}
{"timestamp":"2026-05-28T12:48:42.740Z","level":"LOG","message":"Decoded user: {\"id\":11,\"phone\":\"8447771582\",\"iat\":1779858966,\"exp\":1780463766}"}
{"timestamp":"2026-05-28T12:48:51.658Z","level":"LOG","message":"FILES 👉 {\"image\":[{\"fieldname\":\"image\",\"originalname\":\"venue-9-inch-frame-for-android-sound-boss-original-imahcfnaq9z2aeye.jpeg\",\"encoding\":\"7bit\",\"mimetype\":\"image/jpeg\",\"destination\":\"/home/u823569727/domains/api.shop99.co.in/nodejs/uploads\",\"filename\":\"1779972531644-venue-9-inch-frame-for-android-sound-boss-original-imahcfnaq9z2aeye.jpeg\",\"path\":\"/home/u823569727/domains/api.shop99.co.in/nodejs/uploads/1779972531644-venue-9-inch-frame-for-android-sound-boss-original-imahcfnaq9z2aeye.jpeg\",\"size\":168709}]}"}
{"timestamp":"2026-05-28T12:49:02.081Z","level":"LOG","message":"Decoded user: {\"id\":11,\"phone\":\"8447771582\",\"iat\":1779858966,\"exp\":1780463766}"}
{"timestamp":"2026-05-28T12:49:02.220Z","level":"LOG","message":"Decoded user: {\"id\":11,\"phone\":\"8447771582\",\"iat\":1779858966,\"exp\":1780463766}"}
{"timestamp":"2026-05-28T12:49:02.220Z","level":"LOG","message":"REQ USER: {\"id\":11,\"phone\":\"8447771582\",\"iat\":1779858966,\"exp\":1780463766}"}
{"timestamp":"2026-05-28T12:49:08.964Z","level":"LOG","message":"Decoded user: {\"id\":11,\"phone\":\"8447771582\",\"iat\":1779858966,\"exp\":1780463766}"}
{"timestamp":"2026-05-28T12:49:09.128Z","level":"LOG","message":"Decoded user: {\"id\":11,\"phone\":\"8447771582\",\"iat\":1779858966,\"exp\":1780463766}"}
{"timestamp":"2026-05-28T12:49:09.128Z","level":"LOG","message":"REQ USER: {\"id\":11,\"phone\":\"8447771582\",\"iat\":1779858966,\"exp\":1780463766}"}
{"timestamp":"2026-05-28T12:56:22.340Z","level":"LOG","message":"[dotenv@17.3.1] injecting env (21) from .env -- tip: 🤖 agentic secret storage: https://dotenvx.com/as2"}
{"timestamp":"2026-05-28T12:56:22.619Z","level":"LOG","message":"[dotenv@17.3.1] injecting env (0) from .env -- tip: ⚙️  suppress all logs with { quiet: true }"}
{"timestamp":"2026-05-28T12:56:22.943Z","level":"LOG","message":"[dotenv@17.3.1] injecting env (0) from .env -- tip: ⚙️  specify custom .env file path with { path: '/custom/path/.env' }"}
{"timestamp":"2026-05-28T12:56:23.213Z","level":"LOG","message":"✅ DB Connected"}
{"timestamp":"2026-05-28T12:56:23.303Z","level":"LOG","message":"✅ Tables Synced"}
{"timestamp":"2026-05-28T12:56:23.317Z","level":"LOG","message":"🚀 Server running on port 9001"}
{"timestamp":"2026-05-28T12:56:23.863Z","level":"LOG","message":"[dotenv@17.3.1] injecting env (21) from .env -- tip: ⚙️  write to custom object with { processEnv: myObject }"}
{"timestamp":"2026-05-28T12:56:24.114Z","level":"LOG","message":"[dotenv@17.3.1] injecting env (0) from .env -- tip: 🔐 prevent building .env in docker: https://dotenvx.com/prebuild"}
{"timestamp":"2026-05-28T12:56:24.439Z","level":"LOG","message":"[dotenv@17.3.1] injecting env (0) from .env -- tip: 🔐 prevent committing .env to code: https://dotenvx.com/precommit"}
{"timestamp":"2026-05-28T12:56:24.736Z","level":"LOG","message":"✅ DB Connected"}
{"timestamp":"2026-05-28T12:56:24.820Z","level":"LOG","message":"✅ Tables Synced"}
{"timestamp":"2026-05-28T12:56:24.830Z","level":"LOG","message":"🚀 Server running on port 9001"}
{"timestamp":"2026-05-28T12:56:40.607Z","level":"LOG","message":"Decoded user: {\"id\":11,\"phone\":\"8447771582\",\"iat\":1779858966,\"exp\":1780463766}"}
{"timestamp":"2026-05-28T12:56:40.673Z","level":"LOG","message":"Decoded user: {\"id\":11,\"phone\":\"8447771582\",\"iat\":1779858966,\"exp\":1780463766}"}
{"timestamp":"2026-05-28T12:56:41.120Z","level":"LOG","message":"Decoded user: {\"id\":11,\"phone\":\"8447771582\",\"iat\":1779858966,\"exp\":1780463766}"}
{"timestamp":"2026-05-28T12:56:41.177Z","level":"LOG","message":"Decoded user: {\"id\":11,\"phone\":\"8447771582\",\"iat\":1779858966,\"exp\":1780463766}"}
{"timestamp":"2026-05-28T12:56:41.405Z","level":"LOG","message":"Decoded user: {\"id\":11,\"phone\":\"8447771582\",\"iat\":1779858966,\"exp\":1780463766}"}
{"timestamp":"2026-05-28T12:56:41.406Z","level":"LOG","message":"REQ USER: {\"id\":11,\"phone\":\"8447771582\",\"iat\":1779858966,\"exp\":1780463766}"}
{"timestamp":"2026-05-28T12:56:51.202Z","level":"LOG","message":"Decoded user: {\"id\":11,\"phone\":\"8447771582\",\"iat\":1779858966,\"exp\":1780463766}"}
{"timestamp":"2026-05-28T12:56:51.202Z","level":"LOG","message":"REQ USER: {\"id\":11,\"phone\":\"8447771582\",\"iat\":1779858966,\"exp\":1780463766}"}
{"timestamp":"2026-05-28T12:56:53.909Z","level":"LOG","message":"Decoded user: {\"id\":11,\"phone\":\"8447771582\",\"iat\":1779858966,\"exp\":1780463766}"}
{"timestamp":"2026-05-28T13:04:10.981Z","level":"LOG","message":"Decoded user: {\"id\":11,\"phone\":\"8447771582\",\"iat\":1779858966,\"exp\":1780463766}"}
{"timestamp":"2026-05-28T13:04:11.124Z","level":"LOG","message":"Decoded user: {\"id\":11,\"phone\":\"8447771582\",\"iat\":1779858966,\"exp\":1780463766}"}
{"timestamp":"2026-05-28T13:04:11.124Z","level":"LOG","message":"REQ USER: {\"id\":11,\"phone\":\"8447771582\",\"iat\":1779858966,\"exp\":1780463766}"}
{"timestamp":"2026-05-28T13:04:13.533Z","level":"LOG","message":"Decoded user: {\"id\":11,\"phone\":\"8447771582\",\"iat\":1779858966,\"exp\":1780463766}"}
{"timestamp":"2026-05-28T13:04:27.295Z","level":"LOG","message":"Decoded user: {\"id\":11,\"phone\":\"8447771582\",\"iat\":1779858966,\"exp\":1780463766}"}
{"timestamp":"2026-05-28T13:04:27.295Z","level":"LOG","message":"REQ USER: {\"id\":11,\"phone\":\"8447771582\",\"iat\":1779858966,\"exp\":1780463766}"}
{"timestamp":"2026-05-28T13:04:30.472Z","level":"LOG","message":"Decoded user: {\"id\":11,\"phone\":\"8447771582\",\"iat\":1779858966,\"exp\":1780463766}"}
{"timestamp":"2026-05-28T13:04:30.511Z","level":"LOG","message":"Decoded user: {\"id\":11,\"phone\":\"8447771582\",\"iat\":1779858966,\"exp\":1780463766}"}
{"timestamp":"2026-05-28T13:05:07.851Z","level":"LOG","message":"Decoded user: {\"id\":11,\"phone\":\"8447771582\",\"iat\":1779858966,\"exp\":1780463766}"}
{"timestamp":"2026-05-28T13:05:07.953Z","level":"LOG","message":"Decoded user: {\"id\":11,\"phone\":\"8447771582\",\"iat\":1779858966,\"exp\":1780463766}"}
{"timestamp":"2026-05-28T13:05:08.151Z","level":"LOG","message":"Decoded user: {\"id\":11,\"phone\":\"8447771582\",\"iat\":1779858966,\"exp\":1780463766}"}
{"timestamp":"2026-05-28T13:05:08.151Z","level":"LOG","message":"REQ USER: {\"id\":11,\"phone\":\"8447771582\",\"iat\":1779858966,\"exp\":1780463766}"}
{"timestamp":"2026-05-28T13:05:16.987Z","level":"LOG","message":"orderStatusSms delivered: ORD1779973454879 sent "}
{"timestamp":"2026-05-28T13:05:33.027Z","level":"LOG","message":"Decoded user: {\"id\":11,\"phone\":\"8447771582\",\"iat\":1779858966,\"exp\":1780463766}"}
{"timestamp":"2026-05-28T13:05:33.201Z","level":"LOG","message":"Decoded user: {\"id\":11,\"phone\":\"8447771582\",\"iat\":1779858966,\"exp\":1780463766}"}
{"timestamp":"2026-05-28T13:05:33.254Z","level":"LOG","message":"Decoded user: {\"id\":11,\"phone\":\"8447771582\",\"iat\":1779858966,\"exp\":1780463766}"}
{"timestamp":"2026-05-28T13:05:33.254Z","level":"LOG","message":"REQ USER: {\"id\":11,\"phone\":\"8447771582\",\"iat\":1779858966,\"exp\":1780463766}"}
{"timestamp":"2026-05-28T13:05:36.734Z","level":"LOG","message":"Decoded user: {\"id\":11,\"phone\":\"8447771582\",\"iat\":1779858966,\"exp\":1780463766}"}
{"timestamp":"2026-05-28T13:05:36.734Z","level":"LOG","message":"REQ USER: {\"id\":11,\"phone\":\"8447771582\",\"iat\":1779858966,\"exp\":1780463766}"}
{"timestamp":"2026-05-28T13:05:38.371Z","level":"LOG","message":"Decoded user: {\"id\":11,\"phone\":\"8447771582\",\"iat\":1779858966,\"exp\":1780463766}"}
{"timestamp":"2026-05-28T13:05:47.184Z","level":"LOG","message":"Decoded user: {\"id\":11,\"phone\":\"8447771582\",\"iat\":1779858966,\"exp\":1780463766}"}
{"timestamp":"2026-05-28T13:05:58.180Z","level":"LOG","message":"Decoded user: {\"id\":11,\"phone\":\"8447771582\",\"iat\":1779858966,\"exp\":1780463766}"}
{"timestamp":"2026-05-28T13:05:58.181Z","level":"LOG","message":"REQ USER: {\"id\":11,\"phone\":\"8447771582\",\"iat\":1779858966,\"exp\":1780463766}"}
{"timestamp":"2026-05-28T13:06:00.463Z","level":"LOG","message":"Decoded user: {\"id\":11,\"phone\":\"8447771582\",\"iat\":1779858966,\"exp\":1780463766}"}
{"timestamp":"2026-05-28T13:06:00.504Z","level":"LOG","message":"Decoded user: {\"id\":11,\"phone\":\"8447771582\",\"iat\":1779858966,\"exp\":1780463766}"}
{"timestamp":"2026-05-28T13:06:05.924Z","level":"LOG","message":"Decoded user: {\"id\":11,\"phone\":\"8447771582\",\"iat\":1779858966,\"exp\":1780463766}"}
{"timestamp":"2026-05-28T13:06:06.260Z","level":"LOG","message":"Decoded user: {\"id\":11,\"phone\":\"8447771582\",\"iat\":1779858966,\"exp\":1780463766}"}
{"timestamp":"2026-05-28T13:06:06.297Z","level":"LOG","message":"Decoded user: {\"id\":11,\"phone\":\"8447771582\",\"iat\":1779858966,\"exp\":1780463766}"}
{"timestamp":"2026-05-28T13:06:06.297Z","level":"LOG","message":"REQ USER: {\"id\":11,\"phone\":\"8447771582\",\"iat\":1779858966,\"exp\":1780463766}"}
{"timestamp":"2026-05-28T13:08:17.693Z","level":"LOG","message":"Decoded user: {\"id\":2,\"phone\":\"9935146914\",\"iat\":1779535206,\"exp\":1780140006}"}
{"timestamp":"2026-05-28T13:08:17.693Z","level":"LOG","message":"REQ USER: {\"id\":2,\"phone\":\"9935146914\",\"iat\":1779535206,\"exp\":1780140006}"}
{"timestamp":"2026-05-28T13:08:17.923Z","level":"LOG","message":"Decoded user: {\"id\":2,\"phone\":\"9935146914\",\"iat\":1779535206,\"exp\":1780140006}"}
{"timestamp":"2026-05-28T13:08:17.923Z","level":"LOG","message":"REQ USER: {\"id\":2,\"phone\":\"9935146914\",\"iat\":1779535206,\"exp\":1780140006}"}
{"timestamp":"2026-05-28T13:08:29.718Z","level":"LOG","message":"Decoded user: {\"id\":2,\"phone\":\"9935146914\",\"iat\":1779535206,\"exp\":1780140006}"}
{"timestamp":"2026-05-28T13:08:29.772Z","level":"LOG","message":"Decoded user: {\"id\":2,\"phone\":\"9935146914\",\"iat\":1779535206,\"exp\":1780140006}"}
{"timestamp":"2026-05-28T13:08:38.578Z","level":"LOG","message":"Decoded user: {\"id\":2,\"phone\":\"9935146914\",\"iat\":1779535206,\"exp\":1780140006}"}
{"timestamp":"2026-05-28T13:10:33.815Z","level":"LOG","message":"Decoded user: {\"id\":2,\"phone\":\"9935146914\",\"iat\":1779535206,\"exp\":1780140006}"}
{"timestamp":"2026-05-28T13:10:33.962Z","level":"LOG","message":"Decoded user: {\"id\":2,\"phone\":\"9935146914\",\"iat\":1779535206,\"exp\":1780140006}"}
{"timestamp":"2026-05-28T13:10:34.069Z","level":"LOG","message":"Decoded user: {\"id\":2,\"phone\":\"9935146914\",\"iat\":1779535206,\"exp\":1780140006}"}
{"timestamp":"2026-05-28T13:10:34.069Z","level":"LOG","message":"REQ USER: {\"id\":2,\"phone\":\"9935146914\",\"iat\":1779535206,\"exp\":1780140006}"}
{"timestamp":"2026-05-28T13:11:04.229Z","level":"LOG","message":"orderStatusSms delivered: ORD1779865004734 sent "}
{"timestamp":"2026-05-28T13:11:04.324Z","level":"LOG","message":"Decoded user: {\"id\":2,\"phone\":\"9935146914\",\"iat\":1779535206,\"exp\":1780140006}"}
{"timestamp":"2026-05-28T13:11:04.789Z","level":"LOG","message":"Decoded user: {\"id\":2,\"phone\":\"9935146914\",\"iat\":1779535206,\"exp\":1780140006}"}
{"timestamp":"2026-05-28T13:11:05.038Z","level":"LOG","message":"Decoded user: {\"id\":2,\"phone\":\"9935146914\",\"iat\":1779535206,\"exp\":1780140006}"}
{"timestamp":"2026-05-28T13:11:05.039Z","level":"LOG","message":"REQ USER: {\"id\":2,\"phone\":\"9935146914\",\"iat\":1779535206,\"exp\":1780140006}"}
{"timestamp":"2026-05-28T13:11:28.731Z","level":"LOG","message":"Decoded user: {\"id\":2,\"phone\":\"9935146914\",\"iat\":1779535206,\"exp\":1780140006}"}
{"timestamp":"2026-05-28T13:11:28.822Z","level":"LOG","message":"Decoded user: {\"id\":2,\"phone\":\"9935146914\",\"iat\":1779535206,\"exp\":1780140006}"}
{"timestamp":"2026-05-28T13:11:28.923Z","level":"LOG","message":"Decoded user: {\"id\":2,\"phone\":\"9935146914\",\"iat\":1779535206,\"exp\":1780140006}"}
{"timestamp":"2026-05-28T13:11:28.923Z","level":"LOG","message":"REQ USER: {\"id\":2,\"phone\":\"9935146914\",\"iat\":1779535206,\"exp\":1780140006}"}
{"timestamp":"2026-05-28T13:11:38.482Z","level":"LOG","message":"Decoded user: {\"id\":2,\"phone\":\"9935146914\",\"iat\":1779535206,\"exp\":1780140006}"}
{"timestamp":"2026-05-28T13:12:20.301Z","level":"LOG","message":"Decoded user: {\"id\":2,\"phone\":\"9935146914\",\"iat\":1779535206,\"exp\":1780140006}"}
{"timestamp":"2026-05-28T13:12:20.448Z","level":"LOG","message":"Decoded user: {\"id\":2,\"phone\":\"9935146914\",\"iat\":1779535206,\"exp\":1780140006}"}
{"timestamp":"2026-05-28T13:12:20.561Z","level":"LOG","message":"Decoded user: {\"id\":2,\"phone\":\"9935146914\",\"iat\":1779535206,\"exp\":1780140006}"}
{"timestamp":"2026-05-28T13:12:20.561Z","level":"LOG","message":"REQ USER: {\"id\":2,\"phone\":\"9935146914\",\"iat\":1779535206,\"exp\":1780140006}"}
{"timestamp":"2026-05-28T13:20:48.367Z","level":"LOG","message":"Decoded user: {\"id\":11,\"phone\":\"8447771582\",\"iat\":1779858966,\"exp\":1780463766}"}
{"timestamp":"2026-05-28T13:21:02.761Z","level":"LOG","message":"Decoded user: {\"id\":11,\"phone\":\"8447771582\",\"iat\":1779858966,\"exp\":1780463766}"}
{"timestamp":"2026-05-28T13:21:03.312Z","level":"LOG","message":"Decoded user: {\"id\":11,\"phone\":\"8447771582\",\"iat\":1779858966,\"exp\":1780463766}"}
{"timestamp":"2026-05-28T13:21:03.312Z","level":"LOG","message":"REQ USER: {\"id\":11,\"phone\":\"8447771582\",\"iat\":1779858966,\"exp\":1780463766}"}
{"timestamp":"2026-05-28T13:23:21.662Z","level":"LOG","message":"Decoded user: {\"id\":11,\"phone\":\"8447771582\",\"iat\":1779858966,\"exp\":1780463766}"}
{"timestamp":"2026-05-28T13:23:21.710Z","level":"LOG","message":"Decoded user: {\"id\":11,\"phone\":\"8447771582\",\"iat\":1779858966,\"exp\":1780463766}"}
{"timestamp":"2026-05-28T13:29:23.954Z","level":"LOG","message":"Decoded user: {\"id\":11,\"phone\":\"8447771582\",\"iat\":1779528982,\"exp\":1780133782}"}
{"timestamp":"2026-05-28T13:29:23.954Z","level":"LOG","message":"REQ USER: {\"id\":11,\"phone\":\"8447771582\",\"iat\":1779528982,\"exp\":1780133782}"}
{"timestamp":"2026-05-28T13:29:24.088Z","level":"LOG","message":"Decoded user: {\"id\":11,\"phone\":\"8447771582\",\"iat\":1779528982,\"exp\":1780133782}"}
{"timestamp":"2026-05-28T13:29:24.088Z","level":"LOG","message":"REQ USER: {\"id\":11,\"phone\":\"8447771582\",\"iat\":1779528982,\"exp\":1780133782}"}
{"timestamp":"2026-05-28T13:59:09.493Z","level":"LOG","message":"[dotenv@17.3.1] injecting env (21) from .env -- tip: ⚙️  enable debug logging with { debug: true }"}
{"timestamp":"2026-05-28T13:59:09.804Z","level":"LOG","message":"[dotenv@17.3.1] injecting env (0) from .env -- tip: ⚙️  override existing env vars with { override: true }"}
{"timestamp":"2026-05-28T13:59:10.203Z","level":"LOG","message":"[dotenv@17.3.1] injecting env (0) from .env -- tip: ⚙️  write to custom object with { processEnv: myObject }"}
{"timestamp":"2026-05-28T13:59:10.528Z","level":"LOG","message":"✅ DB Connected"}
{"timestamp":"2026-05-28T13:59:10.597Z","level":"LOG","message":"✅ Tables Synced"}
{"timestamp":"2026-05-28T13:59:10.610Z","level":"LOG","message":"🚀 Server running on port 9001"}
{"timestamp":"2026-05-28T14:51:43.685Z","level":"LOG","message":"[dotenv@17.3.1] injecting env (21) from .env -- tip: ⚙️  specify custom .env file path with { path: '/custom/path/.env' }"}
{"timestamp":"2026-05-28T14:51:43.993Z","level":"LOG","message":"[dotenv@17.3.1] injecting env (0) from .env -- tip: ⚙️  specify custom .env file path with { path: '/custom/path/.env' }"}
{"timestamp":"2026-05-28T14:51:44.386Z","level":"LOG","message":"[dotenv@17.3.1] injecting env (0) from .env -- tip: 🛠️  run anywhere with `dotenvx run -- yourcommand`"}
{"timestamp":"2026-05-28T14:51:44.726Z","level":"LOG","message":"✅ DB Connected"}
{"timestamp":"2026-05-28T14:51:44.824Z","level":"LOG","message":"✅ Tables Synced"}
{"timestamp":"2026-05-28T14:51:44.836Z","level":"LOG","message":"🚀 Server running on port 9001"}
{"timestamp":"2026-05-28T15:02:23.351Z","level":"LOG","message":"[dotenv@17.3.1] injecting env (21) from .env -- tip: ⚙️  suppress all logs with { quiet: true }"}
{"timestamp":"2026-05-28T15:02:23.663Z","level":"LOG","message":"[dotenv@17.3.1] injecting env (0) from .env -- tip: 🤖 agentic secret storage: https://dotenvx.com/as2"}
{"timestamp":"2026-05-28T15:02:24.122Z","level":"LOG","message":"[dotenv@17.3.1] injecting env (0) from .env -- tip: ⚡️ secrets for agents: https://dotenvx.com/as2"}
{"timestamp":"2026-05-28T15:02:24.538Z","level":"LOG","message":"✅ DB Connected"}
{"timestamp":"2026-05-28T15:02:24.640Z","level":"LOG","message":"✅ Tables Synced"}
{"timestamp":"2026-05-28T15:02:24.650Z","level":"LOG","message":"🚀 Server running on port 9001"}
{"timestamp":"2026-05-28T16:04:43.942Z","level":"LOG","message":"[dotenv@17.3.1] injecting env (21) from .env -- tip: ⚙️  write to custom object with { processEnv: myObject }"}
{"timestamp":"2026-05-28T16:04:44.250Z","level":"LOG","message":"[dotenv@17.3.1] injecting env (0) from .env -- tip: 🤖 agentic secret storage: https://dotenvx.com/as2"}
{"timestamp":"2026-05-28T16:04:44.561Z","level":"LOG","message":"[dotenv@17.3.1] injecting env (0) from .env -- tip: ⚙️  suppress all logs with { quiet: true }"}
{"timestamp":"2026-05-28T16:04:44.847Z","level":"LOG","message":"✅ DB Connected"}
{"timestamp":"2026-05-28T16:04:44.925Z","level":"LOG","message":"✅ Tables Synced"}
{"timestamp":"2026-05-28T16:04:44.935Z","level":"LOG","message":"🚀 Server running on port 9001"}
{"timestamp":"2026-05-28T16:43:27.482Z","level":"LOG","message":"[dotenv@17.3.1] injecting env (21) from .env -- tip: 🛠️  run anywhere with `dotenvx run -- yourcommand`"}
{"timestamp":"2026-05-28T16:43:27.944Z","level":"LOG","message":"[dotenv@17.3.1] injecting env (0) from .env -- tip: ⚙️  specify custom .env file path with { path: '/custom/path/.env' }"}
{"timestamp":"2026-05-28T16:43:28.518Z","level":"LOG","message":"[dotenv@17.3.1] injecting env (0) from .env -- tip: ⚙️  enable debug logging with { debug: true }"}
{"timestamp":"2026-05-28T16:43:29.022Z","level":"LOG","message":"✅ DB Connected"}
{"timestamp":"2026-05-28T16:43:29.193Z","level":"LOG","message":"✅ Tables Synced"}
{"timestamp":"2026-05-28T16:43:29.208Z","level":"LOG","message":"🚀 Server running on port 9001"}
{"timestamp":"2026-05-28T17:08:53.772Z","level":"LOG","message":"[dotenv@17.3.1] injecting env (21) from .env -- tip: 🔐 prevent building .env in docker: https://dotenvx.com/prebuild"}
{"timestamp":"2026-05-28T17:08:54.026Z","level":"LOG","message":"[dotenv@17.3.1] injecting env (0) from .env -- tip: ⚙️  write to custom object with { processEnv: myObject }"}
{"timestamp":"2026-05-28T17:08:54.335Z","level":"LOG","message":"[dotenv@17.3.1] injecting env (0) from .env -- tip: 🔐 prevent committing .env to code: https://dotenvx.com/precommit"}
{"timestamp":"2026-05-28T17:08:54.632Z","level":"LOG","message":"✅ DB Connected"}
{"timestamp":"2026-05-28T17:08:54.727Z","level":"LOG","message":"✅ Tables Synced"}
{"timestamp":"2026-05-28T17:08:54.740Z","level":"LOG","message":"🚀 Server running on port 9001"}
{"timestamp":"2026-05-28T18:11:53.504Z","level":"LOG","message":"[dotenv@17.3.1] injecting env (21) from .env -- tip: ⚙️  load multiple .env files with { path: ['.env.local', '.env'] }"}
{"timestamp":"2026-05-28T18:11:53.939Z","level":"LOG","message":"[dotenv@17.3.1] injecting env (0) from .env -- tip: ⚙️  load multiple .env files with { path: ['.env.local', '.env'] }"}
{"timestamp":"2026-05-28T18:11:54.441Z","level":"LOG","message":"[dotenv@17.3.1] injecting env (0) from .env -- tip: 🔐 encrypt with Dotenvx: https://dotenvx.com"}
{"timestamp":"2026-05-28T18:11:54.835Z","level":"LOG","message":"✅ DB Connected"}
{"timestamp":"2026-05-28T18:11:55.497Z","level":"LOG","message":"✅ Tables Synced"}
{"timestamp":"2026-05-28T18:11:55.512Z","level":"LOG","message":"🚀 Server running on port 9001"}
{"timestamp":"2026-05-28T18:31:59.205Z","level":"LOG","message":"[dotenv@17.3.1] injecting env (21) from .env -- tip: 🛡️ auth for agents: https://vestauth.com"}
{"timestamp":"2026-05-28T18:31:59.468Z","level":"LOG","message":"[dotenv@17.3.1] injecting env (0) from .env -- tip: 🔐 encrypt with Dotenvx: https://dotenvx.com"}
{"timestamp":"2026-05-28T18:31:59.846Z","level":"LOG","message":"[dotenv@17.3.1] injecting env (0) from .env -- tip: 🛡️ auth for agents: https://vestauth.com"}
{"timestamp":"2026-05-28T18:32:00.108Z","level":"LOG","message":"✅ DB Connected"}
{"timestamp":"2026-05-28T18:32:00.212Z","level":"LOG","message":"✅ Tables Synced"}
{"timestamp":"2026-05-28T18:32:00.230Z","level":"LOG","message":"🚀 Server running on port 9001"}
{"timestamp":"2026-05-28T19:30:47.406Z","level":"LOG","message":"[dotenv@17.3.1] injecting env (21) from .env -- tip: ⚡️ secrets for agents: https://dotenvx.com/as2"}
{"timestamp":"2026-05-28T19:30:47.675Z","level":"LOG","message":"[dotenv@17.3.1] injecting env (0) from .env -- tip: ⚡️ secrets for agents: https://dotenvx.com/as2"}
{"timestamp":"2026-05-28T19:30:48.042Z","level":"LOG","message":"[dotenv@17.3.1] injecting env (0) from .env -- tip: ⚙️  enable debug logging with { debug: true }"}
{"timestamp":"2026-05-28T19:30:48.357Z","level":"LOG","message":"✅ DB Connected"}
{"timestamp":"2026-05-28T19:30:48.428Z","level":"LOG","message":"✅ Tables Synced"}
{"timestamp":"2026-05-28T19:30:48.437Z","level":"LOG","message":"🚀 Server running on port 9001"}
{"timestamp":"2026-05-28T21:59:58.673Z","level":"LOG","message":"[dotenv@17.3.1] injecting env (21) from .env -- tip: 🔐 prevent building .env in docker: https://dotenvx.com/prebuild"}
{"timestamp":"2026-05-28T21:59:58.923Z","level":"LOG","message":"[dotenv@17.3.1] injecting env (0) from .env -- tip: ⚙️  override existing env vars with { override: true }"}
{"timestamp":"2026-05-28T21:59:59.266Z","level":"LOG","message":"[dotenv@17.3.1] injecting env (0) from .env -- tip: ⚙️  suppress all logs with { quiet: true }"}
{"timestamp":"2026-05-28T21:59:59.534Z","level":"LOG","message":"✅ DB Connected"}
{"timestamp":"2026-05-28T21:59:59.600Z","level":"LOG","message":"✅ Tables Synced"}
{"timestamp":"2026-05-28T21:59:59.612Z","level":"LOG","message":"🚀 Server running on port 9001"}
{"timestamp":"2026-05-28T23:58:39.365Z","level":"LOG","message":"[dotenv@17.3.1] injecting env (21) from .env -- tip: 🔐 prevent committing .env to code: https://dotenvx.com/precommit"}
{"timestamp":"2026-05-28T23:58:39.708Z","level":"LOG","message":"[dotenv@17.3.1] injecting env (0) from .env -- tip: 🛡️ auth for agents: https://vestauth.com"}
{"timestamp":"2026-05-28T23:58:40.105Z","level":"LOG","message":"[dotenv@17.3.1] injecting env (0) from .env -- tip: ⚙️  specify custom .env file path with { path: '/custom/path/.env' }"}
{"timestamp":"2026-05-28T23:58:40.394Z","level":"LOG","message":"✅ DB Connected"}
{"timestamp":"2026-05-28T23:58:40.479Z","level":"LOG","message":"✅ Tables Synced"}
{"timestamp":"2026-05-28T23:58:40.488Z","level":"LOG","message":"🚀 Server running on port 9001"}
{"timestamp":"2026-05-29T01:11:50.526Z","level":"LOG","message":"[dotenv@17.3.1] injecting env (21) from .env -- tip: 🛠️  run anywhere with `dotenvx run -- yourcommand`"}
{"timestamp":"2026-05-29T01:11:50.864Z","level":"LOG","message":"[dotenv@17.3.1] injecting env (0) from .env -- tip: ⚙️  override existing env vars with { override: true }"}
{"timestamp":"2026-05-29T01:11:51.333Z","level":"LOG","message":"[dotenv@17.3.1] injecting env (0) from .env -- tip: ⚙️  suppress all logs with { quiet: true }"}
{"timestamp":"2026-05-29T01:11:51.658Z","level":"LOG","message":"✅ DB Connected"}
{"timestamp":"2026-05-29T01:11:51.745Z","level":"LOG","message":"✅ Tables Synced"}
{"timestamp":"2026-05-29T01:11:51.760Z","level":"LOG","message":"🚀 Server running on port 9001"}
{"timestamp":"2026-05-29T03:41:50.174Z","level":"LOG","message":"[dotenv@17.3.1] injecting env (21) from .env -- tip: ⚙️  suppress all logs with { quiet: true }"}
{"timestamp":"2026-05-29T03:41:50.493Z","level":"LOG","message":"[dotenv@17.3.1] injecting env (0) from .env -- tip: ⚙️  override existing env vars with { override: true }"}
{"timestamp":"2026-05-29T03:41:50.865Z","level":"LOG","message":"[dotenv@17.3.1] injecting env (0) from .env -- tip: ⚙️  enable debug logging with { debug: true }"}
{"timestamp":"2026-05-29T03:41:51.142Z","level":"LOG","message":"✅ DB Connected"}
{"timestamp":"2026-05-29T03:41:51.227Z","level":"LOG","message":"✅ Tables Synced"}
{"timestamp":"2026-05-29T03:41:51.236Z","level":"LOG","message":"🚀 Server running on port 9001"}
{"timestamp":"2026-05-29T04:54:46.625Z","level":"LOG","message":"[dotenv@17.3.1] injecting env (21) from .env -- tip: ⚙️  write to custom object with { processEnv: myObject }"}
{"timestamp":"2026-05-29T04:54:46.937Z","level":"LOG","message":"[dotenv@17.3.1] injecting env (0) from .env -- tip: ⚡️ secrets for agents: https://dotenvx.com/as2"}
{"timestamp":"2026-05-29T04:54:47.444Z","level":"LOG","message":"[dotenv@17.3.1] injecting env (0) from .env -- tip: 🔐 encrypt with Dotenvx: https://dotenvx.com"}
{"timestamp":"2026-05-29T04:54:47.810Z","level":"LOG","message":"✅ DB Connected"}
{"timestamp":"2026-05-29T04:54:47.898Z","level":"LOG","message":"✅ Tables Synced"}
{"timestamp":"2026-05-29T04:54:47.910Z","level":"LOG","message":"🚀 Server running on port 9001"}
{"timestamp":"2026-05-29T04:54:48.524Z","level":"LOG","message":"Decoded user: {\"id\":12,\"phone\":\"8950299308\",\"iat\":1779789678,\"exp\":1780394478}"}
{"timestamp":"2026-05-29T04:54:48.524Z","level":"LOG","message":"REQ USER: {\"id\":12,\"phone\":\"8950299308\",\"iat\":1779789678,\"exp\":1780394478}"}
{"timestamp":"2026-05-29T04:54:48.892Z","level":"LOG","message":"Decoded user: {\"id\":12,\"phone\":\"8950299308\",\"iat\":1779789678,\"exp\":1780394478}"}
{"timestamp":"2026-05-29T04:54:48.893Z","level":"LOG","message":"REQ USER: {\"id\":12,\"phone\":\"8950299308\",\"iat\":1779789678,\"exp\":1780394478}"}
{"timestamp":"2026-05-29T04:55:27.834Z","level":"LOG","message":"Decoded user: {\"id\":12,\"phone\":\"8950299308\",\"iat\":1779789678,\"exp\":1780394478}"}
{"timestamp":"2026-05-29T04:55:27.834Z","level":"LOG","message":"REQ USER: {\"id\":12,\"phone\":\"8950299308\",\"iat\":1779789678,\"exp\":1780394478}"}
{"timestamp":"2026-05-29T04:55:28.189Z","level":"LOG","message":"Decoded user: {\"id\":12,\"phone\":\"8950299308\",\"iat\":1779789678,\"exp\":1780394478}"}
{"timestamp":"2026-05-29T04:55:28.189Z","level":"LOG","message":"REQ USER: {\"id\":12,\"phone\":\"8950299308\",\"iat\":1779789678,\"exp\":1780394478}"}
{"timestamp":"2026-05-29T05:12:32.781Z","level":"LOG","message":"Decoded user: {\"id\":11,\"phone\":\"8447771582\",\"iat\":1779528982,\"exp\":1780133782}"}
{"timestamp":"2026-05-29T05:12:32.782Z","level":"LOG","message":"REQ USER: {\"id\":11,\"phone\":\"8447771582\",\"iat\":1779528982,\"exp\":1780133782}"}
{"timestamp":"2026-05-29T05:12:32.853Z","level":"LOG","message":"Decoded user: {\"id\":11,\"phone\":\"8447771582\",\"iat\":1779528982,\"exp\":1780133782}"}
{"timestamp":"2026-05-29T05:12:32.853Z","level":"LOG","message":"REQ USER: {\"id\":11,\"phone\":\"8447771582\",\"iat\":1779528982,\"exp\":1780133782}"}
{"timestamp":"2026-05-29T05:13:38.333Z","level":"LOG","message":"Decoded user: {\"id\":11,\"phone\":\"8447771582\",\"iat\":1779528982,\"exp\":1780133782}"}
{"timestamp":"2026-05-29T05:13:38.333Z","level":"LOG","message":"REQ USER: {\"id\":11,\"phone\":\"8447771582\",\"iat\":1779528982,\"exp\":1780133782}"}
{"timestamp":"2026-05-29T05:13:38.589Z","level":"LOG","message":"Decoded user: {\"id\":11,\"phone\":\"8447771582\",\"iat\":1779528982,\"exp\":1780133782}"}
{"timestamp":"2026-05-29T05:13:38.589Z","level":"LOG","message":"REQ USER: {\"id\":11,\"phone\":\"8447771582\",\"iat\":1779528982,\"exp\":1780133782}"}
{"timestamp":"2026-05-29T05:21:58.250Z","level":"LOG","message":"FILES 👉 {\"image\":[{\"fieldname\":\"image\",\"originalname\":\"sf-0013-red-bluetooth-usb-sd-aux-fm-mp3-sound-fire-original-imahk8hgsvpzewzg.jpeg\",\"encoding\":\"7bit\",\"mimetype\":\"image/jpeg\",\"destination\":\"/home/u823569727/domains/api.shop99.co.in/nodejs/uploads\",\"filename\":\"1780032118227-sf-0013-red-bluetooth-usb-sd-aux-fm-mp3-sound-fire-original-imahk8hgsvpzewzg.jpeg\",\"path\":\"/home/u823569727/domains/api.shop99.co.in/nodejs/uploads/1780032118227-sf-0013-red-bluetooth-usb-sd-aux-fm-mp3-sound-fire-original-imahk8hgsvpzewzg.jpeg\",\"size\":121403}]}"}
{"timestamp":"2026-05-29T05:42:10.997Z","level":"LOG","message":"orderStatusSms delivered: ORD1779973548827 sent "}
{"timestamp":"2026-05-29T05:42:14.871Z","level":"LOG","message":"Decoded user: {\"id\":11,\"phone\":\"8447771582\",\"iat\":1779528982,\"exp\":1780133782}"}
{"timestamp":"2026-05-29T05:42:14.871Z","level":"LOG","message":"REQ USER: {\"id\":11,\"phone\":\"8447771582\",\"iat\":1779528982,\"exp\":1780133782}"}
{"timestamp":"2026-05-29T05:42:14.967Z","level":"LOG","message":"Decoded user: {\"id\":11,\"phone\":\"8447771582\",\"iat\":1779528982,\"exp\":1780133782}"}
{"timestamp":"2026-05-29T05:42:14.967Z","level":"LOG","message":"REQ USER: {\"id\":11,\"phone\":\"8447771582\",\"iat\":1779528982,\"exp\":1780133782}"}
{"timestamp":"2026-05-29T05:42:16.569Z","level":"LOG","message":"Decoded user: {\"id\":11,\"phone\":\"8447771582\",\"iat\":1779528982,\"exp\":1780133782}"}
{"timestamp":"2026-05-29T05:42:16.704Z","level":"LOG","message":"Decoded user: {\"id\":11,\"phone\":\"8447771582\",\"iat\":1779528982,\"exp\":1780133782}"}
{"timestamp":"2026-05-29T05:42:16.938Z","level":"LOG","message":"Decoded user: {\"id\":11,\"phone\":\"8447771582\",\"iat\":1779528982,\"exp\":1780133782}"}
{"timestamp":"2026-05-29T05:42:17.127Z","level":"LOG","message":"Decoded user: {\"id\":11,\"phone\":\"8447771582\",\"iat\":1779528982,\"exp\":1780133782}"}
{"timestamp":"2026-05-29T05:42:34.061Z","level":"LOG","message":"Decoded user: {\"id\":11,\"phone\":\"8447771582\",\"iat\":1779528982,\"exp\":1780133782}"}
{"timestamp":"2026-05-29T05:43:01.679Z","level":"LOG","message":"Decoded user: {\"id\":11,\"phone\":\"8447771582\",\"iat\":1779528982,\"exp\":1780133782}"}
{"timestamp":"2026-05-29T05:43:01.731Z","level":"LOG","message":"Decoded user: {\"id\":11,\"phone\":\"8447771582\",\"iat\":1779528982,\"exp\":1780133782}"}
{"timestamp":"2026-05-29T05:43:01.845Z","level":"LOG","message":"Decoded user: {\"id\":11,\"phone\":\"8447771582\",\"iat\":1779528982,\"exp\":1780133782}"}
{"timestamp":"2026-05-29T05:43:01.845Z","level":"LOG","message":"REQ USER: {\"id\":11,\"phone\":\"8447771582\",\"iat\":1779528982,\"exp\":1780133782}"}
{"timestamp":"2026-05-29T05:44:45.580Z","level":"LOG","message":"Decoded user: {\"id\":11,\"phone\":\"8447771582\",\"iat\":1779528982,\"exp\":1780133782}"}
{"timestamp":"2026-05-29T05:44:45.644Z","level":"LOG","message":"Decoded user: {\"id\":11,\"phone\":\"8447771582\",\"iat\":1779528982,\"exp\":1780133782}"}
{"timestamp":"2026-05-29T05:44:45.863Z","level":"LOG","message":"Decoded user: {\"id\":11,\"phone\":\"8447771582\",\"iat\":1779528982,\"exp\":1780133782}"}
{"timestamp":"2026-05-29T05:44:45.863Z","level":"LOG","message":"REQ USER: {\"id\":11,\"phone\":\"8447771582\",\"iat\":1779528982,\"exp\":1780133782}"}
{"timestamp":"2026-05-29T05:44:56.675Z","level":"LOG","message":"orderStatusSms delivered: ORD1779973548827 sent "}
{"timestamp":"2026-05-29T05:45:03.558Z","level":"LOG","message":"Decoded user: {\"id\":11,\"phone\":\"8447771582\",\"iat\":1779528982,\"exp\":1780133782}"}
{"timestamp":"2026-05-29T05:45:03.693Z","level":"LOG","message":"Decoded user: {\"id\":11,\"phone\":\"8447771582\",\"iat\":1779528982,\"exp\":1780133782}"}
{"timestamp":"2026-05-29T05:45:03.760Z","level":"LOG","message":"Decoded user: {\"id\":11,\"phone\":\"8447771582\",\"iat\":1779528982,\"exp\":1780133782}"}
{"timestamp":"2026-05-29T05:45:03.760Z","level":"LOG","message":"REQ USER: {\"id\":11,\"phone\":\"8447771582\",\"iat\":1779528982,\"exp\":1780133782}"}
{"timestamp":"2026-05-29T05:45:15.698Z","level":"LOG","message":"Decoded user: {\"id\":11,\"phone\":\"8447771582\",\"iat\":1779528982,\"exp\":1780133782}"}
{"timestamp":"2026-05-29T05:45:27.800Z","level":"LOG","message":"Decoded user: {\"id\":11,\"phone\":\"8447771582\",\"iat\":1779528982,\"exp\":1780133782}"}
{"timestamp":"2026-05-29T05:45:27.918Z","level":"LOG","message":"Decoded user: {\"id\":11,\"phone\":\"8447771582\",\"iat\":1779528982,\"exp\":1780133782}"}
{"timestamp":"2026-05-29T05:45:28.104Z","level":"LOG","message":"Decoded user: {\"id\":11,\"phone\":\"8447771582\",\"iat\":1779528982,\"exp\":1780133782}"}
{"timestamp":"2026-05-29T05:45:28.104Z","level":"LOG","message":"REQ USER: {\"id\":11,\"phone\":\"8447771582\",\"iat\":1779528982,\"exp\":1780133782}"}
{"timestamp":"2026-05-29T05:45:54.273Z","level":"LOG","message":"orderStatusSms delivered: ORD1779973454879 sent "}
{"timestamp":"2026-05-29T05:45:54.430Z","level":"LOG","message":"orderStatusSms delivered: ORD1779973454879 sent "}
{"timestamp":"2026-05-29T05:45:55.769Z","level":"LOG","message":"Decoded user: {\"id\":11,\"phone\":\"8447771582\",\"iat\":1779528982,\"exp\":1780133782}"}
{"timestamp":"2026-05-29T05:45:55.826Z","level":"LOG","message":"Decoded user: {\"id\":11,\"phone\":\"8447771582\",\"iat\":1779528982,\"exp\":1780133782}"}
{"timestamp":"2026-05-29T05:45:55.993Z","level":"LOG","message":"Decoded user: {\"id\":11,\"phone\":\"8447771582\",\"iat\":1779528982,\"exp\":1780133782}"}
{"timestamp":"2026-05-29T05:45:55.993Z","level":"LOG","message":"REQ USER: {\"id\":11,\"phone\":\"8447771582\",\"iat\":1779528982,\"exp\":1780133782}"}
{"timestamp":"2026-05-29T05:46:28.591Z","level":"LOG","message":"Decoded user: {\"id\":11,\"phone\":\"8447771582\",\"iat\":1779528982,\"exp\":1780133782}"}
{"timestamp":"2026-05-29T05:46:28.649Z","level":"LOG","message":"Decoded user: {\"id\":11,\"phone\":\"8447771582\",\"iat\":1779528982,\"exp\":1780133782}"}
{"timestamp":"2026-05-29T05:46:28.719Z","level":"LOG","message":"Decoded user: {\"id\":11,\"phone\":\"8447771582\",\"iat\":1779528982,\"exp\":1780133782}"}
{"timestamp":"2026-05-29T05:46:28.719Z","level":"LOG","message":"REQ USER: {\"id\":11,\"phone\":\"8447771582\",\"iat\":1779528982,\"exp\":1780133782}"}
{"timestamp":"2026-05-29T05:47:23.582Z","level":"LOG","message":"FILES 👉 {\"image\":[{\"fieldname\":\"image\",\"originalname\":\"tiago-9-inch-frame-for-android-sound-boss-original-imahk6c9t7757gq8.jpeg\",\"encoding\":\"7bit\",\"mimetype\":\"image/jpeg\",\"destination\":\"/home/u823569727/domains/api.shop99.co.in/nodejs/uploads\",\"filename\":\"1780033643558-tiago-9-inch-frame-for-android-sound-boss-original-imahk6c9t7757gq8.jpeg\",\"path\":\"/home/u823569727/domains/api.shop99.co.in/nodejs/uploads/1780033643558-tiago-9-inch-frame-for-android-sound-boss-original-imahk6c9t7757gq8.jpeg\",\"size\":170032}]}"}
{"timestamp":"2026-05-29T05:55:08.514Z","level":"LOG","message":"[dotenv@17.3.1] injecting env (21) from .env -- tip: ⚙️  write to custom object with { processEnv: myObject }"}
{"timestamp":"2026-05-29T05:55:08.912Z","level":"LOG","message":"[dotenv@17.3.1] injecting env (0) from .env -- tip: ⚙️  write to custom object with { processEnv: myObject }"}
{"timestamp":"2026-05-29T05:55:09.414Z","level":"LOG","message":"[dotenv@17.3.1] injecting env (0) from .env -- tip: ⚙️  enable debug logging with { debug: true }"}
{"timestamp":"2026-05-29T05:55:09.791Z","level":"LOG","message":"✅ DB Connected"}
{"timestamp":"2026-05-29T05:55:09.900Z","level":"LOG","message":"✅ Tables Synced"}
{"timestamp":"2026-05-29T05:55:09.913Z","level":"LOG","message":"🚀 Server running on port 9001"}
{"timestamp":"2026-05-29T06:00:58.085Z","level":"LOG","message":"Decoded user: {\"id\":11,\"phone\":\"8447771582\",\"iat\":1779528982,\"exp\":1780133782}"}
{"timestamp":"2026-05-29T06:00:58.264Z","level":"LOG","message":"Decoded user: {\"id\":11,\"phone\":\"8447771582\",\"iat\":1779528982,\"exp\":1780133782}"}
{"timestamp":"2026-05-29T06:00:58.328Z","level":"LOG","message":"Decoded user: {\"id\":11,\"phone\":\"8447771582\",\"iat\":1779528982,\"exp\":1780133782}"}
{"timestamp":"2026-05-29T06:00:58.328Z","level":"LOG","message":"REQ USER: {\"id\":11,\"phone\":\"8447771582\",\"iat\":1779528982,\"exp\":1780133782}"}
{"timestamp":"2026-05-29T06:12:44.379Z","level":"LOG","message":"FILES 👉 {\"image\":[{\"fieldname\":\"image\",\"originalname\":\"wagon-r-2010-18-9-inch-frame-for-android-sound-boss-original-imahk6dbwyqfxtwg (1).jpeg\",\"encoding\":\"7bit\",\"mimetype\":\"image/jpeg\",\"destination\":\"/home/u823569727/domains/api.shop99.co.in/nodejs/uploads\",\"filename\":\"1780035164354-wagon-r-2010-18-9-inch-frame-for-android-sound-boss-original-imahk6dbwyqfxtwg (1).jpeg\",\"path\":\"/home/u823569727/domains/api.shop99.co.in/nodejs/uploads/1780035164354-wagon-r-2010-18-9-inch-frame-for-android-sound-boss-original-imahk6dbwyqfxtwg (1).jpeg\",\"size\":174622}]}"}
{"timestamp":"2026-05-29T06:20:09.587Z","level":"LOG","message":"FILES 👉 {\"image\":[{\"fieldname\":\"image\",\"originalname\":\"9-andro-d-2gb-32gb-android-rockson-original-imahkpfffg2kzwzs.jpeg\",\"encoding\":\"7bit\",\"mimetype\":\"image/jpeg\",\"destination\":\"/home/u823569727/domains/api.shop99.co.in/nodejs/uploads\",\"filename\":\"1780035609559-9-andro-d-2gb-32gb-android-rockson-original-imahkpfffg2kzwzs.jpeg\",\"path\":\"/home/u823569727/domains/api.shop99.co.in/nodejs/uploads/1780035609559-9-andro-d-2gb-32gb-android-rockson-original-imahkpfffg2kzwzs.jpeg\",\"size\":118420}]}"}
{"timestamp":"2026-05-29T06:35:21.831Z","level":"LOG","message":"FILES 👉 {\"image\":[{\"fieldname\":\"image\",\"originalname\":\"sd-usb-bluetooth-aux-fm-mp3-sound-boss-original-imahk74uhaefs9yd.jpeg\",\"encoding\":\"7bit\",\"mimetype\":\"image/jpeg\",\"destination\":\"/home/u823569727/domains/api.shop99.co.in/nodejs/uploads\",\"filename\":\"1780036521816-sd-usb-bluetooth-aux-fm-mp3-sound-boss-original-imahk74uhaefs9yd.jpeg\",\"path\":\"/home/u823569727/domains/api.shop99.co.in/nodejs/uploads/1780036521816-sd-usb-bluetooth-aux-fm-mp3-sound-boss-original-imahk74uhaefs9yd.jpeg\",\"size\":168464}]}"}
{"timestamp":"2026-05-29T06:48:30.752Z","level":"LOG","message":"Decoded user: {\"id\":11,\"phone\":\"8447771582\",\"iat\":1779528982,\"exp\":1780133782}"}
{"timestamp":"2026-05-29T06:48:30.920Z","level":"LOG","message":"Decoded user: {\"id\":11,\"phone\":\"8447771582\",\"iat\":1779528982,\"exp\":1780133782}"}
{"timestamp":"2026-05-29T06:48:31.085Z","level":"LOG","message":"Decoded user: {\"id\":11,\"phone\":\"8447771582\",\"iat\":1779528982,\"exp\":1780133782}"}
{"timestamp":"2026-05-29T06:48:31.085Z","level":"LOG","message":"REQ USER: {\"id\":11,\"phone\":\"8447771582\",\"iat\":1779528982,\"exp\":1780133782}"}
{"timestamp":"2026-05-29T06:57:46.707Z","level":"LOG","message":"[dotenv@17.3.1] injecting env (21) from .env -- tip: 🛠️  run anywhere with `dotenvx run -- yourcommand`"}
{"timestamp":"2026-05-29T06:57:47.144Z","level":"LOG","message":"[dotenv@17.3.1] injecting env (0) from .env -- tip: ⚙️  enable debug logging with { debug: true }"}
{"timestamp":"2026-05-29T06:57:47.555Z","level":"LOG","message":"[dotenv@17.3.1] injecting env (0) from .env -- tip: ⚙️  write to custom object with { processEnv: myObject }"}
{"timestamp":"2026-05-29T06:57:47.854Z","level":"LOG","message":"✅ DB Connected"}
{"timestamp":"2026-05-29T06:57:47.933Z","level":"LOG","message":"✅ Tables Synced"}
{"timestamp":"2026-05-29T06:57:47.943Z","level":"LOG","message":"🚀 Server running on port 9001"}
{"timestamp":"2026-05-29T07:06:38.956Z","level":"LOG","message":"FILES 👉 {\"image\":[{\"fieldname\":\"image\",\"originalname\":\"bluetooth-usb-sd-aux-fm-mp3-sound-fire-original-imagd8yp7hbj3nhg.jpeg\",\"encoding\":\"7bit\",\"mimetype\":\"image/jpeg\",\"destination\":\"/home/u823569727/domains/api.shop99.co.in/nodejs/uploads\",\"filename\":\"1780038398913-bluetooth-usb-sd-aux-fm-mp3-sound-fire-original-imagd8yp7hbj3nhg.jpeg\",\"path\":\"/home/u823569727/domains/api.shop99.co.in/nodejs/uploads/1780038398913-bluetooth-usb-sd-aux-fm-mp3-sound-fire-original-imagd8yp7hbj3nhg.jpeg\",\"size\":131461}]}"}
{"timestamp":"2026-05-29T07:11:40.026Z","level":"LOG","message":"[dotenv@17.3.1] injecting env (21) from .env -- tip: 🤖 agentic secret storage: https://dotenvx.com/as2"}
{"timestamp":"2026-05-29T07:11:40.395Z","level":"LOG","message":"[dotenv@17.3.1] injecting env (0) from .env -- tip: ⚙️  specify custom .env file path with { path: '/custom/path/.env' }"}
{"timestamp":"2026-05-29T07:11:41.011Z","level":"LOG","message":"[dotenv@17.3.1] injecting env (0) from .env -- tip: ⚙️  enable debug logging with { debug: true }"}
{"timestamp":"2026-05-29T07:11:41.400Z","level":"LOG","message":"✅ DB Connected"}
{"timestamp":"2026-05-29T07:11:41.505Z","level":"LOG","message":"✅ Tables Synced"}
{"timestamp":"2026-05-29T07:11:41.518Z","level":"LOG","message":"🚀 Server running on port 9001"}
{"timestamp":"2026-05-29T07:11:41.610Z","level":"LOG","message":"Decoded user: {\"id\":11,\"phone\":\"8447771582\",\"iat\":1779528982,\"exp\":1780133782}"}
{"timestamp":"2026-05-29T07:11:41.730Z","level":"LOG","message":"Decoded user: {\"id\":11,\"phone\":\"8447771582\",\"iat\":1779528982,\"exp\":1780133782}"}
{"timestamp":"2026-05-29T07:11:41.746Z","level":"LOG","message":"Decoded user: {\"id\":11,\"phone\":\"8447771582\",\"iat\":1779528982,\"exp\":1780133782}"}
{"timestamp":"2026-05-29T07:11:41.746Z","level":"LOG","message":"REQ USER: {\"id\":11,\"phone\":\"8447771582\",\"iat\":1779528982,\"exp\":1780133782}"}
{"timestamp":"2026-05-29T07:11:42.224Z","level":"LOG","message":"[dotenv@17.3.1] injecting env (21) from .env -- tip: 🤖 agentic secret storage: https://dotenvx.com/as2"}
{"timestamp":"2026-05-29T07:11:42.523Z","level":"LOG","message":"[dotenv@17.3.1] injecting env (0) from .env -- tip: 🛠️  run anywhere with `dotenvx run -- yourcommand`"}
{"timestamp":"2026-05-29T07:11:42.915Z","level":"LOG","message":"[dotenv@17.3.1] injecting env (0) from .env -- tip: ⚙️  load multiple .env files with { path: ['.env.local', '.env'] }"}
{"timestamp":"2026-05-29T07:11:43.243Z","level":"LOG","message":"✅ DB Connected"}
{"timestamp":"2026-05-29T07:11:43.353Z","level":"LOG","message":"✅ Tables Synced"}
{"timestamp":"2026-05-29T07:11:43.367Z","level":"LOG","message":"🚀 Server running on port 9001"}
{"timestamp":"2026-05-29T07:28:20.023Z","level":"LOG","message":"FILES 👉 {\"image\":[{\"fieldname\":\"image\",\"originalname\":\"androidify-3rd-generation-10-33-inch-android-2gb-32gb-car-play-original-imahk648zakchxzs.jpeg\",\"encoding\":\"7bit\",\"mimetype\":\"image/jpeg\",\"destination\":\"/home/u823569727/domains/api.shop99.co.in/nodejs/uploads\",\"filename\":\"1780039699986-androidify-3rd-generation-10-33-inch-android-2gb-32gb-car-play-original-imahk648zakchxzs.jpeg\",\"path\":\"/home/u823569727/domains/api.shop99.co.in/nodejs/uploads/1780039699986-androidify-3rd-generation-10-33-inch-android-2gb-32gb-car-play-original-imahk648zakchxzs.jpeg\",\"size\":178027}]}"}
{"timestamp":"2026-05-29T07:37:06.360Z","level":"LOG","message":"FILES 👉 {\"image\":[{\"fieldname\":\"image\",\"originalname\":\"city-2014-19-9-inch-abs-frame-for-android-rockson-original-imagz353kfzyrzhg.jpeg\",\"encoding\":\"7bit\",\"mimetype\":\"image/jpeg\",\"destination\":\"/home/u823569727/domains/api.shop99.co.in/nodejs/uploads\",\"filename\":\"1780040226350-city-2014-19-9-inch-abs-frame-for-android-rockson-original-imagz353kfzyrzhg.jpeg\",\"path\":\"/home/u823569727/domains/api.shop99.co.in/nodejs/uploads/1780040226350-city-2014-19-9-inch-abs-frame-for-android-rockson-original-imagz353kfzyrzhg.jpeg\",\"size\":141638}]}"}
{"timestamp":"2026-05-29T07:58:57.310Z","level":"LOG","message":"FILES 👉 {\"image\":[{\"fieldname\":\"image\",\"originalname\":\"hexa-9-inch-frame-for-android-sound-boss-original-imah9hyxpfftrjnj.jpeg\",\"encoding\":\"7bit\",\"mimetype\":\"image/jpeg\",\"destination\":\"/home/u823569727/domains/api.shop99.co.in/nodejs/uploads\",\"filename\":\"1780041537299-hexa-9-inch-frame-for-android-sound-boss-original-imah9hyxpfftrjnj.jpeg\",\"path\":\"/home/u823569727/domains/api.shop99.co.in/nodejs/uploads/1780041537299-hexa-9-inch-frame-for-android-sound-boss-original-imah9hyxpfftrjnj.jpeg\",\"size\":158304}]}"}
{"timestamp":"2026-05-29T08:02:39.185Z","level":"LOG","message":"[dotenv@17.3.1] injecting env (21) from .env -- tip: ⚙️  write to custom object with { processEnv: myObject }"}
{"timestamp":"2026-05-29T08:02:39.493Z","level":"LOG","message":"[dotenv@17.3.1] injecting env (0) from .env -- tip: 🛠️  run anywhere with `dotenvx run -- yourcommand`"}
{"timestamp":"2026-05-29T08:02:39.951Z","level":"LOG","message":"[dotenv@17.3.1] injecting env (0) from .env -- tip: ⚙️  load multiple .env files with { path: ['.env.local', '.env'] }"}
{"timestamp":"2026-05-29T08:02:40.258Z","level":"LOG","message":"✅ DB Connected"}
{"timestamp":"2026-05-29T08:02:40.340Z","level":"LOG","message":"✅ Tables Synced"}
{"timestamp":"2026-05-29T08:02:40.349Z","level":"LOG","message":"🚀 Server running on port 9001"}
{"timestamp":"2026-05-29T08:06:27.028Z","level":"LOG","message":"Decoded user: {\"id\":12,\"phone\":\"8950299308\",\"iat\":1779789678,\"exp\":1780394478}"}
{"timestamp":"2026-05-29T08:06:27.029Z","level":"LOG","message":"REQ USER: {\"id\":12,\"phone\":\"8950299308\",\"iat\":1779789678,\"exp\":1780394478}"}
{"timestamp":"2026-05-29T08:06:27.277Z","level":"LOG","message":"Decoded user: {\"id\":12,\"phone\":\"8950299308\",\"iat\":1779789678,\"exp\":1780394478}"}
{"timestamp":"2026-05-29T08:06:27.277Z","level":"LOG","message":"REQ USER: {\"id\":12,\"phone\":\"8950299308\",\"iat\":1779789678,\"exp\":1780394478}"}
{"timestamp":"2026-05-29T08:11:55.405Z","level":"LOG","message":"FILES 👉 {\"image\":[{\"fieldname\":\"image\",\"originalname\":\"androidify-3rd-generation-9-inch-android-9-1-1gb-16gb-for-maruti-original-imahk88qmskgve3a.jpeg\",\"encoding\":\"7bit\",\"mimetype\":\"image/jpeg\",\"destination\":\"/home/u823569727/domains/api.shop99.co.in/nodejs/uploads\",\"filename\":\"1780042315375-androidify-3rd-generation-9-inch-android-9-1-1gb-16gb-for-maruti-original-imahk88qmskgve3a.jpeg\",\"path\":\"/home/u823569727/domains/api.shop99.co.in/nodejs/uploads/1780042315375-androidify-3rd-generation-9-inch-android-9-1-1gb-16gb-for-maruti-original-imahk88qmskgve3a.jpeg\",\"size\":46293}]}"}
{"timestamp":"2026-05-29T08:19:32.443Z","level":"LOG","message":"FILES 👉 {\"image\":[{\"fieldname\":\"image\",\"originalname\":\"magnite-9-inch-frame-for-android-sound-boss-original-imahk75r6gg59xpm.jpeg\",\"encoding\":\"7bit\",\"mimetype\":\"image/jpeg\",\"destination\":\"/home/u823569727/domains/api.shop99.co.in/nodejs/uploads\",\"filename\":\"1780042772424-magnite-9-inch-frame-for-android-sound-boss-original-imahk75r6gg59xpm.jpeg\",\"path\":\"/home/u823569727/domains/api.shop99.co.in/nodejs/uploads/1780042772424-magnite-9-inch-frame-for-android-sound-boss-original-imahk75r6gg59xpm.jpeg\",\"size\":173476}]}"}
{"timestamp":"2026-05-29T09:03:02.703Z","level":"LOG","message":"[dotenv@17.3.1] injecting env (21) from .env -- tip: ⚙️  specify custom .env file path with { path: '/custom/path/.env' }"}
{"timestamp":"2026-05-29T09:03:03.179Z","level":"LOG","message":"[dotenv@17.3.1] injecting env (0) from .env -- tip: ⚙️  specify custom .env file path with { path: '/custom/path/.env' }"}
{"timestamp":"2026-05-29T09:03:03.791Z","level":"LOG","message":"[dotenv@17.3.1] injecting env (0) from .env -- tip: 🛡️ auth for agents: https://vestauth.com"}
{"timestamp":"2026-05-29T09:03:04.289Z","level":"LOG","message":"✅ DB Connected"}
{"timestamp":"2026-05-29T09:03:04.432Z","level":"LOG","message":"✅ Tables Synced"}
{"timestamp":"2026-05-29T09:03:04.447Z","level":"LOG","message":"🚀 Server running on port 9001"}
{"timestamp":"2026-05-29T09:06:50.503Z","level":"LOG","message":"FILES 👉 {\"image\":[{\"fieldname\":\"image\",\"originalname\":\"sb-50-bluetooth-wireless-with-phone-caller-id-receiver-sound-original-imahfg4dzktfqvgf.jpeg\",\"encoding\":\"7bit\",\"mimetype\":\"image/jpeg\",\"destination\":\"/home/u823569727/domains/api.shop99.co.in/nodejs/uploads\",\"filename\":\"1780045610455-sb-50-bluetooth-wireless-with-phone-caller-id-receiver-sound-original-imahfg4dzktfqvgf.jpeg\",\"path\":\"/home/u823569727/domains/api.shop99.co.in/nodejs/uploads/1780045610455-sb-50-bluetooth-wireless-with-phone-caller-id-receiver-sound-original-imahfg4dzktfqvgf.jpeg\",\"size\":192292}]}"}
{"timestamp":"2026-05-29T09:21:35.418Z","level":"LOG","message":"Decoded user: {\"id\":11,\"phone\":\"8447771582\",\"iat\":1779528982,\"exp\":1780133782}"}
{"timestamp":"2026-05-29T09:21:35.796Z","level":"LOG","message":"Decoded user: {\"id\":11,\"phone\":\"8447771582\",\"iat\":1779528982,\"exp\":1780133782}"}
{"timestamp":"2026-05-29T09:21:36.047Z","level":"LOG","message":"Decoded user: {\"id\":11,\"phone\":\"8447771582\",\"iat\":1779528982,\"exp\":1780133782}"}
{"timestamp":"2026-05-29T09:21:36.048Z","level":"LOG","message":"REQ USER: {\"id\":11,\"phone\":\"8447771582\",\"iat\":1779528982,\"exp\":1780133782}"}
{"timestamp":"2026-05-29T09:26:53.211Z","level":"LOG","message":"FILES 👉 {\"image\":[{\"fieldname\":\"image\",\"originalname\":\"andromax-ma-300pro-9-4gb-64gb-license-carplay-android-auto-360-original-imahh4fhynr44hay (1).jpeg\",\"encoding\":\"7bit\",\"mimetype\":\"image/jpeg\",\"destination\":\"/home/u823569727/domains/api.shop99.co.in/nodejs/uploads\",\"filename\":\"1780046813193-andromax-ma-300pro-9-4gb-64gb-license-carplay-android-auto-360-original-imahh4fhynr44hay (1).jpeg\",\"path\":\"/home/u823569727/domains/api.shop99.co.in/nodejs/uploads/1780046813193-andromax-ma-300pro-9-4gb-64gb-license-carplay-android-auto-360-original-imahh4fhynr44hay (1).jpeg\",\"size\":206492}]}"}
{"timestamp":"2026-05-29T09:40:43.439Z","level":"LOG","message":"FILES 👉 {\"image\":[{\"fieldname\":\"image\",\"originalname\":\"androidify-4th-gen-10-1-inch-diamond-qled-middle-knob-2gb-32gb-original-imahk7e7kc8vvksb.jpeg\",\"encoding\":\"7bit\",\"mimetype\":\"image/jpeg\",\"destination\":\"/home/u823569727/domains/api.shop99.co.in/nodejs/uploads\",\"filename\":\"1780047643429-androidify-4th-gen-10-1-inch-diamond-qled-middle-knob-2gb-32gb-original-imahk7e7kc8vvksb.jpeg\",\"path\":\"/home/u823569727/domains/api.shop99.co.in/nodejs/uploads/1780047643429-androidify-4th-gen-10-1-inch-diamond-qled-middle-knob-2gb-32gb-original-imahk7e7kc8vvksb.jpeg\",\"size\":187830}]}"}
{"timestamp":"2026-05-29T09:43:46.592Z","level":"LOG","message":"[dotenv@17.3.1] injecting env (21) from .env -- tip: 🛠️  run anywhere with `dotenvx run -- yourcommand`"}
{"timestamp":"2026-05-29T09:43:46.959Z","level":"LOG","message":"[dotenv@17.3.1] injecting env (0) from .env -- tip: 🤖 agentic secret storage: https://dotenvx.com/as2"}
{"timestamp":"2026-05-29T09:43:47.476Z","level":"LOG","message":"[dotenv@17.3.1] injecting env (0) from .env -- tip: 🛠️  run anywhere with `dotenvx run -- yourcommand`"}
{"timestamp":"2026-05-29T09:43:47.891Z","level":"LOG","message":"✅ DB Connected"}
{"timestamp":"2026-05-29T09:43:48.020Z","level":"LOG","message":"✅ Tables Synced"}
{"timestamp":"2026-05-29T09:43:48.036Z","level":"LOG","message":"🚀 Server running on port 9001"}
{"timestamp":"2026-05-29T09:43:50.939Z","level":"LOG","message":"[dotenv@17.3.1] injecting env (21) from .env -- tip: ⚙️  specify custom .env file path with { path: '/custom/path/.env' }"}
{"timestamp":"2026-05-29T09:43:51.269Z","level":"LOG","message":"[dotenv@17.3.1] injecting env (0) from .env -- tip: ⚙️  write to custom object with { processEnv: myObject }"}
{"timestamp":"2026-05-29T09:43:51.632Z","level":"LOG","message":"[dotenv@17.3.1] injecting env (0) from .env -- tip: ⚡️ secrets for agents: https://dotenvx.com/as2"}
{"timestamp":"2026-05-29T09:43:51.901Z","level":"LOG","message":"✅ DB Connected"}
{"timestamp":"2026-05-29T09:43:51.999Z","level":"LOG","message":"✅ Tables Synced"}
{"timestamp":"2026-05-29T09:43:52.011Z","level":"LOG","message":"🚀 Server running on port 9001"}
{"timestamp":"2026-05-29T09:43:52.224Z","level":"LOG","message":"Decoded user: {\"id\":11,\"phone\":\"8447771582\",\"iat\":1779858966,\"exp\":1780463766}"}
{"timestamp":"2026-05-29T09:43:52.224Z","level":"LOG","message":"REQ USER: {\"id\":11,\"phone\":\"8447771582\",\"iat\":1779858966,\"exp\":1780463766}"}
{"timestamp":"2026-05-29T09:43:52.299Z","level":"LOG","message":"Decoded user: {\"id\":11,\"phone\":\"8447771582\",\"iat\":1779858966,\"exp\":1780463766}"}
{"timestamp":"2026-05-29T09:43:52.299Z","level":"LOG","message":"REQ USER: {\"id\":11,\"phone\":\"8447771582\",\"iat\":1779858966,\"exp\":1780463766}"}
{"timestamp":"2026-05-29T09:43:58.923Z","level":"LOG","message":"Decoded user: {\"id\":11,\"phone\":\"8447771582\",\"iat\":1779858966,\"exp\":1780463766}"}
{"timestamp":"2026-05-29T09:43:58.923Z","level":"LOG","message":"REQ USER: {\"id\":11,\"phone\":\"8447771582\",\"iat\":1779858966,\"exp\":1780463766}"}
{"timestamp":"2026-05-29T09:44:00.246Z","level":"LOG","message":"Decoded user: {\"id\":11,\"phone\":\"8447771582\",\"iat\":1779858966,\"exp\":1780463766}"}
{"timestamp":"2026-05-29T09:44:00.246Z","level":"LOG","message":"REQ USER: {\"id\":11,\"phone\":\"8447771582\",\"iat\":1779858966,\"exp\":1780463766}"}
{"timestamp":"2026-05-29T09:44:00.675Z","level":"LOG","message":"Decoded user: {\"id\":11,\"phone\":\"8447771582\",\"iat\":1779858966,\"exp\":1780463766}"}
{"timestamp":"2026-05-29T09:44:00.675Z","level":"LOG","message":"REQ USER: {\"id\":11,\"phone\":\"8447771582\",\"iat\":1779858966,\"exp\":1780463766}"}
{"timestamp":"2026-05-29T09:44:01.380Z","level":"LOG","message":"Decoded user: {\"id\":11,\"phone\":\"8447771582\",\"iat\":1779858966,\"exp\":1780463766}"}
{"timestamp":"2026-05-29T09:44:14.604Z","level":"LOG","message":"Decoded user: {\"id\":11,\"phone\":\"8447771582\",\"iat\":1779858966,\"exp\":1780463766}"}
{"timestamp":"2026-05-29T09:45:55.548Z","level":"LOG","message":"Decoded user: {\"id\":11,\"phone\":\"8447771582\",\"iat\":1779858966,\"exp\":1780463766}"}
{"timestamp":"2026-05-29T09:45:55.548Z","level":"LOG","message":"REQ USER: {\"id\":11,\"phone\":\"8447771582\",\"iat\":1779858966,\"exp\":1780463766}"}
{"timestamp":"2026-05-29T09:45:57.022Z","level":"LOG","message":"Decoded user: {\"id\":11,\"phone\":\"8447771582\",\"iat\":1779858966,\"exp\":1780463766}"}
{"timestamp":"2026-05-29T09:45:57.066Z","level":"LOG","message":"Decoded user: {\"id\":11,\"phone\":\"8447771582\",\"iat\":1779858966,\"exp\":1780463766}"}
{"timestamp":"2026-05-29T09:46:16.884Z","level":"LOG","message":"LABEL PATH: /home/u823569727/domains/api.shop99.co.in/nodejs/uploads/label-98-1780047976792.pdf"}
{"timestamp":"2026-05-29T09:46:58.706Z","level":"LOG","message":"Decoded user: {\"id\":11,\"phone\":\"8447771582\",\"iat\":1779858966,\"exp\":1780463766}"}
{"timestamp":"2026-05-29T09:46:58.782Z","level":"LOG","message":"Decoded user: {\"id\":11,\"phone\":\"8447771582\",\"iat\":1779858966,\"exp\":1780463766}"}
{"timestamp":"2026-05-29T09:46:58.874Z","level":"LOG","message":"Decoded user: {\"id\":11,\"phone\":\"8447771582\",\"iat\":1779858966,\"exp\":1780463766}"}
{"timestamp":"2026-05-29T09:46:58.874Z","level":"LOG","message":"REQ USER: {\"id\":11,\"phone\":\"8447771582\",\"iat\":1779858966,\"exp\":1780463766}"}
{"timestamp":"2026-05-29T09:47:00.088Z","level":"LOG","message":"Decoded user: {\"id\":11,\"phone\":\"8447771582\",\"iat\":1779528982,\"exp\":1780133782}"}
{"timestamp":"2026-05-29T09:47:00.139Z","level":"LOG","message":"Decoded user: {\"id\":11,\"phone\":\"8447771582\",\"iat\":1779528982,\"exp\":1780133782}"}
{"timestamp":"2026-05-29T09:47:00.324Z","level":"LOG","message":"Decoded user: {\"id\":11,\"phone\":\"8447771582\",\"iat\":1779528982,\"exp\":1780133782}"}
{"timestamp":"2026-05-29T09:47:00.324Z","level":"LOG","message":"REQ USER: {\"id\":11,\"phone\":\"8447771582\",\"iat\":1779528982,\"exp\":1780133782}"}
{"timestamp":"2026-05-29T09:48:52.402Z","level":"LOG","message":"orderStatusSms delivered: ORD1780047942928 sent "}
{"timestamp":"2026-05-29T09:48:53.342Z","level":"LOG","message":"Decoded user: {\"id\":11,\"phone\":\"8447771582\",\"iat\":1779858966,\"exp\":1780463766}"}
{"timestamp":"2026-05-29T09:48:53.429Z","level":"LOG","message":"Decoded user: {\"id\":11,\"phone\":\"8447771582\",\"iat\":1779858966,\"exp\":1780463766}"}
{"timestamp":"2026-05-29T09:48:53.495Z","level":"LOG","message":"Decoded user: {\"id\":11,\"phone\":\"8447771582\",\"iat\":1779858966,\"exp\":1780463766}"}
{"timestamp":"2026-05-29T09:48:53.495Z","level":"LOG","message":"REQ USER: {\"id\":11,\"phone\":\"8447771582\",\"iat\":1779858966,\"exp\":1780463766}"}
{"timestamp":"2026-05-29T09:49:00.214Z","level":"LOG","message":"Decoded user: {\"id\":11,\"phone\":\"8447771582\",\"iat\":1779858966,\"exp\":1780463766}"}
{"timestamp":"2026-05-29T09:49:00.306Z","level":"LOG","message":"Decoded user: {\"id\":11,\"phone\":\"8447771582\",\"iat\":1779858966,\"exp\":1780463766}"}
{"timestamp":"2026-05-29T09:49:00.372Z","level":"LOG","message":"Decoded user: {\"id\":11,\"phone\":\"8447771582\",\"iat\":1779858966,\"exp\":1780463766}"}
{"timestamp":"2026-05-29T09:49:00.372Z","level":"LOG","message":"REQ USER: {\"id\":11,\"phone\":\"8447771582\",\"iat\":1779858966,\"exp\":1780463766}"}
{"timestamp":"2026-05-29T09:49:07.264Z","level":"LOG","message":"orderStatusSms delivered: ORD1780047942928 sent "}
{"timestamp":"2026-05-29T09:49:07.878Z","level":"LOG","message":"Decoded user: {\"id\":11,\"phone\":\"8447771582\",\"iat\":1779858966,\"exp\":1780463766}"}
{"timestamp":"2026-05-29T09:49:07.980Z","level":"LOG","message":"Decoded user: {\"id\":11,\"phone\":\"8447771582\",\"iat\":1779858966,\"exp\":1780463766}"}
{"timestamp":"2026-05-29T09:49:08.050Z","level":"LOG","message":"Decoded user: {\"id\":11,\"phone\":\"8447771582\",\"iat\":1779858966,\"exp\":1780463766}"}
{"timestamp":"2026-05-29T09:49:08.050Z","level":"LOG","message":"REQ USER: {\"id\":11,\"phone\":\"8447771582\",\"iat\":1779858966,\"exp\":1780463766}"}
{"timestamp":"2026-05-29T09:50:25.352Z","level":"LOG","message":"Decoded user: {\"id\":11,\"phone\":\"8447771582\",\"iat\":1779858966,\"exp\":1780463766}"}
{"timestamp":"2026-05-29T09:50:39.405Z","level":"LOG","message":"orderStatusSms delivered: ORD1780047942928 sent "}
{"timestamp":"2026-05-29T09:50:39.486Z","level":"LOG","message":"orderStatusSms delivered: ORD1780047942928 sent "}
{"timestamp":"2026-05-29T09:50:40.343Z","level":"LOG","message":"Decoded user: {\"id\":11,\"phone\":\"8447771582\",\"iat\":1779858966,\"exp\":1780463766}"}
{"timestamp":"2026-05-29T09:50:40.439Z","level":"LOG","message":"Decoded user: {\"id\":11,\"phone\":\"8447771582\",\"iat\":1779858966,\"exp\":1780463766}"}
{"timestamp":"2026-05-29T09:50:40.509Z","level":"LOG","message":"Decoded user: {\"id\":11,\"phone\":\"8447771582\",\"iat\":1779858966,\"exp\":1780463766}"}
{"timestamp":"2026-05-29T09:50:40.509Z","level":"LOG","message":"REQ USER: {\"id\":11,\"phone\":\"8447771582\",\"iat\":1779858966,\"exp\":1780463766}"}
{"timestamp":"2026-05-29T09:55:43.635Z","level":"LOG","message":"[dotenv@17.3.1] injecting env (21) from .env -- tip: ⚙️  override existing env vars with { override: true }"}
{"timestamp":"2026-05-29T09:55:43.932Z","level":"LOG","message":"[dotenv@17.3.1] injecting env (0) from .env -- tip: ⚙️  load multiple .env files with { path: ['.env.local', '.env'] }"}
{"timestamp":"2026-05-29T09:55:44.325Z","level":"LOG","message":"[dotenv@17.3.1] injecting env (0) from .env -- tip: ⚙️  override existing env vars with { override: true }"}
{"timestamp":"2026-05-29T09:55:44.660Z","level":"LOG","message":"✅ DB Connected"}
{"timestamp":"2026-05-29T09:55:44.743Z","level":"LOG","message":"✅ Tables Synced"}
{"timestamp":"2026-05-29T09:55:44.756Z","level":"LOG","message":"🚀 Server running on port 9001"}
{"timestamp":"2026-05-29T09:59:00.769Z","level":"LOG","message":"Decoded user: {\"id\":11,\"phone\":\"8447771582\",\"iat\":1779858966,\"exp\":1780463766}"}
{"timestamp":"2026-05-29T09:59:00.770Z","level":"LOG","message":"REQ USER: {\"id\":11,\"phone\":\"8447771582\",\"iat\":1779858966,\"exp\":1780463766}"}
{"timestamp":"2026-05-29T09:59:00.883Z","level":"LOG","message":"Decoded user: {\"id\":11,\"phone\":\"8447771582\",\"iat\":1779858966,\"exp\":1780463766}"}
{"timestamp":"2026-05-29T09:59:00.883Z","level":"LOG","message":"REQ USER: {\"id\":11,\"phone\":\"8447771582\",\"iat\":1779858966,\"exp\":1780463766}"}
{"timestamp":"2026-05-29T10:10:27.476Z","level":"LOG","message":"[dotenv@17.3.1] injecting env (21) from .env -- tip: 🔐 prevent committing .env to code: https://dotenvx.com/precommit"}
{"timestamp":"2026-05-29T10:10:27.773Z","level":"LOG","message":"[dotenv@17.3.1] injecting env (0) from .env -- tip: ⚙️  override existing env vars with { override: true }"}
{"timestamp":"2026-05-29T10:10:28.102Z","level":"LOG","message":"[dotenv@17.3.1] injecting env (0) from .env -- tip: ⚙️  override existing env vars with { override: true }"}
{"timestamp":"2026-05-29T10:10:28.439Z","level":"LOG","message":"✅ DB Connected"}
{"timestamp":"2026-05-29T10:10:28.525Z","level":"LOG","message":"✅ Tables Synced"}
{"timestamp":"2026-05-29T10:10:28.538Z","level":"LOG","message":"🚀 Server running on port 9001"}
{"timestamp":"2026-05-29T10:10:29.394Z","level":"LOG","message":"[dotenv@17.3.1] injecting env (21) from .env -- tip: 🔐 prevent building .env in docker: https://dotenvx.com/prebuild"}
{"timestamp":"2026-05-29T10:10:29.647Z","level":"LOG","message":"[dotenv@17.3.1] injecting env (0) from .env -- tip: ⚙️  suppress all logs with { quiet: true }"}
{"timestamp":"2026-05-29T10:10:30.004Z","level":"LOG","message":"[dotenv@17.3.1] injecting env (0) from .env -- tip: 🛠️  run anywhere with `dotenvx run -- yourcommand`"}
{"timestamp":"2026-05-29T10:10:30.304Z","level":"LOG","message":"✅ DB Connected"}
{"timestamp":"2026-05-29T10:10:30.379Z","level":"LOG","message":"✅ Tables Synced"}
{"timestamp":"2026-05-29T10:10:30.394Z","level":"LOG","message":"🚀 Server running on port 9001"}
{"timestamp":"2026-05-29T10:10:33.494Z","level":"LOG","message":"Decoded user: {\"id\":11,\"phone\":\"8447771582\",\"iat\":1779858966,\"exp\":1780463766}"}
{"timestamp":"2026-05-29T10:10:33.494Z","level":"LOG","message":"REQ USER: {\"id\":11,\"phone\":\"8447771582\",\"iat\":1779858966,\"exp\":1780463766}"}
{"timestamp":"2026-05-29T10:10:33.638Z","level":"LOG","message":"Decoded user: {\"id\":11,\"phone\":\"8447771582\",\"iat\":1779858966,\"exp\":1780463766}"}
{"timestamp":"2026-05-29T10:10:33.638Z","level":"LOG","message":"REQ USER: {\"id\":11,\"phone\":\"8447771582\",\"iat\":1779858966,\"exp\":1780463766}"}
{"timestamp":"2026-05-29T10:10:36.369Z","level":"LOG","message":"Decoded user: {\"id\":11,\"phone\":\"8447771582\",\"iat\":1779858966,\"exp\":1780463766}"}
{"timestamp":"2026-05-29T10:10:36.369Z","level":"LOG","message":"REQ USER: {\"id\":11,\"phone\":\"8447771582\",\"iat\":1779858966,\"exp\":1780463766}"}
{"timestamp":"2026-05-29T10:10:37.518Z","level":"LOG","message":"Decoded user: {\"id\":11,\"phone\":\"8447771582\",\"iat\":1779858966,\"exp\":1780463766}"}
{"timestamp":"2026-05-29T10:10:58.821Z","level":"LOG","message":"Decoded user: {\"id\":11,\"phone\":\"8447771582\",\"iat\":1779858966,\"exp\":1780463766}"}
{"timestamp":"2026-05-29T10:10:58.821Z","level":"LOG","message":"REQ USER: {\"id\":11,\"phone\":\"8447771582\",\"iat\":1779858966,\"exp\":1780463766}"}
{"timestamp":"2026-05-29T10:11:02.068Z","level":"LOG","message":"Decoded user: {\"id\":11,\"phone\":\"8447771582\",\"iat\":1779858966,\"exp\":1780463766}"}
{"timestamp":"2026-05-29T10:11:02.113Z","level":"LOG","message":"Decoded user: {\"id\":11,\"phone\":\"8447771582\",\"iat\":1779858966,\"exp\":1780463766}"}
{"timestamp":"2026-05-29T10:15:55.426Z","level":"LOG","message":"[dotenv@17.3.1] injecting env (21) from .env -- tip: ⚙️  suppress all logs with { quiet: true }"}
{"timestamp":"2026-05-29T10:15:55.645Z","level":"LOG","message":"[dotenv@17.3.1] injecting env (0) from .env -- tip: ⚙️  load multiple .env files with { path: ['.env.local', '.env'] }"}
{"timestamp":"2026-05-29T10:15:55.974Z","level":"LOG","message":"[dotenv@17.3.1] injecting env (0) from .env -- tip: 🔐 encrypt with Dotenvx: https://dotenvx.com"}
{"timestamp":"2026-05-29T10:15:56.242Z","level":"LOG","message":"✅ DB Connected"}
{"timestamp":"2026-05-29T10:15:56.322Z","level":"LOG","message":"✅ Tables Synced"}
{"timestamp":"2026-05-29T10:15:56.336Z","level":"LOG","message":"🚀 Server running on port 9001"}
{"timestamp":"2026-05-29T10:15:59.409Z","level":"LOG","message":"[dotenv@17.3.1] injecting env (21) from .env -- tip: 🔐 prevent building .env in docker: https://dotenvx.com/prebuild"}
{"timestamp":"2026-05-29T10:15:59.689Z","level":"LOG","message":"[dotenv@17.3.1] injecting env (0) from .env -- tip: ⚙️  override existing env vars with { override: true }"}
{"timestamp":"2026-05-29T10:15:59.996Z","level":"LOG","message":"[dotenv@17.3.1] injecting env (0) from .env -- tip: 🔐 prevent building .env in docker: https://dotenvx.com/prebuild"}
{"timestamp":"2026-05-29T10:16:00.266Z","level":"LOG","message":"✅ DB Connected"}
{"timestamp":"2026-05-29T10:16:00.350Z","level":"LOG","message":"✅ Tables Synced"}
{"timestamp":"2026-05-29T10:16:00.364Z","level":"LOG","message":"🚀 Server running on port 9001"}
{"timestamp":"2026-05-29T10:16:44.862Z","level":"LOG","message":"[dotenv@17.3.1] injecting env (21) from .env -- tip: ⚙️  load multiple .env files with { path: ['.env.local', '.env'] }"}
{"timestamp":"2026-05-29T10:16:45.117Z","level":"LOG","message":"[dotenv@17.3.1] injecting env (0) from .env -- tip: 🔐 prevent committing .env to code: https://dotenvx.com/precommit"}
{"timestamp":"2026-05-29T10:16:45.466Z","level":"LOG","message":"[dotenv@17.3.1] injecting env (0) from .env -- tip: 🤖 agentic secret storage: https://dotenvx.com/as2"}
{"timestamp":"2026-05-29T10:16:45.741Z","level":"LOG","message":"✅ DB Connected"}
{"timestamp":"2026-05-29T10:16:45.820Z","level":"LOG","message":"✅ Tables Synced"}
{"timestamp":"2026-05-29T10:16:45.833Z","level":"LOG","message":"🚀 Server running on port 9001"}
{"timestamp":"2026-05-29T10:16:45.945Z","level":"LOG","message":"Decoded user: {\"id\":11,\"phone\":\"8447771582\",\"iat\":1779858966,\"exp\":1780463766}"}
{"timestamp":"2026-05-29T10:16:46.123Z","level":"LOG","message":"Decoded user: {\"id\":11,\"phone\":\"8447771582\",\"iat\":1779858966,\"exp\":1780463766}"}
{"timestamp":"2026-05-29T10:16:46.126Z","level":"LOG","message":"Decoded user: {\"id\":11,\"phone\":\"8447771582\",\"iat\":1779858966,\"exp\":1780463766}"}
{"timestamp":"2026-05-29T10:16:46.127Z","level":"LOG","message":"REQ USER: {\"id\":11,\"phone\":\"8447771582\",\"iat\":1779858966,\"exp\":1780463766}"}
{"timestamp":"2026-05-29T10:16:53.320Z","level":"LOG","message":"Decoded user: {\"id\":11,\"phone\":\"8447771582\",\"iat\":1779858966,\"exp\":1780463766}"}
{"timestamp":"2026-05-29T10:16:53.369Z","level":"LOG","message":"Decoded user: {\"id\":11,\"phone\":\"8447771582\",\"iat\":1779858966,\"exp\":1780463766}"}
{"timestamp":"2026-05-29T10:16:53.458Z","level":"LOG","message":"Decoded user: {\"id\":11,\"phone\":\"8447771582\",\"iat\":1779858966,\"exp\":1780463766}"}
{"timestamp":"2026-05-29T10:16:53.458Z","level":"LOG","message":"REQ USER: {\"id\":11,\"phone\":\"8447771582\",\"iat\":1779858966,\"exp\":1780463766}"}
{"timestamp":"2026-05-29T10:16:57.897Z","level":"LOG","message":"Decoded user: {\"id\":11,\"phone\":\"8447771582\",\"iat\":1779858966,\"exp\":1780463766}"}
{"timestamp":"2026-05-29T10:17:15.697Z","level":"LOG","message":"Decoded user: {\"id\":11,\"phone\":\"8447771582\",\"iat\":1779858966,\"exp\":1780463766}"}
{"timestamp":"2026-05-29T10:17:15.697Z","level":"LOG","message":"REQ USER: {\"id\":11,\"phone\":\"8447771582\",\"iat\":1779858966,\"exp\":1780463766}"}
{"timestamp":"2026-05-29T10:17:17.864Z","level":"LOG","message":"Decoded user: {\"id\":11,\"phone\":\"8447771582\",\"iat\":1779858966,\"exp\":1780463766}"}
{"timestamp":"2026-05-29T10:17:17.924Z","level":"LOG","message":"Decoded user: {\"id\":11,\"phone\":\"8447771582\",\"iat\":1779858966,\"exp\":1780463766}"}
{"timestamp":"2026-05-29T10:20:42.411Z","level":"LOG","message":"[dotenv@17.3.1] injecting env (21) from .env -- tip: 🤖 agentic secret storage: https://dotenvx.com/as2"}
{"timestamp":"2026-05-29T10:20:42.661Z","level":"LOG","message":"[dotenv@17.3.1] injecting env (0) from .env -- tip: ⚙️  suppress all logs with { quiet: true }"}
{"timestamp":"2026-05-29T10:20:43.410Z","level":"LOG","message":"[dotenv@17.3.1] injecting env (21) from .env -- tip: 🛠️  run anywhere with `dotenvx run -- yourcommand`"}
{"timestamp":"2026-05-29T10:20:43.681Z","level":"LOG","message":"[dotenv@17.3.1] injecting env (0) from .env -- tip: 🛡️ auth for agents: https://vestauth.com"}
{"timestamp":"2026-05-29T10:20:44.060Z","level":"LOG","message":"[dotenv@17.3.1] injecting env (0) from .env -- tip: 🔐 encrypt with Dotenvx: https://dotenvx.com"}
{"timestamp":"2026-05-29T10:20:44.367Z","level":"LOG","message":"✅ DB Connected"}
{"timestamp":"2026-05-29T10:20:44.473Z","level":"LOG","message":"✅ Tables Synced"}
{"timestamp":"2026-05-29T10:20:44.490Z","level":"LOG","message":"🚀 Server running on port 9001"}
{"timestamp":"2026-05-29T10:22:32.056Z","level":"LOG","message":"[dotenv@17.3.1] injecting env (21) from .env -- tip: ⚙️  write to custom object with { processEnv: myObject }"}
{"timestamp":"2026-05-29T10:22:32.331Z","level":"LOG","message":"[dotenv@17.3.1] injecting env (0) from .env -- tip: 🛡️ auth for agents: https://vestauth.com"}
{"timestamp":"2026-05-29T10:22:32.680Z","level":"LOG","message":"[dotenv@17.3.1] injecting env (0) from .env -- tip: ⚙️  override existing env vars with { override: true }"}
{"timestamp":"2026-05-29T10:22:32.989Z","level":"LOG","message":"✅ DB Connected"}
{"timestamp":"2026-05-29T10:22:33.077Z","level":"LOG","message":"✅ Tables Synced"}
{"timestamp":"2026-05-29T10:22:33.090Z","level":"LOG","message":"🚀 Server running on port 9001"}
{"timestamp":"2026-05-29T10:40:33.909Z","level":"LOG","message":"FILES 👉 {\"image\":[{\"fieldname\":\"image\",\"originalname\":\"androidify-3rd-generation-9-inch-android-9-1-1gb-16gb-for-maruti-original-imahk8945hgrvqdf.jpeg\",\"encoding\":\"7bit\",\"mimetype\":\"image/jpeg\",\"destination\":\"/home/u823569727/domains/api.shop99.co.in/nodejs/uploads\",\"filename\":\"1780051233890-androidify-3rd-generation-9-inch-android-9-1-1gb-16gb-for-maruti-original-imahk8945hgrvqdf.jpeg\",\"path\":\"/home/u823569727/domains/api.shop99.co.in/nodejs/uploads/1780051233890-androidify-3rd-generation-9-inch-android-9-1-1gb-16gb-for-maruti-original-imahk8945hgrvqdf.jpeg\",\"size\":558962}]}"}
{"timestamp":"2026-05-29T10:57:04.591Z","level":"LOG","message":"[dotenv@17.3.1] injecting env (21) from .env -- tip: ⚙️  override existing env vars with { override: true }"}
{"timestamp":"2026-05-29T10:57:04.951Z","level":"LOG","message":"[dotenv@17.3.1] injecting env (0) from .env -- tip: 🔐 prevent building .env in docker: https://dotenvx.com/prebuild"}
{"timestamp":"2026-05-29T10:57:05.403Z","level":"LOG","message":"[dotenv@17.3.1] injecting env (0) from .env -- tip: ⚙️  suppress all logs with { quiet: true }"}
{"timestamp":"2026-05-29T10:57:05.760Z","level":"LOG","message":"✅ DB Connected"}
{"timestamp":"2026-05-29T10:57:05.869Z","level":"LOG","message":"✅ Tables Synced"}
{"timestamp":"2026-05-29T10:57:05.884Z","level":"LOG","message":"🚀 Server running on port 9001"}
{"timestamp":"2026-05-29T11:23:02.827Z","level":"LOG","message":"[dotenv@17.3.1] injecting env (21) from .env -- tip: 🔐 prevent committing .env to code: https://dotenvx.com/precommit"}
{"timestamp":"2026-05-29T11:23:03.171Z","level":"LOG","message":"[dotenv@17.3.1] injecting env (0) from .env -- tip: 🤖 agentic secret storage: https://dotenvx.com/as2"}
{"timestamp":"2026-05-29T11:23:03.658Z","level":"LOG","message":"[dotenv@17.3.1] injecting env (0) from .env -- tip: 🔐 prevent building .env in docker: https://dotenvx.com/prebuild"}
{"timestamp":"2026-05-29T11:23:04.026Z","level":"LOG","message":"✅ DB Connected"}
{"timestamp":"2026-05-29T11:23:04.149Z","level":"LOG","message":"✅ Tables Synced"}
{"timestamp":"2026-05-29T11:23:04.165Z","level":"LOG","message":"🚀 Server running on port 9001"}
{"timestamp":"2026-05-29T11:34:45.454Z","level":"LOG","message":"Decoded user: {\"id\":2,\"phone\":\"9935146914\",\"iat\":1779535206,\"exp\":1780140006}"}
{"timestamp":"2026-05-29T11:34:45.454Z","level":"LOG","message":"REQ USER: {\"id\":2,\"phone\":\"9935146914\",\"iat\":1779535206,\"exp\":1780140006}"}
{"timestamp":"2026-05-29T11:34:45.555Z","level":"LOG","message":"Decoded user: {\"id\":2,\"phone\":\"9935146914\",\"iat\":1779535206,\"exp\":1780140006}"}
{"timestamp":"2026-05-29T11:34:45.555Z","level":"LOG","message":"REQ USER: {\"id\":2,\"phone\":\"9935146914\",\"iat\":1779535206,\"exp\":1780140006}"}
{"timestamp":"2026-05-29T11:34:54.380Z","level":"LOG","message":"Decoded user: {\"id\":2,\"phone\":\"9935146914\",\"iat\":1779535206,\"exp\":1780140006}"}
{"timestamp":"2026-05-29T11:34:54.381Z","level":"LOG","message":"REQ USER: {\"id\":2,\"phone\":\"9935146914\",\"iat\":1779535206,\"exp\":1780140006}"}
{"timestamp":"2026-05-29T11:34:54.780Z","level":"LOG","message":"Decoded user: {\"id\":2,\"phone\":\"9935146914\",\"iat\":1779535206,\"exp\":1780140006}"}
{"timestamp":"2026-05-29T11:34:54.780Z","level":"LOG","message":"REQ USER: {\"id\":2,\"phone\":\"9935146914\",\"iat\":1779535206,\"exp\":1780140006}"}
{"timestamp":"2026-05-29T11:35:53.369Z","level":"LOG","message":"Decoded user: {\"id\":2,\"phone\":\"9935146914\",\"iat\":1779535206,\"exp\":1780140006}"}
{"timestamp":"2026-05-29T11:35:53.427Z","level":"LOG","message":"Decoded user: {\"id\":2,\"phone\":\"9935146914\",\"iat\":1779535206,\"exp\":1780140006}"}
{"timestamp":"2026-05-29T11:36:06.572Z","level":"LOG","message":"Decoded user: {\"id\":2,\"phone\":\"9935146914\",\"iat\":1779535206,\"exp\":1780140006}"}
{"timestamp":"2026-05-29T11:37:09.851Z","level":"LOG","message":"orderStatusSms delivered: ORD1779865004734 sent "}
{"timestamp":"2026-05-29T11:37:09.893Z","level":"LOG","message":"orderStatusSms delivered: ORD1779865004734 sent "}
{"timestamp":"2026-05-29T11:40:43.222Z","level":"LOG","message":"Decoded user: {\"id\":2,\"phone\":\"9935146914\",\"iat\":1779535206,\"exp\":1780140006}"}
{"timestamp":"2026-05-29T11:40:43.352Z","level":"LOG","message":"Decoded user: {\"id\":2,\"phone\":\"9935146914\",\"iat\":1779535206,\"exp\":1780140006}"}
{"timestamp":"2026-05-29T11:40:43.424Z","level":"LOG","message":"Decoded user: {\"id\":2,\"phone\":\"9935146914\",\"iat\":1779535206,\"exp\":1780140006}"}
{"timestamp":"2026-05-29T11:40:43.424Z","level":"LOG","message":"REQ USER: {\"id\":2,\"phone\":\"9935146914\",\"iat\":1779535206,\"exp\":1780140006}"}
{"timestamp":"2026-05-29T11:40:47.928Z","level":"LOG","message":"Decoded user: {\"id\":2,\"phone\":\"9935146914\",\"iat\":1779535206,\"exp\":1780140006}"}
{"timestamp":"2026-05-29T11:41:10.134Z","level":"LOG","message":"orderStatusSms delivered: ORD1779865004734 sent "}
{"timestamp":"2026-05-29T11:41:30.453Z","level":"LOG","message":"orderStatusSms delivered: ORD1779865004734 sent "}
{"timestamp":"2026-05-29T12:01:45.766Z","level":"LOG","message":"Decoded user: {\"id\":12,\"phone\":\"8950299308\",\"iat\":1779789678,\"exp\":1780394478}"}
{"timestamp":"2026-05-29T12:01:45.767Z","level":"LOG","message":"REQ USER: {\"id\":12,\"phone\":\"8950299308\",\"iat\":1779789678,\"exp\":1780394478}"}
{"timestamp":"2026-05-29T12:23:14.809Z","level":"LOG","message":"[dotenv@17.3.1] injecting env (21) from .env -- tip: 🔐 prevent committing .env to code: https://dotenvx.com/precommit"}
{"timestamp":"2026-05-29T12:23:15.117Z","level":"LOG","message":"[dotenv@17.3.1] injecting env (0) from .env -- tip: ⚙️  specify custom .env file path with { path: '/custom/path/.env' }"}
{"timestamp":"2026-05-29T12:23:15.492Z","level":"LOG","message":"[dotenv@17.3.1] injecting env (0) from .env -- tip: ⚡️ secrets for agents: https://dotenvx.com/as2"}
{"timestamp":"2026-05-29T12:23:15.915Z","level":"LOG","message":"✅ DB Connected"}
{"timestamp":"2026-05-29T12:23:16.011Z","level":"LOG","message":"✅ Tables Synced"}
{"timestamp":"2026-05-29T12:23:16.023Z","level":"LOG","message":"🚀 Server running on port 9001"}
{"timestamp":"2026-05-29T13:13:48.337Z","level":"LOG","message":"Decoded user: {\"id\":2,\"phone\":\"9935146914\",\"iat\":1779535206,\"exp\":1780140006}"}
{"timestamp":"2026-05-29T13:13:48.338Z","level":"LOG","message":"REQ USER: {\"id\":2,\"phone\":\"9935146914\",\"iat\":1779535206,\"exp\":1780140006}"}
{"timestamp":"2026-05-29T13:27:09.104Z","level":"LOG","message":"[dotenv@17.3.1] injecting env (21) from .env -- tip: ⚙️  suppress all logs with { quiet: true }"}
{"timestamp":"2026-05-29T13:27:09.398Z","level":"LOG","message":"[dotenv@17.3.1] injecting env (0) from .env -- tip: ⚙️  write to custom object with { processEnv: myObject }"}
{"timestamp":"2026-05-29T13:27:09.783Z","level":"LOG","message":"[dotenv@17.3.1] injecting env (0) from .env -- tip: ⚙️  load multiple .env files with { path: ['.env.local', '.env'] }"}
{"timestamp":"2026-05-29T13:27:10.170Z","level":"LOG","message":"✅ DB Connected"}
{"timestamp":"2026-05-29T13:27:10.274Z","level":"LOG","message":"✅ Tables Synced"}
{"timestamp":"2026-05-29T13:27:10.288Z","level":"LOG","message":"🚀 Server running on port 9001"}
{"timestamp":"2026-05-29T14:31:45.538Z","level":"LOG","message":"[dotenv@17.3.1] injecting env (21) from .env -- tip: ⚙️  suppress all logs with { quiet: true }"}
{"timestamp":"2026-05-29T14:31:45.796Z","level":"LOG","message":"[dotenv@17.3.1] injecting env (0) from .env -- tip: ⚙️  write to custom object with { processEnv: myObject }"}
{"timestamp":"2026-05-29T14:31:46.156Z","level":"LOG","message":"[dotenv@17.3.1] injecting env (0) from .env -- tip: 🔐 encrypt with Dotenvx: https://dotenvx.com"}
{"timestamp":"2026-05-29T14:31:46.505Z","level":"LOG","message":"✅ DB Connected"}
{"timestamp":"2026-05-29T14:31:46.598Z","level":"LOG","message":"✅ Tables Synced"}
{"timestamp":"2026-05-29T14:31:46.610Z","level":"LOG","message":"🚀 Server running on port 9001"}
{"timestamp":"2026-05-29T16:01:32.549Z","level":"LOG","message":"[dotenv@17.3.1] injecting env (21) from .env -- tip: 🔐 prevent committing .env to code: https://dotenvx.com/precommit"}
{"timestamp":"2026-05-29T16:01:32.880Z","level":"LOG","message":"[dotenv@17.3.1] injecting env (0) from .env -- tip: ⚙️  suppress all logs with { quiet: true }"}
{"timestamp":"2026-05-29T16:01:33.288Z","level":"LOG","message":"[dotenv@17.3.1] injecting env (0) from .env -- tip: ⚙️  specify custom .env file path with { path: '/custom/path/.env' }"}
{"timestamp":"2026-05-29T16:01:33.644Z","level":"LOG","message":"✅ DB Connected"}
{"timestamp":"2026-05-29T16:01:33.741Z","level":"LOG","message":"✅ Tables Synced"}
{"timestamp":"2026-05-29T16:01:33.751Z","level":"LOG","message":"🚀 Server running on port 9001"}
{"timestamp":"2026-05-29T17:04:42.695Z","level":"LOG","message":"[dotenv@17.3.1] injecting env (21) from .env -- tip: ⚙️  enable debug logging with { debug: true }"}
{"timestamp":"2026-05-29T17:04:42.997Z","level":"LOG","message":"[dotenv@17.3.1] injecting env (0) from .env -- tip: ⚡️ secrets for agents: https://dotenvx.com/as2"}
{"timestamp":"2026-05-29T17:04:43.353Z","level":"LOG","message":"[dotenv@17.3.1] injecting env (0) from .env -- tip: ⚡️ secrets for agents: https://dotenvx.com/as2"}
{"timestamp":"2026-05-29T17:04:43.635Z","level":"LOG","message":"✅ DB Connected"}
{"timestamp":"2026-05-29T17:04:43.731Z","level":"LOG","message":"✅ Tables Synced"}
{"timestamp":"2026-05-29T17:04:43.745Z","level":"LOG","message":"🚀 Server running on port 9001"}
{"timestamp":"2026-05-29T18:17:53.334Z","level":"LOG","message":"[dotenv@17.3.1] injecting env (21) from .env -- tip: ⚡️ secrets for agents: https://dotenvx.com/as2"}
{"timestamp":"2026-05-29T18:17:53.632Z","level":"LOG","message":"[dotenv@17.3.1] injecting env (0) from .env -- tip: ⚙️  load multiple .env files with { path: ['.env.local', '.env'] }"}
{"timestamp":"2026-05-29T18:17:53.994Z","level":"LOG","message":"[dotenv@17.3.1] injecting env (0) from .env -- tip: 🔐 prevent building .env in docker: https://dotenvx.com/prebuild"}
{"timestamp":"2026-05-29T18:17:54.261Z","level":"LOG","message":"✅ DB Connected"}
{"timestamp":"2026-05-29T18:17:54.332Z","level":"LOG","message":"✅ Tables Synced"}
{"timestamp":"2026-05-29T18:17:54.341Z","level":"LOG","message":"🚀 Server running on port 9001"}
{"timestamp":"2026-05-29T19:19:10.608Z","level":"LOG","message":"[dotenv@17.3.1] injecting env (21) from .env -- tip: ⚙️  enable debug logging with { debug: true }"}
{"timestamp":"2026-05-29T19:19:10.857Z","level":"LOG","message":"[dotenv@17.3.1] injecting env (0) from .env -- tip: ⚙️  load multiple .env files with { path: ['.env.local', '.env'] }"}
{"timestamp":"2026-05-29T19:19:11.243Z","level":"LOG","message":"[dotenv@17.3.1] injecting env (0) from .env -- tip: 🔐 prevent committing .env to code: https://dotenvx.com/precommit"}
{"timestamp":"2026-05-29T19:19:11.528Z","level":"LOG","message":"✅ DB Connected"}
{"timestamp":"2026-05-29T19:19:11.615Z","level":"LOG","message":"✅ Tables Synced"}
{"timestamp":"2026-05-29T19:19:11.624Z","level":"LOG","message":"🚀 Server running on port 9001"}
{"timestamp":"2026-05-29T20:20:08.636Z","level":"LOG","message":"[dotenv@17.3.1] injecting env (21) from .env -- tip: 🤖 agentic secret storage: https://dotenvx.com/as2"}
{"timestamp":"2026-05-29T20:20:08.994Z","level":"LOG","message":"[dotenv@17.3.1] injecting env (0) from .env -- tip: 🛠️  run anywhere with `dotenvx run -- yourcommand`"}
{"timestamp":"2026-05-29T20:20:09.422Z","level":"LOG","message":"[dotenv@17.3.1] injecting env (0) from .env -- tip: ⚙️  override existing env vars with { override: true }"}
{"timestamp":"2026-05-29T20:20:09.791Z","level":"LOG","message":"✅ DB Connected"}
{"timestamp":"2026-05-29T20:20:09.919Z","level":"LOG","message":"✅ Tables Synced"}
{"timestamp":"2026-05-29T20:20:09.932Z","level":"LOG","message":"🚀 Server running on port 9001"}
{"timestamp":"2026-05-29T21:27:54.039Z","level":"LOG","message":"[dotenv@17.3.1] injecting env (21) from .env -- tip: 🤖 agentic secret storage: https://dotenvx.com/as2"}
{"timestamp":"2026-05-29T21:27:54.302Z","level":"LOG","message":"[dotenv@17.3.1] injecting env (0) from .env -- tip: ⚙️  enable debug logging with { debug: true }"}
{"timestamp":"2026-05-29T21:27:54.670Z","level":"LOG","message":"[dotenv@17.3.1] injecting env (0) from .env -- tip: ⚙️  suppress all logs with { quiet: true }"}
{"timestamp":"2026-05-29T21:27:54.921Z","level":"LOG","message":"✅ DB Connected"}
{"timestamp":"2026-05-29T21:27:54.994Z","level":"LOG","message":"✅ Tables Synced"}
{"timestamp":"2026-05-29T21:27:55.008Z","level":"LOG","message":"🚀 Server running on port 9001"}
{"timestamp":"2026-05-29T22:47:02.362Z","level":"LOG","message":"[dotenv@17.3.1] injecting env (21) from .env -- tip: 🔐 encrypt with Dotenvx: https://dotenvx.com"}
{"timestamp":"2026-05-29T22:47:02.728Z","level":"LOG","message":"[dotenv@17.3.1] injecting env (0) from .env -- tip: ⚙️  load multiple .env files with { path: ['.env.local', '.env'] }"}
{"timestamp":"2026-05-29T22:47:03.170Z","level":"LOG","message":"[dotenv@17.3.1] injecting env (0) from .env -- tip: 🔐 prevent committing .env to code: https://dotenvx.com/precommit"}
{"timestamp":"2026-05-29T22:47:03.528Z","level":"LOG","message":"✅ DB Connected"}
{"timestamp":"2026-05-29T22:47:03.608Z","level":"LOG","message":"✅ Tables Synced"}
{"timestamp":"2026-05-29T22:47:03.619Z","level":"LOG","message":"🚀 Server running on port 9001"}
{"timestamp":"2026-05-30T00:54:32.196Z","level":"LOG","message":"[dotenv@17.3.1] injecting env (21) from .env -- tip: 🔐 prevent building .env in docker: https://dotenvx.com/prebuild"}
{"timestamp":"2026-05-30T00:54:32.502Z","level":"LOG","message":"[dotenv@17.3.1] injecting env (0) from .env -- tip: ⚙️  write to custom object with { processEnv: myObject }"}
{"timestamp":"2026-05-30T00:54:32.927Z","level":"LOG","message":"[dotenv@17.3.1] injecting env (0) from .env -- tip: ⚡️ secrets for agents: https://dotenvx.com/as2"}
{"timestamp":"2026-05-30T00:54:33.237Z","level":"LOG","message":"✅ DB Connected"}
{"timestamp":"2026-05-30T00:54:33.309Z","level":"LOG","message":"✅ Tables Synced"}
{"timestamp":"2026-05-30T00:54:33.318Z","level":"LOG","message":"🚀 Server running on port 9001"}
{"timestamp":"2026-05-30T02:11:08.605Z","level":"LOG","message":"[dotenv@17.3.1] injecting env (21) from .env -- tip: 🛡️ auth for agents: https://vestauth.com"}
{"timestamp":"2026-05-30T02:11:08.979Z","level":"LOG","message":"[dotenv@17.3.1] injecting env (0) from .env -- tip: 🤖 agentic secret storage: https://dotenvx.com/as2"}
{"timestamp":"2026-05-30T02:11:09.451Z","level":"LOG","message":"[dotenv@17.3.1] injecting env (0) from .env -- tip: 🤖 agentic secret storage: https://dotenvx.com/as2"}
{"timestamp":"2026-05-30T02:11:09.824Z","level":"LOG","message":"✅ DB Connected"}
{"timestamp":"2026-05-30T02:11:09.912Z","level":"LOG","message":"✅ Tables Synced"}
{"timestamp":"2026-05-30T02:11:09.923Z","level":"LOG","message":"🚀 Server running on port 9001"}
{"timestamp":"2026-05-30T03:12:05.919Z","level":"LOG","message":"[dotenv@17.3.1] injecting env (21) from .env -- tip: ⚙️  suppress all logs with { quiet: true }"}
{"timestamp":"2026-05-30T03:12:06.409Z","level":"LOG","message":"[dotenv@17.3.1] injecting env (0) from .env -- tip: 🛠️  run anywhere with `dotenvx run -- yourcommand`"}
{"timestamp":"2026-05-30T03:12:07.076Z","level":"LOG","message":"[dotenv@17.3.1] injecting env (0) from .env -- tip: 🔐 encrypt with Dotenvx: https://dotenvx.com"}
{"timestamp":"2026-05-30T03:12:07.479Z","level":"LOG","message":"✅ DB Connected"}
{"timestamp":"2026-05-30T03:12:07.606Z","level":"LOG","message":"✅ Tables Synced"}
{"timestamp":"2026-05-30T03:12:07.621Z","level":"LOG","message":"🚀 Server running on port 9001"}
{"timestamp":"2026-05-30T03:18:04.506Z","level":"LOG","message":"[dotenv@17.3.1] injecting env (21) from .env -- tip: ⚙️  suppress all logs with { quiet: true }"}
{"timestamp":"2026-05-30T03:18:05.534Z","level":"LOG","message":"[dotenv@17.3.1] injecting env (0) from .env -- tip: 🔐 encrypt with Dotenvx: https://dotenvx.com"}
{"timestamp":"2026-05-30T03:18:06.094Z","level":"LOG","message":"[dotenv@17.3.1] injecting env (0) from .env -- tip: 🛡️ auth for agents: https://vestauth.com"}
{"timestamp":"2026-05-30T03:18:06.531Z","level":"LOG","message":"✅ DB Connected"}
{"timestamp":"2026-05-30T03:18:06.884Z","level":"LOG","message":"✅ Tables Synced"}
{"timestamp":"2026-05-30T03:18:06.904Z","level":"LOG","message":"🚀 Server running on port 9001"}
{"timestamp":"2026-05-30T04:15:26.438Z","level":"LOG","message":"[dotenv@17.3.1] injecting env (21) from .env -- tip: 🛡️ auth for agents: https://vestauth.com"}
{"timestamp":"2026-05-30T04:15:26.780Z","level":"LOG","message":"[dotenv@17.3.1] injecting env (0) from .env -- tip: ⚙️  specify custom .env file path with { path: '/custom/path/.env' }"}
{"timestamp":"2026-05-30T04:15:27.193Z","level":"LOG","message":"[dotenv@17.3.1] injecting env (0) from .env -- tip: ⚡️ secrets for agents: https://dotenvx.com/as2"}
{"timestamp":"2026-05-30T04:15:27.564Z","level":"LOG","message":"✅ DB Connected"}
{"timestamp":"2026-05-30T04:15:27.656Z","level":"LOG","message":"✅ Tables Synced"}
{"timestamp":"2026-05-30T04:15:27.668Z","level":"LOG","message":"🚀 Server running on port 9001"}
{"timestamp":"2026-05-30T05:20:47.175Z","level":"LOG","message":"[dotenv@17.3.1] injecting env (21) from .env -- tip: 🤖 agentic secret storage: https://dotenvx.com/as2"}
{"timestamp":"2026-05-30T05:20:47.694Z","level":"LOG","message":"[dotenv@17.3.1] injecting env (0) from .env -- tip: 🛡️ auth for agents: https://vestauth.com"}
{"timestamp":"2026-05-30T05:20:48.270Z","level":"LOG","message":"[dotenv@17.3.1] injecting env (0) from .env -- tip: ⚙️  load multiple .env files with { path: ['.env.local', '.env'] }"}
{"timestamp":"2026-05-30T05:20:48.805Z","level":"LOG","message":"✅ DB Connected"}
{"timestamp":"2026-05-30T05:20:48.951Z","level":"LOG","message":"✅ Tables Synced"}
{"timestamp":"2026-05-30T05:20:48.966Z","level":"LOG","message":"🚀 Server running on port 9001"}
{"timestamp":"2026-05-30T05:43:42.085Z","level":"LOG","message":"[dotenv@17.3.1] injecting env (21) from .env -- tip: 🛠️  run anywhere with `dotenvx run -- yourcommand`"}
{"timestamp":"2026-05-30T05:43:43.989Z","level":"LOG","message":"[dotenv@17.3.1] injecting env (0) from .env -- tip: 🤖 agentic secret storage: https://dotenvx.com/as2"}
{"timestamp":"2026-05-30T05:43:46.783Z","level":"LOG","message":"[dotenv@17.3.1] injecting env (0) from .env -- tip: ⚙️  write to custom object with { processEnv: myObject }"}
{"timestamp":"2026-05-30T05:43:50.777Z","level":"LOG","message":"✅ DB Connected"}
{"timestamp":"2026-05-30T05:43:51.568Z","level":"LOG","message":"✅ Tables Synced"}
{"timestamp":"2026-05-30T05:43:51.756Z","level":"LOG","message":"🚀 Server running on port 9001"}
{"timestamp":"2026-05-30T06:49:58.151Z","level":"LOG","message":"[dotenv@17.3.1] injecting env (21) from .env -- tip: 🛠️  run anywhere with `dotenvx run -- yourcommand`"}
{"timestamp":"2026-05-30T06:49:58.497Z","level":"LOG","message":"[dotenv@17.3.1] injecting env (0) from .env -- tip: ⚙️  write to custom object with { processEnv: myObject }"}
{"timestamp":"2026-05-30T06:49:58.981Z","level":"LOG","message":"[dotenv@17.3.1] injecting env (0) from .env -- tip: ⚙️  enable debug logging with { debug: true }"}
{"timestamp":"2026-05-30T06:49:59.335Z","level":"LOG","message":"✅ DB Connected"}
{"timestamp":"2026-05-30T06:49:59.428Z","level":"LOG","message":"✅ Tables Synced"}
{"timestamp":"2026-05-30T06:49:59.438Z","level":"LOG","message":"🚀 Server running on port 9001"}
{"timestamp":"2026-05-30T07:50:38.058Z","level":"LOG","message":"[dotenv@17.3.1] injecting env (21) from .env -- tip: 🤖 agentic secret storage: https://dotenvx.com/as2"}
{"timestamp":"2026-05-30T07:50:38.434Z","level":"LOG","message":"[dotenv@17.3.1] injecting env (0) from .env -- tip: 🔐 prevent building .env in docker: https://dotenvx.com/prebuild"}
{"timestamp":"2026-05-30T07:50:38.948Z","level":"LOG","message":"[dotenv@17.3.1] injecting env (0) from .env -- tip: 🛠️  run anywhere with `dotenvx run -- yourcommand`"}
{"timestamp":"2026-05-30T07:50:39.347Z","level":"LOG","message":"✅ DB Connected"}
{"timestamp":"2026-05-30T07:50:39.449Z","level":"LOG","message":"✅ Tables Synced"}
{"timestamp":"2026-05-30T07:50:39.464Z","level":"LOG","message":"🚀 Server running on port 9001"}
{"timestamp":"2026-05-30T09:01:32.310Z","level":"LOG","message":"[dotenv@17.3.1] injecting env (21) from .env -- tip: ⚙️  specify custom .env file path with { path: '/custom/path/.env' }"}
{"timestamp":"2026-05-30T09:01:32.710Z","level":"LOG","message":"[dotenv@17.3.1] injecting env (0) from .env -- tip: ⚙️  suppress all logs with { quiet: true }"}
{"timestamp":"2026-05-30T09:01:33.154Z","level":"LOG","message":"[dotenv@17.3.1] injecting env (0) from .env -- tip: 🔐 encrypt with Dotenvx: https://dotenvx.com"}
{"timestamp":"2026-05-30T09:01:33.508Z","level":"LOG","message":"✅ DB Connected"}
{"timestamp":"2026-05-30T09:01:33.595Z","level":"LOG","message":"✅ Tables Synced"}
{"timestamp":"2026-05-30T09:01:33.608Z","level":"LOG","message":"🚀 Server running on port 9001"}
{"timestamp":"2026-05-30T10:09:57.903Z","level":"LOG","message":"[dotenv@17.3.1] injecting env (21) from .env -- tip: ⚙️  enable debug logging with { debug: true }"}
{"timestamp":"2026-05-30T10:09:58.310Z","level":"LOG","message":"[dotenv@17.3.1] injecting env (0) from .env -- tip: ⚙️  load multiple .env files with { path: ['.env.local', '.env'] }"}
{"timestamp":"2026-05-30T10:09:58.824Z","level":"LOG","message":"[dotenv@17.3.1] injecting env (0) from .env -- tip: ⚙️  enable debug logging with { debug: true }"}
{"timestamp":"2026-05-30T10:09:59.222Z","level":"LOG","message":"✅ DB Connected"}
{"timestamp":"2026-05-30T10:09:59.349Z","level":"LOG","message":"✅ Tables Synced"}
{"timestamp":"2026-05-30T10:09:59.367Z","level":"LOG","message":"🚀 Server running on port 9001"}
{"timestamp":"2026-05-30T10:12:55.301Z","level":"LOG","message":"[dotenv@17.3.1] injecting env (21) from .env -- tip: ⚙️  write to custom object with { processEnv: myObject }"}
{"timestamp":"2026-05-30T10:12:55.643Z","level":"LOG","message":"[dotenv@17.3.1] injecting env (0) from .env -- tip: ⚙️  write to custom object with { processEnv: myObject }"}
{"timestamp":"2026-05-30T10:12:56.129Z","level":"LOG","message":"[dotenv@17.3.1] injecting env (0) from .env -- tip: ⚙️  enable debug logging with { debug: true }"}
{"timestamp":"2026-05-30T10:12:56.582Z","level":"LOG","message":"✅ DB Connected"}
{"timestamp":"2026-05-30T10:12:56.784Z","level":"LOG","message":"✅ Tables Synced"}
{"timestamp":"2026-05-30T10:12:56.800Z","level":"LOG","message":"🚀 Server running on port 9001"}
{"timestamp":"2026-05-30T10:24:45.365Z","level":"LOG","message":"[dotenv@17.3.1] injecting env (21) from .env -- tip: ⚙️  load multiple .env files with { path: ['.env.local', '.env'] }"}
{"timestamp":"2026-05-30T10:24:45.728Z","level":"LOG","message":"[dotenv@17.3.1] injecting env (0) from .env -- tip: 🛡️ auth for agents: https://vestauth.com"}
{"timestamp":"2026-05-30T10:24:46.428Z","level":"LOG","message":"[dotenv@17.3.1] injecting env (0) from .env -- tip: 🛠️  run anywhere with `dotenvx run -- yourcommand`"}
{"timestamp":"2026-05-30T10:24:46.791Z","level":"LOG","message":"✅ DB Connected"}
{"timestamp":"2026-05-30T10:24:46.911Z","level":"LOG","message":"✅ Tables Synced"}
{"timestamp":"2026-05-30T10:24:46.926Z","level":"LOG","message":"🚀 Server running on port 9001"}
{"timestamp":"2026-05-30T12:12:14.840Z","level":"LOG","message":"[dotenv@17.3.1] injecting env (21) from .env -- tip: ⚙️  enable debug logging with { debug: true }"}
{"timestamp":"2026-05-30T12:12:15.363Z","level":"LOG","message":"[dotenv@17.3.1] injecting env (0) from .env -- tip: ⚙️  specify custom .env file path with { path: '/custom/path/.env' }"}
{"timestamp":"2026-05-30T12:12:15.966Z","level":"LOG","message":"[dotenv@17.3.1] injecting env (0) from .env -- tip: 🛡️ auth for agents: https://vestauth.com"}
{"timestamp":"2026-05-30T12:12:16.421Z","level":"LOG","message":"✅ DB Connected"}
{"timestamp":"2026-05-30T12:12:16.837Z","level":"LOG","message":"✅ Tables Synced"}
{"timestamp":"2026-05-30T12:12:16.852Z","level":"LOG","message":"🚀 Server running on port 9001"}
{"timestamp":"2026-05-30T13:38:26.063Z","level":"LOG","message":"[dotenv@17.3.1] injecting env (21) from .env -- tip: ⚙️  load multiple .env files with { path: ['.env.local', '.env'] }"}
{"timestamp":"2026-05-30T13:38:26.443Z","level":"LOG","message":"[dotenv@17.3.1] injecting env (0) from .env -- tip: ⚙️  override existing env vars with { override: true }"}
{"timestamp":"2026-05-30T13:38:26.912Z","level":"LOG","message":"[dotenv@17.3.1] injecting env (0) from .env -- tip: ⚙️  load multiple .env files with { path: ['.env.local', '.env'] }"}
{"timestamp":"2026-05-30T13:38:27.287Z","level":"LOG","message":"✅ DB Connected"}
{"timestamp":"2026-05-30T13:38:27.366Z","level":"LOG","message":"✅ Tables Synced"}
{"timestamp":"2026-05-30T13:38:27.378Z","level":"LOG","message":"🚀 Server running on port 9001"}
{"timestamp":"2026-05-30T15:31:59.467Z","level":"LOG","message":"[dotenv@17.3.1] injecting env (21) from .env -- tip: ⚙️  write to custom object with { processEnv: myObject }"}
{"timestamp":"2026-05-30T15:31:59.774Z","level":"LOG","message":"[dotenv@17.3.1] injecting env (0) from .env -- tip: 🛠️  run anywhere with `dotenvx run -- yourcommand`"}
{"timestamp":"2026-05-30T15:32:00.137Z","level":"LOG","message":"[dotenv@17.3.1] injecting env (0) from .env -- tip: 🔐 prevent committing .env to code: https://dotenvx.com/precommit"}
{"timestamp":"2026-05-30T15:32:00.473Z","level":"LOG","message":"✅ DB Connected"}
{"timestamp":"2026-05-30T15:32:00.549Z","level":"LOG","message":"✅ Tables Synced"}
{"timestamp":"2026-05-30T15:32:00.561Z","level":"LOG","message":"🚀 Server running on port 9001"}
{"timestamp":"2026-05-30T16:38:16.959Z","level":"LOG","message":"[dotenv@17.3.1] injecting env (21) from .env -- tip: ⚙️  override existing env vars with { override: true }"}
{"timestamp":"2026-05-30T16:38:17.312Z","level":"LOG","message":"[dotenv@17.3.1] injecting env (0) from .env -- tip: 🛠️  run anywhere with `dotenvx run -- yourcommand`"}
{"timestamp":"2026-05-30T16:38:17.808Z","level":"LOG","message":"[dotenv@17.3.1] injecting env (0) from .env -- tip: ⚙️  load multiple .env files with { path: ['.env.local', '.env'] }"}
{"timestamp":"2026-05-30T16:38:18.264Z","level":"LOG","message":"✅ DB Connected"}
{"timestamp":"2026-05-30T16:38:18.376Z","level":"LOG","message":"✅ Tables Synced"}
{"timestamp":"2026-05-30T16:38:18.390Z","level":"LOG","message":"🚀 Server running on port 9001"}
{"timestamp":"2026-05-30T17:39:06.756Z","level":"LOG","message":"[dotenv@17.3.1] injecting env (21) from .env -- tip: 🛡️ auth for agents: https://vestauth.com"}
{"timestamp":"2026-05-30T17:39:07.062Z","level":"LOG","message":"[dotenv@17.3.1] injecting env (0) from .env -- tip: ⚙️  suppress all logs with { quiet: true }"}
{"timestamp":"2026-05-30T17:39:07.419Z","level":"LOG","message":"[dotenv@17.3.1] injecting env (0) from .env -- tip: ⚙️  suppress all logs with { quiet: true }"}
{"timestamp":"2026-05-30T17:39:07.715Z","level":"LOG","message":"✅ DB Connected"}
{"timestamp":"2026-05-30T17:39:07.785Z","level":"LOG","message":"✅ Tables Synced"}
{"timestamp":"2026-05-30T17:39:07.795Z","level":"LOG","message":"🚀 Server running on port 9001"}
{"timestamp":"2026-05-30T18:40:09.122Z","level":"LOG","message":"[dotenv@17.3.1] injecting env (21) from .env -- tip: ⚙️  override existing env vars with { override: true }"}
{"timestamp":"2026-05-30T18:40:09.565Z","level":"LOG","message":"[dotenv@17.3.1] injecting env (0) from .env -- tip: 🛡️ auth for agents: https://vestauth.com"}
{"timestamp":"2026-05-30T18:40:10.165Z","level":"LOG","message":"[dotenv@17.3.1] injecting env (0) from .env -- tip: ⚙️  write to custom object with { processEnv: myObject }"}
{"timestamp":"2026-05-30T18:40:10.603Z","level":"LOG","message":"✅ DB Connected"}
{"timestamp":"2026-05-30T18:40:10.740Z","level":"LOG","message":"✅ Tables Synced"}
{"timestamp":"2026-05-30T18:40:10.754Z","level":"LOG","message":"🚀 Server running on port 9001"}
{"timestamp":"2026-05-30T19:41:28.227Z","level":"LOG","message":"[dotenv@17.3.1] injecting env (21) from .env -- tip: ⚡️ secrets for agents: https://dotenvx.com/as2"}
{"timestamp":"2026-05-30T19:41:28.565Z","level":"LOG","message":"[dotenv@17.3.1] injecting env (0) from .env -- tip: ⚙️  specify custom .env file path with { path: '/custom/path/.env' }"}
{"timestamp":"2026-05-30T19:41:29.026Z","level":"LOG","message":"[dotenv@17.3.1] injecting env (0) from .env -- tip: ⚙️  override existing env vars with { override: true }"}
{"timestamp":"2026-05-30T19:41:29.356Z","level":"LOG","message":"✅ DB Connected"}
{"timestamp":"2026-05-30T19:41:29.458Z","level":"LOG","message":"✅ Tables Synced"}
{"timestamp":"2026-05-30T19:41:29.473Z","level":"LOG","message":"🚀 Server running on port 9001"}
{"timestamp":"2026-05-30T20:51:11.733Z","level":"LOG","message":"[dotenv@17.3.1] injecting env (21) from .env -- tip: 🔐 encrypt with Dotenvx: https://dotenvx.com"}
{"timestamp":"2026-05-30T20:51:12.234Z","level":"LOG","message":"[dotenv@17.3.1] injecting env (0) from .env -- tip: ⚡️ secrets for agents: https://dotenvx.com/as2"}
{"timestamp":"2026-05-30T20:51:12.888Z","level":"LOG","message":"[dotenv@17.3.1] injecting env (0) from .env -- tip: ⚙️  enable debug logging with { debug: true }"}
{"timestamp":"2026-05-30T20:51:13.362Z","level":"LOG","message":"✅ DB Connected"}
{"timestamp":"2026-05-30T20:51:13.493Z","level":"LOG","message":"✅ Tables Synced"}
{"timestamp":"2026-05-30T20:51:13.508Z","level":"LOG","message":"🚀 Server running on port 9001"}
{"timestamp":"2026-05-30T21:52:05.104Z","level":"LOG","message":"[dotenv@17.3.1] injecting env (21) from .env -- tip: 🔐 prevent committing .env to code: https://dotenvx.com/precommit"}
{"timestamp":"2026-05-30T21:52:05.793Z","level":"LOG","message":"[dotenv@17.3.1] injecting env (0) from .env -- tip: ⚙️  load multiple .env files with { path: ['.env.local', '.env'] }"}
{"timestamp":"2026-05-30T21:52:06.528Z","level":"LOG","message":"[dotenv@17.3.1] injecting env (0) from .env -- tip: 🛡️ auth for agents: https://vestauth.com"}
{"timestamp":"2026-05-30T21:52:06.969Z","level":"LOG","message":"✅ DB Connected"}
{"timestamp":"2026-05-30T21:52:07.078Z","level":"LOG","message":"✅ Tables Synced"}
{"timestamp":"2026-05-30T21:52:07.093Z","level":"LOG","message":"🚀 Server running on port 9001"}
{"timestamp":"2026-05-30T23:03:25.618Z","level":"LOG","message":"[dotenv@17.3.1] injecting env (21) from .env -- tip: 🛠️  run anywhere with `dotenvx run -- yourcommand`"}
{"timestamp":"2026-05-30T23:03:25.883Z","level":"LOG","message":"[dotenv@17.3.1] injecting env (0) from .env -- tip: ⚡️ secrets for agents: https://dotenvx.com/as2"}
{"timestamp":"2026-05-30T23:03:26.217Z","level":"LOG","message":"[dotenv@17.3.1] injecting env (0) from .env -- tip: ⚙️  enable debug logging with { debug: true }"}
{"timestamp":"2026-05-30T23:03:26.525Z","level":"LOG","message":"✅ DB Connected"}
{"timestamp":"2026-05-30T23:03:26.585Z","level":"LOG","message":"✅ Tables Synced"}
{"timestamp":"2026-05-30T23:03:26.594Z","level":"LOG","message":"🚀 Server running on port 9001"}
{"timestamp":"2026-05-31T00:08:10.744Z","level":"LOG","message":"[dotenv@17.3.1] injecting env (21) from .env -- tip: ⚙️  suppress all logs with { quiet: true }"}
{"timestamp":"2026-05-31T00:08:11.036Z","level":"LOG","message":"[dotenv@17.3.1] injecting env (0) from .env -- tip: 🔐 prevent committing .env to code: https://dotenvx.com/precommit"}
{"timestamp":"2026-05-31T00:08:11.420Z","level":"LOG","message":"[dotenv@17.3.1] injecting env (0) from .env -- tip: ⚙️  enable debug logging with { debug: true }"}
{"timestamp":"2026-05-31T00:08:11.728Z","level":"LOG","message":"✅ DB Connected"}
{"timestamp":"2026-05-31T00:08:11.811Z","level":"LOG","message":"✅ Tables Synced"}
{"timestamp":"2026-05-31T00:08:11.822Z","level":"LOG","message":"🚀 Server running on port 9001"}
{"timestamp":"2026-05-31T01:51:48.307Z","level":"LOG","message":"[dotenv@17.3.1] injecting env (21) from .env -- tip: ⚙️  load multiple .env files with { path: ['.env.local', '.env'] }"}
{"timestamp":"2026-05-31T01:51:48.634Z","level":"LOG","message":"[dotenv@17.3.1] injecting env (0) from .env -- tip: 🤖 agentic secret storage: https://dotenvx.com/as2"}
{"timestamp":"2026-05-31T01:51:49.024Z","level":"LOG","message":"[dotenv@17.3.1] injecting env (0) from .env -- tip: ⚙️  override existing env vars with { override: true }"}
{"timestamp":"2026-05-31T01:51:49.365Z","level":"LOG","message":"✅ DB Connected"}
{"timestamp":"2026-05-31T01:51:49.461Z","level":"LOG","message":"✅ Tables Synced"}
{"timestamp":"2026-05-31T01:51:49.472Z","level":"LOG","message":"🚀 Server running on port 9001"}
{"timestamp":"2026-05-31T01:57:36.373Z","level":"LOG","message":"[dotenv@17.3.1] injecting env (21) from .env -- tip: ⚙️  load multiple .env files with { path: ['.env.local', '.env'] }"}
{"timestamp":"2026-05-31T01:57:36.664Z","level":"LOG","message":"[dotenv@17.3.1] injecting env (0) from .env -- tip: 🔐 prevent committing .env to code: https://dotenvx.com/precommit"}
{"timestamp":"2026-05-31T01:57:37.039Z","level":"LOG","message":"[dotenv@17.3.1] injecting env (0) from .env -- tip: 🛠️  run anywhere with `dotenvx run -- yourcommand`"}
{"timestamp":"2026-05-31T01:57:37.314Z","level":"LOG","message":"✅ DB Connected"}
{"timestamp":"2026-05-31T01:57:37.397Z","level":"LOG","message":"✅ Tables Synced"}
{"timestamp":"2026-05-31T01:57:37.409Z","level":"LOG","message":"🚀 Server running on port 9001"}
{"timestamp":"2026-05-31T03:37:27.740Z","level":"LOG","message":"[dotenv@17.3.1] injecting env (21) from .env -- tip: 🤖 agentic secret storage: https://dotenvx.com/as2"}
{"timestamp":"2026-05-31T03:37:28.039Z","level":"LOG","message":"[dotenv@17.3.1] injecting env (0) from .env -- tip: ⚙️  specify custom .env file path with { path: '/custom/path/.env' }"}
{"timestamp":"2026-05-31T03:37:28.423Z","level":"LOG","message":"[dotenv@17.3.1] injecting env (0) from .env -- tip: 🤖 agentic secret storage: https://dotenvx.com/as2"}
{"timestamp":"2026-05-31T03:37:28.764Z","level":"LOG","message":"✅ DB Connected"}
{"timestamp":"2026-05-31T03:37:28.829Z","level":"LOG","message":"✅ Tables Synced"}
{"timestamp":"2026-05-31T03:37:28.839Z","level":"LOG","message":"🚀 Server running on port 9001"}
{"timestamp":"2026-05-31T04:38:07.590Z","level":"LOG","message":"[dotenv@17.3.1] injecting env (21) from .env -- tip: ⚙️  override existing env vars with { override: true }"}
{"timestamp":"2026-05-31T04:38:07.966Z","level":"LOG","message":"[dotenv@17.3.1] injecting env (0) from .env -- tip: ⚙️  specify custom .env file path with { path: '/custom/path/.env' }"}
{"timestamp":"2026-05-31T04:38:08.418Z","level":"LOG","message":"[dotenv@17.3.1] injecting env (0) from .env -- tip: ⚙️  enable debug logging with { debug: true }"}
{"timestamp":"2026-05-31T04:38:08.783Z","level":"LOG","message":"✅ DB Connected"}
{"timestamp":"2026-05-31T04:38:08.896Z","level":"LOG","message":"✅ Tables Synced"}
{"timestamp":"2026-05-31T04:38:08.909Z","level":"LOG","message":"🚀 Server running on port 9001"}
{"timestamp":"2026-05-31T06:13:34.277Z","level":"LOG","message":"[dotenv@17.3.1] injecting env (21) from .env -- tip: 🔐 prevent building .env in docker: https://dotenvx.com/prebuild"}
{"timestamp":"2026-05-31T06:13:34.579Z","level":"LOG","message":"[dotenv@17.3.1] injecting env (0) from .env -- tip: 🔐 prevent building .env in docker: https://dotenvx.com/prebuild"}
{"timestamp":"2026-05-31T06:13:34.966Z","level":"LOG","message":"[dotenv@17.3.1] injecting env (0) from .env -- tip: ⚡️ secrets for agents: https://dotenvx.com/as2"}
{"timestamp":"2026-05-31T06:13:35.370Z","level":"LOG","message":"✅ DB Connected"}
{"timestamp":"2026-05-31T06:13:35.456Z","level":"LOG","message":"✅ Tables Synced"}
{"timestamp":"2026-05-31T06:13:35.469Z","level":"LOG","message":"🚀 Server running on port 9001"}
{"timestamp":"2026-05-31T07:40:48.996Z","level":"LOG","message":"[dotenv@17.3.1] injecting env (21) from .env -- tip: ⚙️  specify custom .env file path with { path: '/custom/path/.env' }"}
{"timestamp":"2026-05-31T07:40:49.371Z","level":"LOG","message":"[dotenv@17.3.1] injecting env (0) from .env -- tip: ⚡️ secrets for agents: https://dotenvx.com/as2"}
{"timestamp":"2026-05-31T07:40:49.807Z","level":"LOG","message":"[dotenv@17.3.1] injecting env (0) from .env -- tip: ⚙️  override existing env vars with { override: true }"}
{"timestamp":"2026-05-31T07:40:50.116Z","level":"LOG","message":"✅ DB Connected"}
{"timestamp":"2026-05-31T07:40:50.192Z","level":"LOG","message":"✅ Tables Synced"}
{"timestamp":"2026-05-31T07:40:50.206Z","level":"LOG","message":"🚀 Server running on port 9001"}
{"timestamp":"2026-05-31T09:22:35.938Z","level":"LOG","message":"[dotenv@17.3.1] injecting env (21) from .env -- tip: ⚙️  override existing env vars with { override: true }"}
{"timestamp":"2026-05-31T09:22:36.300Z","level":"LOG","message":"[dotenv@17.3.1] injecting env (0) from .env -- tip: ⚙️  specify custom .env file path with { path: '/custom/path/.env' }"}
{"timestamp":"2026-05-31T09:22:36.755Z","level":"LOG","message":"[dotenv@17.3.1] injecting env (0) from .env -- tip: ⚙️  enable debug logging with { debug: true }"}
{"timestamp":"2026-05-31T09:22:37.100Z","level":"LOG","message":"✅ DB Connected"}
{"timestamp":"2026-05-31T09:22:37.195Z","level":"LOG","message":"✅ Tables Synced"}
{"timestamp":"2026-05-31T09:22:37.209Z","level":"LOG","message":"🚀 Server running on port 9001"}
{"timestamp":"2026-05-31T10:54:11.117Z","level":"LOG","message":"[dotenv@17.3.1] injecting env (21) from .env -- tip: 🛡️ auth for agents: https://vestauth.com"}
{"timestamp":"2026-05-31T10:54:11.434Z","level":"LOG","message":"[dotenv@17.3.1] injecting env (0) from .env -- tip: ⚙️  load multiple .env files with { path: ['.env.local', '.env'] }"}
{"timestamp":"2026-05-31T10:54:11.835Z","level":"LOG","message":"[dotenv@17.3.1] injecting env (0) from .env -- tip: 🛡️ auth for agents: https://vestauth.com"}
{"timestamp":"2026-05-31T10:54:12.169Z","level":"LOG","message":"✅ DB Connected"}
{"timestamp":"2026-05-31T10:54:12.239Z","level":"LOG","message":"✅ Tables Synced"}
{"timestamp":"2026-05-31T10:54:12.248Z","level":"LOG","message":"🚀 Server running on port 9001"}
{"timestamp":"2026-05-31T12:11:09.896Z","level":"LOG","message":"[dotenv@17.3.1] injecting env (21) from .env -- tip: ⚙️  specify custom .env file path with { path: '/custom/path/.env' }"}
{"timestamp":"2026-05-31T12:11:10.215Z","level":"LOG","message":"[dotenv@17.3.1] injecting env (0) from .env -- tip: 🔐 prevent building .env in docker: https://dotenvx.com/prebuild"}
{"timestamp":"2026-05-31T12:11:10.569Z","level":"LOG","message":"[dotenv@17.3.1] injecting env (0) from .env -- tip: 🛠️  run anywhere with `dotenvx run -- yourcommand`"}
{"timestamp":"2026-05-31T12:11:10.927Z","level":"LOG","message":"✅ DB Connected"}
{"timestamp":"2026-05-31T12:11:11.004Z","level":"LOG","message":"✅ Tables Synced"}
{"timestamp":"2026-05-31T12:11:11.017Z","level":"LOG","message":"🚀 Server running on port 9001"}
{"timestamp":"2026-05-31T13:27:58.256Z","level":"LOG","message":"[dotenv@17.3.1] injecting env (21) from .env -- tip: ⚙️  enable debug logging with { debug: true }"}
{"timestamp":"2026-05-31T13:27:58.673Z","level":"LOG","message":"[dotenv@17.3.1] injecting env (0) from .env -- tip: ⚙️  write to custom object with { processEnv: myObject }"}
{"timestamp":"2026-05-31T13:27:59.214Z","level":"LOG","message":"[dotenv@17.3.1] injecting env (0) from .env -- tip: ⚙️  override existing env vars with { override: true }"}
{"timestamp":"2026-05-31T13:27:59.624Z","level":"LOG","message":"✅ DB Connected"}
{"timestamp":"2026-05-31T13:27:59.740Z","level":"LOG","message":"✅ Tables Synced"}
{"timestamp":"2026-05-31T13:27:59.749Z","level":"LOG","message":"🚀 Server running on port 9001"}
{"timestamp":"2026-05-31T15:32:36.505Z","level":"LOG","message":"[dotenv@17.3.1] injecting env (21) from .env -- tip: ⚙️  specify custom .env file path with { path: '/custom/path/.env' }"}
{"timestamp":"2026-05-31T15:32:36.904Z","level":"LOG","message":"[dotenv@17.3.1] injecting env (0) from .env -- tip: 🔐 encrypt with Dotenvx: https://dotenvx.com"}
{"timestamp":"2026-05-31T15:32:37.497Z","level":"LOG","message":"[dotenv@17.3.1] injecting env (0) from .env -- tip: 🔐 encrypt with Dotenvx: https://dotenvx.com"}
{"timestamp":"2026-05-31T15:32:38.314Z","level":"LOG","message":"✅ DB Connected"}
{"timestamp":"2026-05-31T15:32:38.441Z","level":"LOG","message":"✅ Tables Synced"}
{"timestamp":"2026-05-31T15:32:38.453Z","level":"LOG","message":"🚀 Server running on port 9001"}
{"timestamp":"2026-05-31T17:11:19.711Z","level":"LOG","message":"[dotenv@17.3.1] injecting env (21) from .env -- tip: ⚙️  enable debug logging with { debug: true }"}
{"timestamp":"2026-05-31T17:11:20.019Z","level":"LOG","message":"[dotenv@17.3.1] injecting env (0) from .env -- tip: ⚙️  load multiple .env files with { path: ['.env.local', '.env'] }"}
{"timestamp":"2026-05-31T17:11:20.465Z","level":"LOG","message":"[dotenv@17.3.1] injecting env (0) from .env -- tip: ⚙️  suppress all logs with { quiet: true }"}
{"timestamp":"2026-05-31T17:11:20.799Z","level":"LOG","message":"✅ DB Connected"}
{"timestamp":"2026-05-31T17:11:20.889Z","level":"LOG","message":"✅ Tables Synced"}
{"timestamp":"2026-05-31T17:11:20.902Z","level":"LOG","message":"🚀 Server running on port 9001"}
{"timestamp":"2026-05-31T17:24:29.595Z","level":"LOG","message":"[dotenv@17.3.1] injecting env (21) from .env -- tip: 🔐 prevent committing .env to code: https://dotenvx.com/precommit"}
{"timestamp":"2026-05-31T17:24:29.867Z","level":"LOG","message":"[dotenv@17.3.1] injecting env (0) from .env -- tip: ⚙️  write to custom object with { processEnv: myObject }"}
{"timestamp":"2026-05-31T17:24:30.212Z","level":"LOG","message":"[dotenv@17.3.1] injecting env (0) from .env -- tip: 🤖 agentic secret storage: https://dotenvx.com/as2"}
{"timestamp":"2026-05-31T17:24:30.574Z","level":"LOG","message":"✅ DB Connected"}
{"timestamp":"2026-05-31T17:24:30.651Z","level":"LOG","message":"✅ Tables Synced"}
{"timestamp":"2026-05-31T17:24:30.660Z","level":"LOG","message":"🚀 Server running on port 9001"}
{"timestamp":"2026-05-31T18:39:14.071Z","level":"LOG","message":"[dotenv@17.3.1] injecting env (21) from .env -- tip: ⚙️  specify custom .env file path with { path: '/custom/path/.env' }"}
{"timestamp":"2026-05-31T18:39:14.324Z","level":"LOG","message":"[dotenv@17.3.1] injecting env (0) from .env -- tip: 🛠️  run anywhere with `dotenvx run -- yourcommand`"}
{"timestamp":"2026-05-31T18:39:14.671Z","level":"LOG","message":"[dotenv@17.3.1] injecting env (0) from .env -- tip: ⚙️  enable debug logging with { debug: true }"}
{"timestamp":"2026-05-31T18:39:14.923Z","level":"LOG","message":"✅ DB Connected"}
{"timestamp":"2026-05-31T18:39:14.993Z","level":"LOG","message":"✅ Tables Synced"}
{"timestamp":"2026-05-31T18:39:15.003Z","level":"LOG","message":"🚀 Server running on port 9001"}
{"timestamp":"2026-05-31T19:50:27.356Z","level":"LOG","message":"[dotenv@17.3.1] injecting env (21) from .env -- tip: ⚙️  specify custom .env file path with { path: '/custom/path/.env' }"}
{"timestamp":"2026-05-31T19:50:27.597Z","level":"LOG","message":"[dotenv@17.3.1] injecting env (0) from .env -- tip: 🤖 agentic secret storage: https://dotenvx.com/as2"}
{"timestamp":"2026-05-31T19:50:27.877Z","level":"LOG","message":"[dotenv@17.3.1] injecting env (0) from .env -- tip: ⚙️  override existing env vars with { override: true }"}
{"timestamp":"2026-05-31T19:50:28.629Z","level":"LOG","message":"✅ DB Connected"}
{"timestamp":"2026-05-31T19:50:28.718Z","level":"LOG","message":"✅ Tables Synced"}
{"timestamp":"2026-05-31T19:50:28.732Z","level":"LOG","message":"🚀 Server running on port 9001"}
{"timestamp":"2026-05-31T20:57:06.580Z","level":"LOG","message":"[dotenv@17.3.1] injecting env (21) from .env -- tip: 🔐 prevent committing .env to code: https://dotenvx.com/precommit"}
{"timestamp":"2026-05-31T20:57:06.914Z","level":"LOG","message":"[dotenv@17.3.1] injecting env (0) from .env -- tip: ⚡️ secrets for agents: https://dotenvx.com/as2"}
{"timestamp":"2026-05-31T20:57:07.341Z","level":"LOG","message":"[dotenv@17.3.1] injecting env (0) from .env -- tip: 🤖 agentic secret storage: https://dotenvx.com/as2"}
{"timestamp":"2026-05-31T20:57:07.692Z","level":"LOG","message":"✅ DB Connected"}
{"timestamp":"2026-05-31T20:57:07.803Z","level":"LOG","message":"✅ Tables Synced"}
{"timestamp":"2026-05-31T20:57:07.816Z","level":"LOG","message":"🚀 Server running on port 9001"}
{"timestamp":"2026-05-31T21:59:45.138Z","level":"LOG","message":"[dotenv@17.3.1] injecting env (21) from .env -- tip: ⚙️  load multiple .env files with { path: ['.env.local', '.env'] }"}
{"timestamp":"2026-05-31T21:59:45.367Z","level":"LOG","message":"[dotenv@17.3.1] injecting env (0) from .env -- tip: ⚙️  specify custom .env file path with { path: '/custom/path/.env' }"}
{"timestamp":"2026-05-31T21:59:45.664Z","level":"LOG","message":"[dotenv@17.3.1] injecting env (0) from .env -- tip: 🔐 encrypt with Dotenvx: https://dotenvx.com"}
{"timestamp":"2026-05-31T21:59:45.921Z","level":"LOG","message":"✅ DB Connected"}
{"timestamp":"2026-05-31T21:59:46.011Z","level":"LOG","message":"✅ Tables Synced"}
{"timestamp":"2026-05-31T21:59:46.023Z","level":"LOG","message":"🚀 Server running on port 9001"}
{"timestamp":"2026-05-31T23:15:58.642Z","level":"LOG","message":"[dotenv@17.3.1] injecting env (21) from .env -- tip: 🔐 prevent committing .env to code: https://dotenvx.com/precommit"}
{"timestamp":"2026-05-31T23:15:58.907Z","level":"LOG","message":"[dotenv@17.3.1] injecting env (0) from .env -- tip: 🛠️  run anywhere with `dotenvx run -- yourcommand`"}
{"timestamp":"2026-05-31T23:15:59.228Z","level":"LOG","message":"[dotenv@17.3.1] injecting env (0) from .env -- tip: 🤖 agentic secret storage: https://dotenvx.com/as2"}
{"timestamp":"2026-05-31T23:15:59.513Z","level":"LOG","message":"✅ DB Connected"}
{"timestamp":"2026-05-31T23:15:59.583Z","level":"LOG","message":"✅ Tables Synced"}
{"timestamp":"2026-05-31T23:15:59.593Z","level":"LOG","message":"🚀 Server running on port 9001"}
{"timestamp":"2026-06-01T00:23:40.530Z","level":"LOG","message":"[dotenv@17.3.1] injecting env (21) from .env -- tip: ⚙️  write to custom object with { processEnv: myObject }"}
{"timestamp":"2026-06-01T00:23:40.785Z","level":"LOG","message":"[dotenv@17.3.1] injecting env (0) from .env -- tip: ⚙️  write to custom object with { processEnv: myObject }"}
{"timestamp":"2026-06-01T00:23:41.095Z","level":"LOG","message":"[dotenv@17.3.1] injecting env (0) from .env -- tip: 🔐 prevent building .env in docker: https://dotenvx.com/prebuild"}
{"timestamp":"2026-06-01T00:23:41.354Z","level":"LOG","message":"✅ DB Connected"}
{"timestamp":"2026-06-01T00:23:41.423Z","level":"LOG","message":"✅ Tables Synced"}
{"timestamp":"2026-06-01T00:23:41.432Z","level":"LOG","message":"🚀 Server running on port 9001"}
{"timestamp":"2026-06-01T01:25:36.508Z","level":"LOG","message":"[dotenv@17.3.1] injecting env (21) from .env -- tip: ⚙️  suppress all logs with { quiet: true }"}
{"timestamp":"2026-06-01T01:25:36.781Z","level":"LOG","message":"[dotenv@17.3.1] injecting env (0) from .env -- tip: ⚙️  override existing env vars with { override: true }"}
{"timestamp":"2026-06-01T01:25:37.122Z","level":"LOG","message":"[dotenv@17.3.1] injecting env (0) from .env -- tip: 🤖 agentic secret storage: https://dotenvx.com/as2"}
{"timestamp":"2026-06-01T01:25:37.384Z","level":"LOG","message":"✅ DB Connected"}
{"timestamp":"2026-06-01T01:25:37.465Z","level":"LOG","message":"✅ Tables Synced"}
{"timestamp":"2026-06-01T01:25:37.478Z","level":"LOG","message":"🚀 Server running on port 9001"}
{"timestamp":"2026-06-01T02:36:42.813Z","level":"LOG","message":"[dotenv@17.3.1] injecting env (21) from .env -- tip: 🔐 encrypt with Dotenvx: https://dotenvx.com"}
{"timestamp":"2026-06-01T02:36:43.042Z","level":"LOG","message":"[dotenv@17.3.1] injecting env (0) from .env -- tip: 🔐 encrypt with Dotenvx: https://dotenvx.com"}
{"timestamp":"2026-06-01T02:36:43.358Z","level":"LOG","message":"[dotenv@17.3.1] injecting env (0) from .env -- tip: 🛠️  run anywhere with `dotenvx run -- yourcommand`"}
{"timestamp":"2026-06-01T02:36:43.606Z","level":"LOG","message":"✅ DB Connected"}
{"timestamp":"2026-06-01T02:36:43.676Z","level":"LOG","message":"✅ Tables Synced"}
{"timestamp":"2026-06-01T02:36:43.688Z","level":"LOG","message":"🚀 Server running on port 9001"}
{"timestamp":"2026-06-01T03:45:08.273Z","level":"LOG","message":"[dotenv@17.3.1] injecting env (21) from .env -- tip: ⚙️  suppress all logs with { quiet: true }"}
{"timestamp":"2026-06-01T03:45:08.589Z","level":"LOG","message":"[dotenv@17.3.1] injecting env (0) from .env -- tip: ⚙️  specify custom .env file path with { path: '/custom/path/.env' }"}
{"timestamp":"2026-06-01T03:45:08.990Z","level":"LOG","message":"[dotenv@17.3.1] injecting env (0) from .env -- tip: ⚙️  enable debug logging with { debug: true }"}
{"timestamp":"2026-06-01T03:45:09.333Z","level":"LOG","message":"✅ DB Connected"}
{"timestamp":"2026-06-01T03:45:09.472Z","level":"LOG","message":"✅ Tables Synced"}
{"timestamp":"2026-06-01T03:45:09.487Z","level":"LOG","message":"🚀 Server running on port 9001"}
{"timestamp":"2026-06-01T04:46:08.880Z","level":"LOG","message":"[dotenv@17.3.1] injecting env (21) from .env -- tip: ⚡️ secrets for agents: https://dotenvx.com/as2"}
{"timestamp":"2026-06-01T04:46:09.341Z","level":"LOG","message":"[dotenv@17.3.1] injecting env (0) from .env -- tip: 🔐 encrypt with Dotenvx: https://dotenvx.com"}
{"timestamp":"2026-06-01T04:46:09.951Z","level":"LOG","message":"[dotenv@17.3.1] injecting env (0) from .env -- tip: ⚙️  suppress all logs with { quiet: true }"}
{"timestamp":"2026-06-01T04:46:10.484Z","level":"LOG","message":"✅ DB Connected"}
{"timestamp":"2026-06-01T04:46:10.687Z","level":"LOG","message":"✅ Tables Synced"}
{"timestamp":"2026-06-01T04:46:10.702Z","level":"LOG","message":"🚀 Server running on port 9001"}
{"timestamp":"2026-06-01T05:49:31.240Z","level":"LOG","message":"[dotenv@17.3.1] injecting env (21) from .env -- tip: 🔐 encrypt with Dotenvx: https://dotenvx.com"}
{"timestamp":"2026-06-01T05:49:31.628Z","level":"LOG","message":"[dotenv@17.3.1] injecting env (0) from .env -- tip: ⚙️  write to custom object with { processEnv: myObject }"}
{"timestamp":"2026-06-01T05:49:32.108Z","level":"LOG","message":"[dotenv@17.3.1] injecting env (0) from .env -- tip: 🔐 encrypt with Dotenvx: https://dotenvx.com"}
{"timestamp":"2026-06-01T05:49:32.526Z","level":"LOG","message":"✅ DB Connected"}
{"timestamp":"2026-06-01T05:49:32.636Z","level":"LOG","message":"✅ Tables Synced"}
{"timestamp":"2026-06-01T05:49:32.649Z","level":"LOG","message":"🚀 Server running on port 9001"}
{"timestamp":"2026-06-01T05:55:33.840Z","level":"LOG","message":"FILES 👉 {\"image\":[{\"fieldname\":\"image\",\"originalname\":\"elantra-2017-9-inch-frame-for-android-sound-boss-original-imahcgvgmehrhwws (1).jpeg\",\"encoding\":\"7bit\",\"mimetype\":\"image/jpeg\",\"destination\":\"/home/u823569727/domains/api.shop99.co.in/nodejs/uploads\",\"filename\":\"1780293333813-elantra-2017-9-inch-frame-for-android-sound-boss-original-imahcgvgmehrhwws (1).jpeg\",\"path\":\"/home/u823569727/domains/api.shop99.co.in/nodejs/uploads/1780293333813-elantra-2017-9-inch-frame-for-android-sound-boss-original-imahcgvgmehrhwws (1).jpeg\",\"size\":155583}]}"}
{"timestamp":"2026-06-01T06:02:58.037Z","level":"LOG","message":"FILES 👉 {\"image\":[{\"fieldname\":\"image\",\"originalname\":\"9-andro-d-q-led-bass-booster-with-android-auto-apple-car-play-original-imah9hf5zdqc5zmx.jpeg\",\"encoding\":\"7bit\",\"mimetype\":\"image/jpeg\",\"destination\":\"/home/u823569727/domains/api.shop99.co.in/nodejs/uploads\",\"filename\":\"1780293778027-9-andro-d-q-led-bass-booster-with-android-auto-apple-car-play-original-imah9hf5zdqc5zmx.jpeg\",\"path\":\"/home/u823569727/domains/api.shop99.co.in/nodejs/uploads/1780293778027-9-andro-d-q-led-bass-booster-with-android-auto-apple-car-play-original-imah9hf5zdqc5zmx.jpeg\",\"size\":107252}]}"}
{"timestamp":"2026-06-01T06:15:54.976Z","level":"LOG","message":"FILES 👉 {\"image\":[{\"fieldname\":\"image\",\"originalname\":\"2k-diamond-piano-series-androidify-4th-gen-10-1-2gb-64gb-android-original-imahk8gjrusmgfzk.jpeg\",\"encoding\":\"7bit\",\"mimetype\":\"image/jpeg\",\"destination\":\"/home/u823569727/domains/api.shop99.co.in/nodejs/uploads\",\"filename\":\"1780294554964-2k-diamond-piano-series-androidify-4th-gen-10-1-2gb-64gb-android-original-imahk8gjrusmgfzk.jpeg\",\"path\":\"/home/u823569727/domains/api.shop99.co.in/nodejs/uploads/1780294554964-2k-diamond-piano-series-androidify-4th-gen-10-1-2gb-64gb-android-original-imahk8gjrusmgfzk.jpeg\",\"size\":231989}]}"}
{"timestamp":"2026-06-01T06:24:03.379Z","level":"LOG","message":"FILES 👉 {\"image\":[{\"fieldname\":\"image\",\"originalname\":\"240w-universal-fit-double-din-7-inch-touch-screen-car-stereo-original-imahkdumesujtxjn.jpeg\",\"encoding\":\"7bit\",\"mimetype\":\"image/jpeg\",\"destination\":\"/home/u823569727/domains/api.shop99.co.in/nodejs/uploads\",\"filename\":\"1780295043356-240w-universal-fit-double-din-7-inch-touch-screen-car-stereo-original-imahkdumesujtxjn.jpeg\",\"path\":\"/home/u823569727/domains/api.shop99.co.in/nodejs/uploads/1780295043356-240w-universal-fit-double-din-7-inch-touch-screen-car-stereo-original-imahkdumesujtxjn.jpeg\",\"size\":26273}]}"}
{"timestamp":"2026-06-01T06:46:01.750Z","level":"LOG","message":"FILES 👉 {\"image\":[{\"fieldname\":\"image\",\"originalname\":\"androidify-4th-gen-10-1-qled-diamond-side-knob-2gb-32gb-android-original-imahk7ds4bdqaggv (1).jpeg\",\"encoding\":\"7bit\",\"mimetype\":\"image/jpeg\",\"destination\":\"/home/u823569727/domains/api.shop99.co.in/nodejs/uploads\",\"filename\":\"1780296361729-androidify-4th-gen-10-1-qled-diamond-side-knob-2gb-32gb-android-original-imahk7ds4bdqaggv (1).jpeg\",\"path\":\"/home/u823569727/domains/api.shop99.co.in/nodejs/uploads/1780296361729-androidify-4th-gen-10-1-qled-diamond-side-knob-2gb-32gb-android-original-imahk7ds4bdqaggv (1).jpeg\",\"size\":202929}]}"}
{"timestamp":"2026-06-01T06:53:29.656Z","level":"LOG","message":"[dotenv@17.3.1] injecting env (21) from .env -- tip: 🔐 encrypt with Dotenvx: https://dotenvx.com"}
{"timestamp":"2026-06-01T06:53:30.031Z","level":"LOG","message":"[dotenv@17.3.1] injecting env (0) from .env -- tip: 🛡️ auth for agents: https://vestauth.com"}
{"timestamp":"2026-06-01T06:53:30.541Z","level":"LOG","message":"[dotenv@17.3.1] injecting env (0) from .env -- tip: 🔐 encrypt with Dotenvx: https://dotenvx.com"}
{"timestamp":"2026-06-01T06:53:30.960Z","level":"LOG","message":"✅ DB Connected"}
{"timestamp":"2026-06-01T06:53:31.108Z","level":"LOG","message":"✅ Tables Synced"}
{"timestamp":"2026-06-01T06:53:31.122Z","level":"LOG","message":"🚀 Server running on port 9001"}
{"timestamp":"2026-06-01T06:53:31.429Z","level":"LOG","message":"FILES 👉 {\"image\":[{\"fieldname\":\"image\",\"originalname\":\"i10-nios-9-inch-abs-frame-for-android-rockson-original-imagyh9jzehczvmn.jpeg\",\"encoding\":\"7bit\",\"mimetype\":\"image/jpeg\",\"destination\":\"/home/u823569727/domains/api.shop99.co.in/nodejs/uploads\",\"filename\":\"1780296811398-i10-nios-9-inch-abs-frame-for-android-rockson-original-imagyh9jzehczvmn.jpeg\",\"path\":\"/home/u823569727/domains/api.shop99.co.in/nodejs/uploads/1780296811398-i10-nios-9-inch-abs-frame-for-android-rockson-original-imagyh9jzehczvmn.jpeg\",\"size\":129413}]}"}
{"timestamp":"2026-06-01T07:08:07.621Z","level":"LOG","message":"FILES 👉 {\"image\":[{\"fieldname\":\"image\",\"originalname\":\"sb-19-sound-boss-original-imahk76fbykzz4ts.jpeg\",\"encoding\":\"7bit\",\"mimetype\":\"image/jpeg\",\"destination\":\"/home/u823569727/domains/api.shop99.co.in/nodejs/uploads\",\"filename\":\"1780297687606-sb-19-sound-boss-original-imahk76fbykzz4ts.jpeg\",\"path\":\"/home/u823569727/domains/api.shop99.co.in/nodejs/uploads/1780297687606-sb-19-sound-boss-original-imahk76fbykzz4ts.jpeg\",\"size\":134476}]}"}
{"timestamp":"2026-06-01T07:15:24.756Z","level":"LOG","message":"FILES 👉 {\"image\":[{\"fieldname\":\"image\",\"originalname\":\"2k-diamond-series-androidify-4th-gen-11-5-middle-knob-4gb-64gb-original-imahk7exenfgggea.jpeg\",\"encoding\":\"7bit\",\"mimetype\":\"image/jpeg\",\"destination\":\"/home/u823569727/domains/api.shop99.co.in/nodejs/uploads\",\"filename\":\"1780298124740-2k-diamond-series-androidify-4th-gen-11-5-middle-knob-4gb-64gb-original-imahk7exenfgggea.jpeg\",\"path\":\"/home/u823569727/domains/api.shop99.co.in/nodejs/uploads/1780298124740-2k-diamond-series-androidify-4th-gen-11-5-middle-knob-4gb-64gb-original-imahk7exenfgggea.jpeg\",\"size\":187402}]}"}
{"timestamp":"2026-06-01T07:26:21.168Z","level":"LOG","message":"FILES 👉 {\"image\":[{\"fieldname\":\"image\",\"originalname\":\"9-inch-qled-extreme-2gb-32gb-punkmetal-original-imah9hfdczkbuu8f.jpeg\",\"encoding\":\"7bit\",\"mimetype\":\"image/jpeg\",\"destination\":\"/home/u823569727/domains/api.shop99.co.in/nodejs/uploads\",\"filename\":\"1780298781145-9-inch-qled-extreme-2gb-32gb-punkmetal-original-imah9hfdczkbuu8f.jpeg\",\"path\":\"/home/u823569727/domains/api.shop99.co.in/nodejs/uploads/1780298781145-9-inch-qled-extreme-2gb-32gb-punkmetal-original-imah9hfdczkbuu8f.jpeg\",\"size\":182862}]}"}
{"timestamp":"2026-06-01T07:38:17.657Z","level":"LOG","message":"FILES 👉 {\"image\":[{\"fieldname\":\"image\",\"originalname\":\"9-inch-android-2gb-32gb-with-ahd-camera-punkmetal-original-imahkdtvmhvzq7hh.jpeg\",\"encoding\":\"7bit\",\"mimetype\":\"image/jpeg\",\"destination\":\"/home/u823569727/domains/api.shop99.co.in/nodejs/uploads\",\"filename\":\"1780299497642-9-inch-android-2gb-32gb-with-ahd-camera-punkmetal-original-imahkdtvmhvzq7hh.jpeg\",\"path\":\"/home/u823569727/domains/api.shop99.co.in/nodejs/uploads/1780299497642-9-inch-android-2gb-32gb-with-ahd-camera-punkmetal-original-imahkdtvmhvzq7hh.jpeg\",\"size\":28712}]}"}
{"timestamp":"2026-06-01T07:44:10.364Z","level":"LOG","message":"FILES 👉 {\"image\":[{\"fieldname\":\"image\",\"originalname\":\"9-inch-qled-extreme-2gb-32gb-with-ahd-camera-punkmetal-original-imahk63zs6wfuzmx.jpeg\",\"encoding\":\"7bit\",\"mimetype\":\"image/jpeg\",\"destination\":\"/home/u823569727/domains/api.shop99.co.in/nodejs/uploads\",\"filename\":\"1780299850346-9-inch-qled-extreme-2gb-32gb-with-ahd-camera-punkmetal-original-imahk63zs6wfuzmx.jpeg\",\"path\":\"/home/u823569727/domains/api.shop99.co.in/nodejs/uploads/1780299850346-9-inch-qled-extreme-2gb-32gb-with-ahd-camera-punkmetal-original-imahk63zs6wfuzmx.jpeg\",\"size\":212598}]}"}
{"timestamp":"2026-06-01T07:58:23.407Z","level":"LOG","message":"[dotenv@17.3.1] injecting env (21) from .env -- tip: 🛠️  run anywhere with `dotenvx run -- yourcommand`"}
{"timestamp":"2026-06-01T07:58:23.699Z","level":"LOG","message":"[dotenv@17.3.1] injecting env (0) from .env -- tip: 🔐 prevent committing .env to code: https://dotenvx.com/precommit"}
{"timestamp":"2026-06-01T07:58:24.170Z","level":"LOG","message":"[dotenv@17.3.1] injecting env (0) from .env -- tip: 🔐 prevent building .env in docker: https://dotenvx.com/prebuild"}
{"timestamp":"2026-06-01T07:58:24.507Z","level":"LOG","message":"✅ DB Connected"}
{"timestamp":"2026-06-01T07:58:24.599Z","level":"LOG","message":"✅ Tables Synced"}
{"timestamp":"2026-06-01T07:58:24.614Z","level":"LOG","message":"🚀 Server running on port 9001"}
{"timestamp":"2026-06-01T07:58:48.172Z","level":"LOG","message":"FILES 👉 {\"image\":[{\"fieldname\":\"image\",\"originalname\":\"androidify-4th-gen-10-1-diamond-qled-middle-knob-2gb-32gb-original-imahk7e7xkcmkuqh.jpeg\",\"encoding\":\"7bit\",\"mimetype\":\"image/jpeg\",\"destination\":\"/home/u823569727/domains/api.shop99.co.in/nodejs/uploads\",\"filename\":\"1780300728128-androidify-4th-gen-10-1-diamond-qled-middle-knob-2gb-32gb-original-imahk7e7xkcmkuqh.jpeg\",\"path\":\"/home/u823569727/domains/api.shop99.co.in/nodejs/uploads/1780300728128-androidify-4th-gen-10-1-diamond-qled-middle-knob-2gb-32gb-original-imahk7e7xkcmkuqh.jpeg\",\"size\":204297}]}"}
{"timestamp":"2026-06-01T08:12:53.866Z","level":"LOG","message":"FILES 👉 {\"image\":[{\"fieldname\":\"image\",\"originalname\":\"10-1-andro-d-qled-2k-diamond-series-2gb-32gb-android-rockson-original-imahk8gmawg7yszh.jpeg\",\"encoding\":\"7bit\",\"mimetype\":\"image/jpeg\",\"destination\":\"/home/u823569727/domains/api.shop99.co.in/nodejs/uploads\",\"filename\":\"1780301573331-10-1-andro-d-qled-2k-diamond-series-2gb-32gb-android-rockson-original-imahk8gmawg7yszh.jpeg\",\"path\":\"/home/u823569727/domains/api.shop99.co.in/nodejs/uploads/1780301573331-10-1-andro-d-qled-2k-diamond-series-2gb-32gb-android-rockson-original-imahk8gmawg7yszh.jpeg\",\"size\":146986}]}"}
{"timestamp":"2026-06-01T08:18:23.551Z","level":"LOG","message":"FILES 👉 {\"image\":[{\"fieldname\":\"image\",\"originalname\":\"andromax-ma-300-9-4gb-64gb-carplay-android-auto-360-support-dsp-original-imahk8dneugqan5r.jpeg\",\"encoding\":\"7bit\",\"mimetype\":\"image/jpeg\",\"destination\":\"/home/u823569727/domains/api.shop99.co.in/nodejs/uploads\",\"filename\":\"1780301903532-andromax-ma-300-9-4gb-64gb-carplay-android-auto-360-support-dsp-original-imahk8dneugqan5r.jpeg\",\"path\":\"/home/u823569727/domains/api.shop99.co.in/nodejs/uploads/1780301903532-andromax-ma-300-9-4gb-64gb-carplay-android-auto-360-support-dsp-original-imahk8dneugqan5r.jpeg\",\"size\":288884}]}"}
{"timestamp":"2026-06-01T09:00:59.995Z","level":"LOG","message":"[dotenv@17.3.1] injecting env (21) from .env -- tip: ⚙️  override existing env vars with { override: true }"}
{"timestamp":"2026-06-01T09:01:00.332Z","level":"LOG","message":"[dotenv@17.3.1] injecting env (0) from .env -- tip: 🛡️ auth for agents: https://vestauth.com"}
{"timestamp":"2026-06-01T09:01:00.772Z","level":"LOG","message":"[dotenv@17.3.1] injecting env (0) from .env -- tip: 🛠️  run anywhere with `dotenvx run -- yourcommand`"}
{"timestamp":"2026-06-01T09:01:01.139Z","level":"LOG","message":"✅ DB Connected"}
{"timestamp":"2026-06-01T09:01:01.235Z","level":"LOG","message":"✅ Tables Synced"}
{"timestamp":"2026-06-01T09:01:01.249Z","level":"LOG","message":"🚀 Server running on port 9001"}
{"timestamp":"2026-06-01T09:07:23.684Z","level":"LOG","message":"FILES 👉 {\"image\":[{\"fieldname\":\"image\",\"originalname\":\"wrv-9-inch-frame-for-android-sound-boss-original-imahk89qxsegtrkp.jpeg\",\"encoding\":\"7bit\",\"mimetype\":\"image/jpeg\",\"destination\":\"/home/u823569727/domains/api.shop99.co.in/nodejs/uploads\",\"filename\":\"1780304843652-wrv-9-inch-frame-for-android-sound-boss-original-imahk89qxsegtrkp.jpeg\",\"path\":\"/home/u823569727/domains/api.shop99.co.in/nodejs/uploads/1780304843652-wrv-9-inch-frame-for-android-sound-boss-original-imahk89qxsegtrkp.jpeg\",\"size\":179525}]}"}
{"timestamp":"2026-06-01T09:16:37.715Z","level":"LOG","message":"FILES 👉 {\"image\":[{\"fieldname\":\"image\",\"originalname\":\"s-cross-9-inch-frame-for-android-sound-boss-original-imahk7hssnegpuqa.jpeg\",\"encoding\":\"7bit\",\"mimetype\":\"image/jpeg\",\"destination\":\"/home/u823569727/domains/api.shop99.co.in/nodejs/uploads\",\"filename\":\"1780305397704-s-cross-9-inch-frame-for-android-sound-boss-original-imahk7hssnegpuqa.jpeg\",\"path\":\"/home/u823569727/domains/api.shop99.co.in/nodejs/uploads/1780305397704-s-cross-9-inch-frame-for-android-sound-boss-original-imahk7hssnegpuqa.jpeg\",\"size\":166102}]}"}
{"timestamp":"2026-06-01T09:23:39.528Z","level":"LOG","message":"FILES 👉 {\"image\":[{\"fieldname\":\"image\",\"originalname\":\"qled-2k-diamond-piano-series-androidify-4th-generation-10-1-2gb-original-imahk8jf5keqren7.jpeg\",\"encoding\":\"7bit\",\"mimetype\":\"image/jpeg\",\"destination\":\"/home/u823569727/domains/api.shop99.co.in/nodejs/uploads\",\"filename\":\"1780305819509-qled-2k-diamond-piano-series-androidify-4th-generation-10-1-2gb-original-imahk8jf5keqren7.jpeg\",\"path\":\"/home/u823569727/domains/api.shop99.co.in/nodejs/uploads/1780305819509-qled-2k-diamond-piano-series-androidify-4th-generation-10-1-2gb-original-imahk8jf5keqren7.jpeg\",\"size\":228062}]}"}
{"timestamp":"2026-06-01T09:28:22.697Z","level":"LOG","message":"FILES 👉 {\"image\":[{\"fieldname\":\"image\",\"originalname\":\"old-pulse-9-inch-frame-for-android-sound-boss-original-imahk6bwzuv5t9x9.jpeg\",\"encoding\":\"7bit\",\"mimetype\":\"image/jpeg\",\"destination\":\"/home/u823569727/domains/api.shop99.co.in/nodejs/uploads\",\"filename\":\"1780306102675-old-pulse-9-inch-frame-for-android-sound-boss-original-imahk6bwzuv5t9x9.jpeg\",\"path\":\"/home/u823569727/domains/api.shop99.co.in/nodejs/uploads/1780306102675-old-pulse-9-inch-frame-for-android-sound-boss-original-imahk6bwzuv5t9x9.jpeg\",\"size\":172952}]}"}
{"timestamp":"2026-06-01T09:38:09.139Z","level":"LOG","message":"FILES 👉 {\"image\":[{\"fieldname\":\"image\",\"originalname\":\"androidify-minix-2gb-32gb-wireless-carplay-android-auto-ai-box-original-imahgj2peqa6hzfa.jpeg\",\"encoding\":\"7bit\",\"mimetype\":\"image/jpeg\",\"destination\":\"/home/u823569727/domains/api.shop99.co.in/nodejs/uploads\",\"filename\":\"1780306689100-androidify-minix-2gb-32gb-wireless-carplay-android-auto-ai-box-original-imahgj2peqa6hzfa.jpeg\",\"path\":\"/home/u823569727/domains/api.shop99.co.in/nodejs/uploads/1780306689100-androidify-minix-2gb-32gb-wireless-carplay-android-auto-ai-box-original-imahgj2peqa6hzfa.jpeg\",\"size\":161351}]}"}
{"timestamp":"2026-06-01T10:08:29.579Z","level":"LOG","message":"[dotenv@17.3.1] injecting env (21) from .env -- tip: 🔐 encrypt with Dotenvx: https://dotenvx.com"}
{"timestamp":"2026-06-01T10:08:29.938Z","level":"LOG","message":"[dotenv@17.3.1] injecting env (0) from .env -- tip: 🤖 agentic secret storage: https://dotenvx.com/as2"}
{"timestamp":"2026-06-01T10:08:30.448Z","level":"LOG","message":"[dotenv@17.3.1] injecting env (0) from .env -- tip: ⚙️  write to custom object with { processEnv: myObject }"}
{"timestamp":"2026-06-01T10:08:30.798Z","level":"LOG","message":"✅ DB Connected"}
{"timestamp":"2026-06-01T10:08:30.885Z","level":"LOG","message":"✅ Tables Synced"}
{"timestamp":"2026-06-01T10:08:30.899Z","level":"LOG","message":"🚀 Server running on port 9001"}
{"timestamp":"2026-06-01T10:11:49.921Z","level":"LOG","message":"FILES 👉 {\"image\":[{\"fieldname\":\"image\",\"originalname\":\"9-inch-car-android-2gb-32gb-ips-display-1080p-latest-android-original-imahk69xjp78agzr.jpeg\",\"encoding\":\"7bit\",\"mimetype\":\"image/jpeg\",\"destination\":\"/home/u823569727/domains/api.shop99.co.in/nodejs/uploads\",\"filename\":\"1780308709872-9-inch-car-android-2gb-32gb-ips-display-1080p-latest-android-original-imahk69xjp78agzr.jpeg\",\"path\":\"/home/u823569727/domains/api.shop99.co.in/nodejs/uploads/1780308709872-9-inch-car-android-2gb-32gb-ips-display-1080p-latest-android-original-imahk69xjp78agzr.jpeg\",\"size\":93832}]}"}
{"timestamp":"2026-06-01T10:31:47.012Z","level":"LOG","message":"FILES 👉 {\"image\":[{\"fieldname\":\"image\",\"originalname\":\"qled-2k-diamond-pro-androidify-4th-gen-10-5-2gb-32gb-android-original-imahk7fatch2yzvq.jpeg\",\"encoding\":\"7bit\",\"mimetype\":\"image/jpeg\",\"destination\":\"/home/u823569727/domains/api.shop99.co.in/nodejs/uploads\",\"filename\":\"1780309906971-qled-2k-diamond-pro-androidify-4th-gen-10-5-2gb-32gb-android-original-imahk7fatch2yzvq.jpeg\",\"path\":\"/home/u823569727/domains/api.shop99.co.in/nodejs/uploads/1780309906971-qled-2k-diamond-pro-androidify-4th-gen-10-5-2gb-32gb-android-original-imahk7fatch2yzvq.jpeg\",\"size\":236433}]}"}
{"timestamp":"2026-06-01T10:38:14.201Z","level":"LOG","message":"FILES 👉 {\"image\":[{\"fieldname\":\"image\",\"originalname\":\"andromax-ma-400-diamond-10-1-4gb-64gb-carplay-android-auto-dsp-original-imahkwuser2fzhcx.jpeg\",\"encoding\":\"7bit\",\"mimetype\":\"image/jpeg\",\"destination\":\"/home/u823569727/domains/api.shop99.co.in/nodejs/uploads\",\"filename\":\"1780310294133-andromax-ma-400-diamond-10-1-4gb-64gb-carplay-android-auto-dsp-original-imahkwuser2fzhcx.jpeg\",\"path\":\"/home/u823569727/domains/api.shop99.co.in/nodejs/uploads/1780310294133-andromax-ma-400-diamond-10-1-4gb-64gb-carplay-android-auto-dsp-original-imahkwuser2fzhcx.jpeg\",\"size\":181559}]}"}
{"timestamp":"2026-06-01T10:49:16.970Z","level":"LOG","message":"FILES 👉 {\"image\":[{\"fieldname\":\"image\",\"originalname\":\"androidify-4th-gen-10-1-diamond-qled-side-knob-2gb-32gb-android-original-imahk7ckkufqcpjj.jpeg\",\"encoding\":\"7bit\",\"mimetype\":\"image/jpeg\",\"destination\":\"/home/u823569727/domains/api.shop99.co.in/nodejs/uploads\",\"filename\":\"1780310956904-androidify-4th-gen-10-1-diamond-qled-side-knob-2gb-32gb-android-original-imahk7ckkufqcpjj.jpeg\",\"path\":\"/home/u823569727/domains/api.shop99.co.in/nodejs/uploads/1780310956904-androidify-4th-gen-10-1-diamond-qled-side-knob-2gb-32gb-android-original-imahk7ckkufqcpjj.jpeg\",\"size\":194628}]}"}
{"timestamp":"2026-06-01T10:58:28.346Z","level":"LOG","message":"FILES 👉 {\"image\":[{\"fieldname\":\"image\",\"originalname\":\"androidify-4th-gen-10-1-diamond-piano-series-2gb-32gb-android-original-imahk7eup2vumwah.jpeg\",\"encoding\":\"7bit\",\"mimetype\":\"image/jpeg\",\"destination\":\"/home/u823569727/domains/api.shop99.co.in/nodejs/uploads\",\"filename\":\"1780311508332-androidify-4th-gen-10-1-diamond-piano-series-2gb-32gb-android-original-imahk7eup2vumwah.jpeg\",\"path\":\"/home/u823569727/domains/api.shop99.co.in/nodejs/uploads/1780311508332-androidify-4th-gen-10-1-diamond-piano-series-2gb-32gb-android-original-imahk7eup2vumwah.jpeg\",\"size\":103169}]}"}
{"timestamp":"2026-06-01T11:19:56.514Z","level":"LOG","message":"[dotenv@17.3.1] injecting env (21) from .env -- tip: ⚙️  load multiple .env files with { path: ['.env.local', '.env'] }"}
{"timestamp":"2026-06-01T11:19:56.999Z","level":"LOG","message":"[dotenv@17.3.1] injecting env (0) from .env -- tip: ⚙️  suppress all logs with { quiet: true }"}
{"timestamp":"2026-06-01T11:19:57.608Z","level":"LOG","message":"[dotenv@17.3.1] injecting env (0) from .env -- tip: ⚙️  write to custom object with { processEnv: myObject }"}
{"timestamp":"2026-06-01T11:19:58.115Z","level":"LOG","message":"✅ DB Connected"}
{"timestamp":"2026-06-01T11:19:58.314Z","level":"LOG","message":"✅ Tables Synced"}
{"timestamp":"2026-06-01T11:19:58.328Z","level":"LOG","message":"🚀 Server running on port 9001"}
{"timestamp":"2026-06-01T11:28:48.748Z","level":"LOG","message":"FILES 👉 {\"image\":[{\"fieldname\":\"image\",\"originalname\":\"elantra-2017-9-inch-abs-frame-for-android-rockson-original-imagyh9jzf6b3wam.jpeg\",\"encoding\":\"7bit\",\"mimetype\":\"image/jpeg\",\"destination\":\"/home/u823569727/domains/api.shop99.co.in/nodejs/uploads\",\"filename\":\"1780313328692-elantra-2017-9-inch-abs-frame-for-android-rockson-original-imagyh9jzf6b3wam.jpeg\",\"path\":\"/home/u823569727/domains/api.shop99.co.in/nodejs/uploads/1780313328692-elantra-2017-9-inch-abs-frame-for-android-rockson-original-imagyh9jzf6b3wam.jpeg\",\"size\":144193}]}"}
{"timestamp":"2026-06-01T11:33:40.114Z","level":"LOG","message":"FILES 👉 {\"image\":[{\"fieldname\":\"image\",\"originalname\":\"pm-08-dual-usb-sd-aux-fm-bluetooth-universal-punkmetal-original-imahk8g2whx5mdfw.jpeg\",\"encoding\":\"7bit\",\"mimetype\":\"image/jpeg\",\"destination\":\"/home/u823569727/domains/api.shop99.co.in/nodejs/uploads\",\"filename\":\"1780313620090-pm-08-dual-usb-sd-aux-fm-bluetooth-universal-punkmetal-original-imahk8g2whx5mdfw.jpeg\",\"path\":\"/home/u823569727/domains/api.shop99.co.in/nodejs/uploads/1780313620090-pm-08-dual-usb-sd-aux-fm-bluetooth-universal-punkmetal-original-imahk8g2whx5mdfw.jpeg\",\"size\":1788872}]}"}
{"timestamp":"2026-06-01T12:20:13.919Z","level":"LOG","message":"[dotenv@17.3.1] injecting env (21) from .env -- tip: ⚙️  write to custom object with { processEnv: myObject }"}
{"timestamp":"2026-06-01T12:20:14.467Z","level":"LOG","message":"[dotenv@17.3.1] injecting env (0) from .env -- tip: ⚙️  load multiple .env files with { path: ['.env.local', '.env'] }"}
{"timestamp":"2026-06-01T12:20:14.910Z","level":"LOG","message":"[dotenv@17.3.1] injecting env (0) from .env -- tip: ⚡️ secrets for agents: https://dotenvx.com/as2"}
{"timestamp":"2026-06-01T12:20:15.311Z","level":"LOG","message":"✅ DB Connected"}
{"timestamp":"2026-06-01T12:20:16.569Z","level":"LOG","message":"✅ Tables Synced"}
{"timestamp":"2026-06-01T12:20:16.581Z","level":"LOG","message":"🚀 Server running on port 9001"}
{"timestamp":"2026-06-01T13:23:07.243Z","level":"LOG","message":"[dotenv@17.3.1] injecting env (21) from .env -- tip: ⚙️  enable debug logging with { debug: true }"}
{"timestamp":"2026-06-01T13:23:07.795Z","level":"LOG","message":"[dotenv@17.3.1] injecting env (0) from .env -- tip: ⚙️  enable debug logging with { debug: true }"}
{"timestamp":"2026-06-01T13:23:08.513Z","level":"LOG","message":"[dotenv@17.3.1] injecting env (0) from .env -- tip: ⚙️  suppress all logs with { quiet: true }"}
{"timestamp":"2026-06-01T13:23:09.249Z","level":"LOG","message":"✅ DB Connected"}
{"timestamp":"2026-06-01T13:23:09.735Z","level":"LOG","message":"✅ Tables Synced"}
{"timestamp":"2026-06-01T13:23:09.760Z","level":"LOG","message":"🚀 Server running on port 9001"}
{"timestamp":"2026-06-01T14:26:24.059Z","level":"LOG","message":"[dotenv@17.3.1] injecting env (21) from .env -- tip: 🔐 prevent committing .env to code: https://dotenvx.com/precommit"}
{"timestamp":"2026-06-01T14:26:24.368Z","level":"LOG","message":"[dotenv@17.3.1] injecting env (0) from .env -- tip: 🔐 encrypt with Dotenvx: https://dotenvx.com"}
{"timestamp":"2026-06-01T14:26:24.781Z","level":"LOG","message":"[dotenv@17.3.1] injecting env (0) from .env -- tip: ⚙️  write to custom object with { processEnv: myObject }"}
{"timestamp":"2026-06-01T14:26:25.082Z","level":"LOG","message":"✅ DB Connected"}
{"timestamp":"2026-06-01T14:26:25.173Z","level":"LOG","message":"✅ Tables Synced"}
{"timestamp":"2026-06-01T14:26:25.182Z","level":"LOG","message":"🚀 Server running on port 9001"}
{"timestamp":"2026-06-01T15:28:35.887Z","level":"LOG","message":"[dotenv@17.3.1] injecting env (21) from .env -- tip: ⚙️  write to custom object with { processEnv: myObject }"}
{"timestamp":"2026-06-01T15:28:36.287Z","level":"LOG","message":"[dotenv@17.3.1] injecting env (0) from .env -- tip: 🛠️  run anywhere with `dotenvx run -- yourcommand`"}
{"timestamp":"2026-06-01T15:28:36.749Z","level":"LOG","message":"[dotenv@17.3.1] injecting env (0) from .env -- tip: ⚙️  enable debug logging with { debug: true }"}
{"timestamp":"2026-06-01T15:28:37.108Z","level":"LOG","message":"✅ DB Connected"}
{"timestamp":"2026-06-01T15:28:37.201Z","level":"LOG","message":"✅ Tables Synced"}
{"timestamp":"2026-06-01T15:28:37.216Z","level":"LOG","message":"🚀 Server running on port 9001"}
{"timestamp":"2026-06-01T16:29:11.734Z","level":"LOG","message":"[dotenv@17.3.1] injecting env (21) from .env -- tip: 🛡️ auth for agents: https://vestauth.com"}
{"timestamp":"2026-06-01T16:29:12.228Z","level":"LOG","message":"[dotenv@17.3.1] injecting env (0) from .env -- tip: ⚙️  suppress all logs with { quiet: true }"}
{"timestamp":"2026-06-01T16:29:12.832Z","level":"LOG","message":"[dotenv@17.3.1] injecting env (0) from .env -- tip: ⚙️  override existing env vars with { override: true }"}
{"timestamp":"2026-06-01T16:29:13.303Z","level":"LOG","message":"✅ DB Connected"}
{"timestamp":"2026-06-01T16:29:13.484Z","level":"LOG","message":"✅ Tables Synced"}
{"timestamp":"2026-06-01T16:29:13.500Z","level":"LOG","message":"🚀 Server running on port 9001"}
{"timestamp":"2026-06-01T17:30:55.830Z","level":"LOG","message":"[dotenv@17.3.1] injecting env (21) from .env -- tip: ⚙️  override existing env vars with { override: true }"}
{"timestamp":"2026-06-01T17:30:56.128Z","level":"LOG","message":"[dotenv@17.3.1] injecting env (0) from .env -- tip: ⚡️ secrets for agents: https://dotenvx.com/as2"}
{"timestamp":"2026-06-01T17:30:56.554Z","level":"LOG","message":"[dotenv@17.3.1] injecting env (0) from .env -- tip: 🔐 prevent building .env in docker: https://dotenvx.com/prebuild"}
{"timestamp":"2026-06-01T17:30:56.878Z","level":"LOG","message":"✅ DB Connected"}
{"timestamp":"2026-06-01T17:30:56.965Z","level":"LOG","message":"✅ Tables Synced"}
{"timestamp":"2026-06-01T17:30:56.975Z","level":"LOG","message":"🚀 Server running on port 9001"}
{"timestamp":"2026-06-01T18:32:13.147Z","level":"LOG","message":"[dotenv@17.3.1] injecting env (21) from .env -- tip: ⚙️  specify custom .env file path with { path: '/custom/path/.env' }"}
{"timestamp":"2026-06-01T18:32:13.496Z","level":"LOG","message":"[dotenv@17.3.1] injecting env (0) from .env -- tip: 🔐 prevent building .env in docker: https://dotenvx.com/prebuild"}
{"timestamp":"2026-06-01T18:32:13.910Z","level":"LOG","message":"[dotenv@17.3.1] injecting env (0) from .env -- tip: ⚙️  enable debug logging with { debug: true }"}
{"timestamp":"2026-06-01T18:32:14.275Z","level":"LOG","message":"✅ DB Connected"}
{"timestamp":"2026-06-01T18:32:14.371Z","level":"LOG","message":"✅ Tables Synced"}
{"timestamp":"2026-06-01T18:32:14.386Z","level":"LOG","message":"🚀 Server running on port 9001"}
{"timestamp":"2026-06-01T19:05:57.264Z","level":"LOG","message":"[dotenv@17.3.1] injecting env (21) from .env -- tip: ⚙️  specify custom .env file path with { path: '/custom/path/.env' }"}
{"timestamp":"2026-06-01T19:05:57.700Z","level":"LOG","message":"[dotenv@17.3.1] injecting env (0) from .env -- tip: 🔐 encrypt with Dotenvx: https://dotenvx.com"}
{"timestamp":"2026-06-01T19:05:58.151Z","level":"LOG","message":"[dotenv@17.3.1] injecting env (0) from .env -- tip: 🤖 agentic secret storage: https://dotenvx.com/as2"}
{"timestamp":"2026-06-01T19:05:58.524Z","level":"LOG","message":"✅ DB Connected"}
{"timestamp":"2026-06-01T19:05:58.629Z","level":"LOG","message":"✅ Tables Synced"}
{"timestamp":"2026-06-01T19:05:58.643Z","level":"LOG","message":"🚀 Server running on port 9001"}
{"timestamp":"2026-06-01T19:35:06.298Z","level":"LOG","message":"[dotenv@17.3.1] injecting env (21) from .env -- tip: 🔐 encrypt with Dotenvx: https://dotenvx.com"}
{"timestamp":"2026-06-01T19:35:06.651Z","level":"LOG","message":"[dotenv@17.3.1] injecting env (0) from .env -- tip: ⚙️  enable debug logging with { debug: true }"}
{"timestamp":"2026-06-01T19:35:07.060Z","level":"LOG","message":"[dotenv@17.3.1] injecting env (0) from .env -- tip: ⚙️  enable debug logging with { debug: true }"}
{"timestamp":"2026-06-01T19:35:07.340Z","level":"LOG","message":"✅ DB Connected"}
{"timestamp":"2026-06-01T19:35:07.424Z","level":"LOG","message":"✅ Tables Synced"}
{"timestamp":"2026-06-01T19:35:07.437Z","level":"LOG","message":"🚀 Server running on port 9001"}
{"timestamp":"2026-06-01T20:38:09.382Z","level":"LOG","message":"[dotenv@17.3.1] injecting env (21) from .env -- tip: ⚙️  specify custom .env file path with { path: '/custom/path/.env' }"}
{"timestamp":"2026-06-01T20:38:09.710Z","level":"LOG","message":"[dotenv@17.3.1] injecting env (0) from .env -- tip: ⚡️ secrets for agents: https://dotenvx.com/as2"}
{"timestamp":"2026-06-01T20:38:10.186Z","level":"LOG","message":"[dotenv@17.3.1] injecting env (0) from .env -- tip: 🛡️ auth for agents: https://vestauth.com"}
{"timestamp":"2026-06-01T20:38:10.572Z","level":"LOG","message":"✅ DB Connected"}
{"timestamp":"2026-06-01T20:38:10.789Z","level":"LOG","message":"✅ Tables Synced"}
{"timestamp":"2026-06-01T20:38:10.801Z","level":"LOG","message":"🚀 Server running on port 9001"}
{"timestamp":"2026-06-01T21:44:03.276Z","level":"LOG","message":"[dotenv@17.3.1] injecting env (21) from .env -- tip: ⚡️ secrets for agents: https://dotenvx.com/as2"}
{"timestamp":"2026-06-01T21:44:03.641Z","level":"LOG","message":"[dotenv@17.3.1] injecting env (0) from .env -- tip: ⚙️  write to custom object with { processEnv: myObject }"}
{"timestamp":"2026-06-01T21:44:04.113Z","level":"LOG","message":"[dotenv@17.3.1] injecting env (0) from .env -- tip: ⚙️  override existing env vars with { override: true }"}
{"timestamp":"2026-06-01T21:44:04.456Z","level":"LOG","message":"✅ DB Connected"}
{"timestamp":"2026-06-01T21:44:04.545Z","level":"LOG","message":"✅ Tables Synced"}
{"timestamp":"2026-06-01T21:44:04.554Z","level":"LOG","message":"🚀 Server running on port 9001"}
{"timestamp":"2026-06-01T22:51:23.244Z","level":"LOG","message":"[dotenv@17.3.1] injecting env (21) from .env -- tip: 🔐 prevent building .env in docker: https://dotenvx.com/prebuild"}
{"timestamp":"2026-06-01T22:51:23.577Z","level":"LOG","message":"[dotenv@17.3.1] injecting env (0) from .env -- tip: 🛠️  run anywhere with `dotenvx run -- yourcommand`"}
{"timestamp":"2026-06-01T22:51:23.928Z","level":"LOG","message":"[dotenv@17.3.1] injecting env (0) from .env -- tip: 🔐 encrypt with Dotenvx: https://dotenvx.com"}
{"timestamp":"2026-06-01T22:51:24.276Z","level":"LOG","message":"✅ DB Connected"}
{"timestamp":"2026-06-01T22:51:24.358Z","level":"LOG","message":"✅ Tables Synced"}
{"timestamp":"2026-06-01T22:51:24.368Z","level":"LOG","message":"🚀 Server running on port 9001"}
{"timestamp":"2026-06-01T23:52:08.256Z","level":"LOG","message":"[dotenv@17.3.1] injecting env (21) from .env -- tip: 🛠️  run anywhere with `dotenvx run -- yourcommand`"}
{"timestamp":"2026-06-01T23:52:08.547Z","level":"LOG","message":"[dotenv@17.3.1] injecting env (0) from .env -- tip: 🔐 encrypt with Dotenvx: https://dotenvx.com"}
{"timestamp":"2026-06-01T23:52:09.002Z","level":"LOG","message":"[dotenv@17.3.1] injecting env (0) from .env -- tip: ⚙️  override existing env vars with { override: true }"}
{"timestamp":"2026-06-01T23:52:09.370Z","level":"LOG","message":"✅ DB Connected"}
{"timestamp":"2026-06-01T23:52:09.463Z","level":"LOG","message":"✅ Tables Synced"}
{"timestamp":"2026-06-01T23:52:09.477Z","level":"LOG","message":"🚀 Server running on port 9001"}
{"timestamp":"2026-06-02T00:55:28.637Z","level":"LOG","message":"[dotenv@17.3.1] injecting env (21) from .env -- tip: ⚡️ secrets for agents: https://dotenvx.com/as2"}
{"timestamp":"2026-06-02T00:55:28.943Z","level":"LOG","message":"[dotenv@17.3.1] injecting env (0) from .env -- tip: 🔐 prevent building .env in docker: https://dotenvx.com/prebuild"}
{"timestamp":"2026-06-02T00:55:29.316Z","level":"LOG","message":"[dotenv@17.3.1] injecting env (0) from .env -- tip: ⚙️  override existing env vars with { override: true }"}
{"timestamp":"2026-06-02T00:55:29.638Z","level":"LOG","message":"✅ DB Connected"}
{"timestamp":"2026-06-02T00:55:29.706Z","level":"LOG","message":"✅ Tables Synced"}
{"timestamp":"2026-06-02T00:55:29.714Z","level":"LOG","message":"🚀 Server running on port 9001"}
{"timestamp":"2026-06-02T01:59:28.476Z","level":"LOG","message":"[dotenv@17.3.1] injecting env (21) from .env -- tip: 🤖 agentic secret storage: https://dotenvx.com/as2"}
{"timestamp":"2026-06-02T01:59:28.772Z","level":"LOG","message":"[dotenv@17.3.1] injecting env (0) from .env -- tip: 🛡️ auth for agents: https://vestauth.com"}
{"timestamp":"2026-06-02T01:59:29.175Z","level":"LOG","message":"[dotenv@17.3.1] injecting env (0) from .env -- tip: 🔐 prevent committing .env to code: https://dotenvx.com/precommit"}
{"timestamp":"2026-06-02T01:59:29.541Z","level":"LOG","message":"✅ DB Connected"}
{"timestamp":"2026-06-02T01:59:29.632Z","level":"LOG","message":"✅ Tables Synced"}
{"timestamp":"2026-06-02T01:59:29.646Z","level":"LOG","message":"🚀 Server running on port 9001"}
{"timestamp":"2026-06-02T03:02:17.978Z","level":"LOG","message":"[dotenv@17.3.1] injecting env (21) from .env -- tip: ⚙️  enable debug logging with { debug: true }"}
{"timestamp":"2026-06-02T03:02:18.291Z","level":"LOG","message":"[dotenv@17.3.1] injecting env (0) from .env -- tip: ⚙️  load multiple .env files with { path: ['.env.local', '.env'] }"}
{"timestamp":"2026-06-02T03:02:18.700Z","level":"LOG","message":"[dotenv@17.3.1] injecting env (0) from .env -- tip: ⚙️  load multiple .env files with { path: ['.env.local', '.env'] }"}
{"timestamp":"2026-06-02T03:02:19.001Z","level":"LOG","message":"✅ DB Connected"}
{"timestamp":"2026-06-02T03:02:19.091Z","level":"LOG","message":"✅ Tables Synced"}
{"timestamp":"2026-06-02T03:02:19.100Z","level":"LOG","message":"🚀 Server running on port 9001"}
{"timestamp":"2026-06-02T04:12:15.141Z","level":"LOG","message":"[dotenv@17.3.1] injecting env (21) from .env -- tip: 🔐 prevent building .env in docker: https://dotenvx.com/prebuild"}
{"timestamp":"2026-06-02T04:12:15.489Z","level":"LOG","message":"[dotenv@17.3.1] injecting env (0) from .env -- tip: ⚙️  suppress all logs with { quiet: true }"}
{"timestamp":"2026-06-02T04:12:15.978Z","level":"LOG","message":"[dotenv@17.3.1] injecting env (0) from .env -- tip: ⚡️ secrets for agents: https://dotenvx.com/as2"}
{"timestamp":"2026-06-02T04:12:16.342Z","level":"LOG","message":"✅ DB Connected"}
{"timestamp":"2026-06-02T04:12:16.424Z","level":"LOG","message":"✅ Tables Synced"}
{"timestamp":"2026-06-02T04:12:16.438Z","level":"LOG","message":"🚀 Server running on port 9001"}
{"timestamp":"2026-06-02T04:14:57.834Z","level":"LOG","message":"[dotenv@17.3.1] injecting env (21) from .env -- tip: ⚙️  override existing env vars with { override: true }"}
{"timestamp":"2026-06-02T04:14:58.160Z","level":"LOG","message":"[dotenv@17.3.1] injecting env (0) from .env -- tip: 🤖 agentic secret storage: https://dotenvx.com/as2"}
{"timestamp":"2026-06-02T04:14:58.540Z","level":"LOG","message":"[dotenv@17.3.1] injecting env (0) from .env -- tip: 🔐 encrypt with Dotenvx: https://dotenvx.com"}
{"timestamp":"2026-06-02T04:14:58.819Z","level":"LOG","message":"✅ DB Connected"}
{"timestamp":"2026-06-02T04:14:58.909Z","level":"LOG","message":"✅ Tables Synced"}
{"timestamp":"2026-06-02T04:14:58.920Z","level":"LOG","message":"🚀 Server running on port 9001"}
{"timestamp":"2026-06-02T05:23:23.494Z","level":"LOG","message":"[dotenv@17.3.1] injecting env (21) from .env -- tip: 🛠️  run anywhere with `dotenvx run -- yourcommand`"}
{"timestamp":"2026-06-02T05:23:23.796Z","level":"LOG","message":"[dotenv@17.3.1] injecting env (0) from .env -- tip: ⚙️  override existing env vars with { override: true }"}
{"timestamp":"2026-06-02T05:23:24.209Z","level":"LOG","message":"[dotenv@17.3.1] injecting env (0) from .env -- tip: ⚙️  specify custom .env file path with { path: '/custom/path/.env' }"}
{"timestamp":"2026-06-02T05:23:24.573Z","level":"LOG","message":"✅ DB Connected"}
{"timestamp":"2026-06-02T05:23:24.655Z","level":"LOG","message":"✅ Tables Synced"}
{"timestamp":"2026-06-02T05:23:24.664Z","level":"LOG","message":"🚀 Server running on port 9001"}
{"timestamp":"2026-06-02T06:05:57.646Z","level":"LOG","message":"FILES 👉 {\"image\":[{\"fieldname\":\"image\",\"originalname\":\"9-inch-qled-extreme-2gb-32gb-with-android-auto-apple-car-play-original-imah9hfdecwbepwg.jpeg\",\"encoding\":\"7bit\",\"mimetype\":\"image/jpeg\",\"destination\":\"/home/u823569727/domains/api.shop99.co.in/nodejs/uploads\",\"filename\":\"1780380357618-9-inch-qled-extreme-2gb-32gb-with-android-auto-apple-car-play-original-imah9hfdecwbepwg.jpeg\",\"path\":\"/home/u823569727/domains/api.shop99.co.in/nodejs/uploads/1780380357618-9-inch-qled-extreme-2gb-32gb-with-android-auto-apple-car-play-original-imah9hfdecwbepwg.jpeg\",\"size\":203268}]}"}
{"timestamp":"2026-06-02T06:24:03.503Z","level":"LOG","message":"[dotenv@17.3.1] injecting env (21) from .env -- tip: ⚙️  enable debug logging with { debug: true }"}
{"timestamp":"2026-06-02T06:24:03.978Z","level":"LOG","message":"[dotenv@17.3.1] injecting env (0) from .env -- tip: 🔐 prevent committing .env to code: https://dotenvx.com/precommit"}
{"timestamp":"2026-06-02T06:24:04.667Z","level":"LOG","message":"[dotenv@17.3.1] injecting env (0) from .env -- tip: 🔐 prevent committing .env to code: https://dotenvx.com/precommit"}
{"timestamp":"2026-06-02T06:24:05.147Z","level":"LOG","message":"✅ DB Connected"}
{"timestamp":"2026-06-02T06:24:05.298Z","level":"LOG","message":"✅ Tables Synced"}
{"timestamp":"2026-06-02T06:24:05.314Z","level":"LOG","message":"🚀 Server running on port 9001"}
{"timestamp":"2026-06-02T06:29:16.234Z","level":"LOG","message":"Decoded user: {\"id\":11,\"phone\":\"8447771582\",\"iat\":1779858966,\"exp\":1780463766}"}
{"timestamp":"2026-06-02T06:29:16.235Z","level":"LOG","message":"REQ USER: {\"id\":11,\"phone\":\"8447771582\",\"iat\":1779858966,\"exp\":1780463766}"}
{"timestamp":"2026-06-02T06:29:16.521Z","level":"LOG","message":"Decoded user: {\"id\":11,\"phone\":\"8447771582\",\"iat\":1779858966,\"exp\":1780463766}"}
{"timestamp":"2026-06-02T06:29:16.521Z","level":"LOG","message":"REQ USER: {\"id\":11,\"phone\":\"8447771582\",\"iat\":1779858966,\"exp\":1780463766}"}
{"timestamp":"2026-06-02T06:30:26.689Z","level":"LOG","message":"Decoded user: {\"id\":11,\"phone\":\"8447771582\",\"iat\":1779858966,\"exp\":1780463766}"}
{"timestamp":"2026-06-02T06:30:26.689Z","level":"LOG","message":"REQ USER: {\"id\":11,\"phone\":\"8447771582\",\"iat\":1779858966,\"exp\":1780463766}"}
{"timestamp":"2026-06-02T06:30:26.758Z","level":"LOG","message":"Decoded user: {\"id\":11,\"phone\":\"8447771582\",\"iat\":1779858966,\"exp\":1780463766}"}
{"timestamp":"2026-06-02T06:30:26.758Z","level":"LOG","message":"REQ USER: {\"id\":11,\"phone\":\"8447771582\",\"iat\":1779858966,\"exp\":1780463766}"}
{"timestamp":"2026-06-02T06:54:08.179Z","level":"LOG","message":"FILES 👉 {\"image\":[{\"fieldname\":\"image\",\"originalname\":\"aura-9-inch-abs-frame-for-android-rockson-original-imagyh9j9vrbzuxd.jpeg\",\"encoding\":\"7bit\",\"mimetype\":\"image/jpeg\",\"destination\":\"/home/u823569727/domains/api.shop99.co.in/nodejs/uploads\",\"filename\":\"1780383248150-aura-9-inch-abs-frame-for-android-rockson-original-imagyh9j9vrbzuxd.jpeg\",\"path\":\"/home/u823569727/domains/api.shop99.co.in/nodejs/uploads/1780383248150-aura-9-inch-abs-frame-for-android-rockson-original-imagyh9j9vrbzuxd.jpeg\",\"size\":131468}]}"}
{"timestamp":"2026-06-02T07:09:39.465Z","level":"LOG","message":"FILES 👉 {\"image\":[{\"fieldname\":\"image\",\"originalname\":\"amaze-2018-9-inch-abs-frame-for-android-rockson-original-imagz352xzzzrwv5.jpeg\",\"encoding\":\"7bit\",\"mimetype\":\"image/jpeg\",\"destination\":\"/home/u823569727/domains/api.shop99.co.in/nodejs/uploads\",\"filename\":\"1780384179448-amaze-2018-9-inch-abs-frame-for-android-rockson-original-imagz352xzzzrwv5.jpeg\",\"path\":\"/home/u823569727/domains/api.shop99.co.in/nodejs/uploads/1780384179448-amaze-2018-9-inch-abs-frame-for-android-rockson-original-imagz352xzzzrwv5.jpeg\",\"size\":133816}]}"}
{"timestamp":"2026-06-02T07:19:02.793Z","level":"LOG","message":"FILES 👉 {\"image\":[{\"fieldname\":\"image\",\"originalname\":\"9-andro-d-qled-with-android-auto-apple-car-play-2gb-32gb-rockson-original-imah9hf5hpzazzsg.jpeg\",\"encoding\":\"7bit\",\"mimetype\":\"image/jpeg\",\"destination\":\"/home/u823569727/domains/api.shop99.co.in/nodejs/uploads\",\"filename\":\"1780384742768-9-andro-d-qled-with-android-auto-apple-car-play-2gb-32gb-rockson-original-imah9hf5hpzazzsg.jpeg\",\"path\":\"/home/u823569727/domains/api.shop99.co.in/nodejs/uploads/1780384742768-9-andro-d-qled-with-android-auto-apple-car-play-2gb-32gb-rockson-original-imah9hf5hpzazzsg.jpeg\",\"size\":113937}]}"}
{"timestamp":"2026-06-02T07:26:09.650Z","level":"LOG","message":"[dotenv@17.3.1] injecting env (21) from .env -- tip: ⚙️  write to custom object with { processEnv: myObject }"}
{"timestamp":"2026-06-02T07:26:09.953Z","level":"LOG","message":"[dotenv@17.3.1] injecting env (0) from .env -- tip: ⚙️  load multiple .env files with { path: ['.env.local', '.env'] }"}
{"timestamp":"2026-06-02T07:26:10.350Z","level":"LOG","message":"[dotenv@17.3.1] injecting env (0) from .env -- tip: 🛡️ auth for agents: https://vestauth.com"}
{"timestamp":"2026-06-02T07:26:10.715Z","level":"LOG","message":"✅ DB Connected"}
{"timestamp":"2026-06-02T07:26:10.792Z","level":"LOG","message":"✅ Tables Synced"}
{"timestamp":"2026-06-02T07:26:10.806Z","level":"LOG","message":"🚀 Server running on port 9001"}
{"timestamp":"2026-06-02T07:26:11.362Z","level":"LOG","message":"FILES 👉 {\"image\":[{\"fieldname\":\"image\",\"originalname\":\"andromax-ma-200-9-4gb-64gb-carplay-android-auto-touchscreen-original-imahk7edygwusxyw.jpeg\",\"encoding\":\"7bit\",\"mimetype\":\"image/jpeg\",\"destination\":\"/home/u823569727/domains/api.shop99.co.in/nodejs/uploads\",\"filename\":\"1780385171319-andromax-ma-200-9-4gb-64gb-carplay-android-auto-touchscreen-original-imahk7edygwusxyw.jpeg\",\"path\":\"/home/u823569727/domains/api.shop99.co.in/nodejs/uploads/1780385171319-andromax-ma-200-9-4gb-64gb-carplay-android-auto-touchscreen-original-imahk7edygwusxyw.jpeg\",\"size\":254307}]}"}
{"timestamp":"2026-06-02T07:39:55.060Z","level":"LOG","message":"FILES 👉 {\"image\":[{\"fieldname\":\"image\",\"originalname\":\"andromax-ma-200-9-4gb-64gb-carplay-android-auto-touchscreen-original-imahk7edygwusxyw.jpeg\",\"encoding\":\"7bit\",\"mimetype\":\"image/jpeg\",\"destination\":\"/home/u823569727/domains/api.shop99.co.in/nodejs/uploads\",\"filename\":\"1780385995047-andromax-ma-200-9-4gb-64gb-carplay-android-auto-touchscreen-original-imahk7edygwusxyw.jpeg\",\"path\":\"/home/u823569727/domains/api.shop99.co.in/nodejs/uploads/1780385995047-andromax-ma-200-9-4gb-64gb-carplay-android-auto-touchscreen-original-imahk7edygwusxyw.jpeg\",\"size\":254307}]}"}
{"timestamp":"2026-06-02T07:54:34.930Z","level":"LOG","message":"FILES 👉 {\"image\":[{\"fieldname\":\"image\",\"originalname\":\"qled-2k-diamond-pro-series-androidify-4th-gen-10-5-inch-2gb-32gb-original-imahajfx3j56ttph.jpeg\",\"encoding\":\"7bit\",\"mimetype\":\"image/jpeg\",\"destination\":\"/home/u823569727/domains/api.shop99.co.in/nodejs/uploads\",\"filename\":\"1780386874917-qled-2k-diamond-pro-series-androidify-4th-gen-10-5-inch-2gb-32gb-original-imahajfx3j56ttph.jpeg\",\"path\":\"/home/u823569727/domains/api.shop99.co.in/nodejs/uploads/1780386874917-qled-2k-diamond-pro-series-androidify-4th-gen-10-5-inch-2gb-32gb-original-imahajfx3j56ttph.jpeg\",\"size\":229292}]}"}
{"timestamp":"2026-06-02T08:24:36.694Z","level":"LOG","message":"FILES 👉 {\"image\":[{\"fieldname\":\"image\",\"originalname\":\"pm-02-dual-usb-sd-aux-fm-bluetooth-universal-punkmetal-original-imahkbpxxhhr5zgd.jpeg\",\"encoding\":\"7bit\",\"mimetype\":\"image/jpeg\",\"destination\":\"/home/u823569727/domains/api.shop99.co.in/nodejs/uploads\",\"filename\":\"1780388676683-pm-02-dual-usb-sd-aux-fm-bluetooth-universal-punkmetal-original-imahkbpxxhhr5zgd.jpeg\",\"path\":\"/home/u823569727/domains/api.shop99.co.in/nodejs/uploads/1780388676683-pm-02-dual-usb-sd-aux-fm-bluetooth-universal-punkmetal-original-imahkbpxxhhr5zgd.jpeg\",\"size\":47037}]}"}
{"timestamp":"2026-06-02T08:28:50.289Z","level":"LOG","message":"[dotenv@17.3.1] injecting env (21) from .env -- tip: 🛡️ auth for agents: https://vestauth.com"}
{"timestamp":"2026-06-02T08:28:50.617Z","level":"LOG","message":"[dotenv@17.3.1] injecting env (0) from .env -- tip: ⚡️ secrets for agents: https://dotenvx.com/as2"}
{"timestamp":"2026-06-02T08:28:50.988Z","level":"LOG","message":"[dotenv@17.3.1] injecting env (0) from .env -- tip: ⚙️  write to custom object with { processEnv: myObject }"}
{"timestamp":"2026-06-02T08:28:51.314Z","level":"LOG","message":"✅ DB Connected"}
{"timestamp":"2026-06-02T08:28:51.400Z","level":"LOG","message":"✅ Tables Synced"}
{"timestamp":"2026-06-02T08:28:51.410Z","level":"LOG","message":"🚀 Server running on port 9001"}
{"timestamp":"2026-06-02T08:33:14.953Z","level":"LOG","message":"FILES 👉 {\"image\":[{\"fieldname\":\"image\",\"originalname\":\"pm-06-dual-usb-sd-aux-fm-bluetooth-universal-punkmetal-original-imahkbpttchgaz2z.jpeg\",\"encoding\":\"7bit\",\"mimetype\":\"image/jpeg\",\"destination\":\"/home/u823569727/domains/api.shop99.co.in/nodejs/uploads\",\"filename\":\"1780389194916-pm-06-dual-usb-sd-aux-fm-bluetooth-universal-punkmetal-original-imahkbpttchgaz2z.jpeg\",\"path\":\"/home/u823569727/domains/api.shop99.co.in/nodejs/uploads/1780389194916-pm-06-dual-usb-sd-aux-fm-bluetooth-universal-punkmetal-original-imahkbpttchgaz2z.jpeg\",\"size\":52940}]}"}
{"timestamp":"2026-06-02T09:05:24.448Z","level":"LOG","message":"FILES 👉 {\"image\":[{\"fieldname\":\"image\",\"originalname\":\"nexgeneration-9-inch-2gb-16gb-for-toyota-urban-cruiser-android-original-imahk8gfrwvf5huj.jpeg\",\"encoding\":\"7bit\",\"mimetype\":\"image/jpeg\",\"destination\":\"/home/u823569727/domains/api.shop99.co.in/nodejs/uploads\",\"filename\":\"1780391124431-nexgeneration-9-inch-2gb-16gb-for-toyota-urban-cruiser-android-original-imahk8gfrwvf5huj.jpeg\",\"path\":\"/home/u823569727/domains/api.shop99.co.in/nodejs/uploads/1780391124431-nexgeneration-9-inch-2gb-16gb-for-toyota-urban-cruiser-android-original-imahk8gfrwvf5huj.jpeg\",\"size\":523709}]}"}
{"timestamp":"2026-06-02T09:17:05.064Z","level":"LOG","message":"FILES 👉 {\"image\":[{\"fieldname\":\"image\",\"originalname\":\"city-2008-13-9-inch-abs-frame-for-android-rockson-original-imahk6br5ka6u5uc.jpeg\",\"encoding\":\"7bit\",\"mimetype\":\"image/jpeg\",\"destination\":\"/home/u823569727/domains/api.shop99.co.in/nodejs/uploads\",\"filename\":\"1780391825050-city-2008-13-9-inch-abs-frame-for-android-rockson-original-imahk6br5ka6u5uc.jpeg\",\"path\":\"/home/u823569727/domains/api.shop99.co.in/nodejs/uploads/1780391825050-city-2008-13-9-inch-abs-frame-for-android-rockson-original-imahk6br5ka6u5uc.jpeg\",\"size\":154123}]}"}
{"timestamp":"2026-06-02T09:32:32.228Z","level":"LOG","message":"[dotenv@17.3.1] injecting env (21) from .env -- tip: ⚙️  enable debug logging with { debug: true }"}
{"timestamp":"2026-06-02T09:32:32.569Z","level":"LOG","message":"[dotenv@17.3.1] injecting env (0) from .env -- tip: ⚙️  load multiple .env files with { path: ['.env.local', '.env'] }"}
{"timestamp":"2026-06-02T09:32:32.991Z","level":"LOG","message":"[dotenv@17.3.1] injecting env (0) from .env -- tip: ⚙️  write to custom object with { processEnv: myObject }"}
{"timestamp":"2026-06-02T09:32:33.336Z","level":"LOG","message":"✅ DB Connected"}
{"timestamp":"2026-06-02T09:32:33.430Z","level":"LOG","message":"✅ Tables Synced"}
{"timestamp":"2026-06-02T09:32:33.444Z","level":"LOG","message":"🚀 Server running on port 9001"}
{"timestamp":"2026-06-02T10:07:10.042Z","level":"LOG","message":"FILES 👉 {\"image\":[{\"fieldname\":\"image\",\"originalname\":\"mini-wired-to-wireless-carplay-android-auto-usb-adaptor-plug-n-original-imahk7hjhryjxsk3.jpeg\",\"encoding\":\"7bit\",\"mimetype\":\"image/jpeg\",\"destination\":\"/home/u823569727/domains/api.shop99.co.in/nodejs/uploads\",\"filename\":\"1780394830018-mini-wired-to-wireless-carplay-android-auto-usb-adaptor-plug-n-original-imahk7hjhryjxsk3.jpeg\",\"path\":\"/home/u823569727/domains/api.shop99.co.in/nodejs/uploads/1780394830018-mini-wired-to-wireless-carplay-android-auto-usb-adaptor-plug-n-original-imahk7hjhryjxsk3.jpeg\",\"size\":151102}]}"}
{"timestamp":"2026-06-02T10:16:06.969Z","level":"LOG","message":"FILES 👉 {\"image\":[{\"fieldname\":\"image\",\"originalname\":\"andromax-ma-100-9-2gb-32gb-touchscreen-android-max-audio-original-imahk8dxgqpycctz.jpeg\",\"encoding\":\"7bit\",\"mimetype\":\"image/jpeg\",\"destination\":\"/home/u823569727/domains/api.shop99.co.in/nodejs/uploads\",\"filename\":\"1780395366958-andromax-ma-100-9-2gb-32gb-touchscreen-android-max-audio-original-imahk8dxgqpycctz.jpeg\",\"path\":\"/home/u823569727/domains/api.shop99.co.in/nodejs/uploads/1780395366958-andromax-ma-100-9-2gb-32gb-touchscreen-android-max-audio-original-imahk8dxgqpycctz.jpeg\",\"size\":259367}]}"}
{"timestamp":"2026-06-02T10:17:55.536Z","level":"LOG","message":"[dotenv@17.3.1] injecting env (21) from .env -- tip: ⚙️  enable debug logging with { debug: true }"}
{"timestamp":"2026-06-02T10:17:55.846Z","level":"LOG","message":"[dotenv@17.3.1] injecting env (0) from .env -- tip: ⚙️  suppress all logs with { quiet: true }"}
{"timestamp":"2026-06-02T10:17:56.308Z","level":"LOG","message":"[dotenv@17.3.1] injecting env (0) from .env -- tip: ⚙️  load multiple .env files with { path: ['.env.local', '.env'] }"}
{"timestamp":"2026-06-02T10:17:56.646Z","level":"LOG","message":"✅ DB Connected"}
{"timestamp":"2026-06-02T10:17:56.763Z","level":"LOG","message":"✅ Tables Synced"}
{"timestamp":"2026-06-02T10:17:56.826Z","level":"LOG","message":"🚀 Server running on port 9001"}
{"timestamp":"2026-06-02T10:27:08.371Z","level":"LOG","message":"FILES 👉 {\"image\":[{\"fieldname\":\"image\",\"originalname\":\"9-inch-qled-2gb-32gb-with-android-auto-apple-car-play-android-original-imah9hfcmjxhggxs.jpeg\",\"encoding\":\"7bit\",\"mimetype\":\"image/jpeg\",\"destination\":\"/home/u823569727/domains/api.shop99.co.in/nodejs/uploads\",\"filename\":\"1780396028359-9-inch-qled-2gb-32gb-with-android-auto-apple-car-play-android-original-imah9hfcmjxhggxs.jpeg\",\"path\":\"/home/u823569727/domains/api.shop99.co.in/nodejs/uploads/1780396028359-9-inch-qled-2gb-32gb-with-android-auto-apple-car-play-android-original-imah9hfcmjxhggxs.jpeg\",\"size\":212989}]}"}
{"timestamp":"2026-06-02T10:36:50.326Z","level":"LOG","message":"[dotenv@17.3.1] injecting env (21) from .env -- tip: ⚙️  enable debug logging with { debug: true }"}
{"timestamp":"2026-06-02T10:36:50.680Z","level":"LOG","message":"[dotenv@17.3.1] injecting env (0) from .env -- tip: ⚙️  specify custom .env file path with { path: '/custom/path/.env' }"}
{"timestamp":"2026-06-02T10:36:51.099Z","level":"LOG","message":"[dotenv@17.3.1] injecting env (0) from .env -- tip: ⚙️  enable debug logging with { debug: true }"}
{"timestamp":"2026-06-02T10:36:51.399Z","level":"LOG","message":"✅ DB Connected"}
{"timestamp":"2026-06-02T10:36:51.464Z","level":"LOG","message":"✅ Tables Synced"}
{"timestamp":"2026-06-02T10:36:51.474Z","level":"LOG","message":"🚀 Server running on port 9001"}
{"timestamp":"2026-06-02T10:49:03.020Z","level":"LOG","message":"FILES 👉 {\"image\":[{\"fieldname\":\"image\",\"originalname\":\"sf-108-bluetooth-usb-sd-aux-fm-mp3-mini-soundfire-original-imafbpayynhacchf.jpeg\",\"encoding\":\"7bit\",\"mimetype\":\"image/jpeg\",\"destination\":\"/home/u823569727/domains/api.shop99.co.in/nodejs/uploads\",\"filename\":\"1780397342983-sf-108-bluetooth-usb-sd-aux-fm-mp3-mini-soundfire-original-imafbpayynhacchf.jpeg\",\"path\":\"/home/u823569727/domains/api.shop99.co.in/nodejs/uploads/1780397342983-sf-108-bluetooth-usb-sd-aux-fm-mp3-mini-soundfire-original-imafbpayynhacchf.jpeg\",\"size\":84164}]}"}
{"timestamp":"2026-06-02T11:19:44.783Z","level":"LOG","message":"FILES 👉 {\"image\":[{\"fieldname\":\"image\",\"originalname\":\"9-andro-d-q-led-bass-booster-with-apple-car-play-android-auto-original-imah9hf5uxg7n25y.jpeg\",\"encoding\":\"7bit\",\"mimetype\":\"image/jpeg\",\"destination\":\"/home/u823569727/domains/api.shop99.co.in/nodejs/uploads\",\"filename\":\"1780399184773-9-andro-d-q-led-bass-booster-with-apple-car-play-android-auto-original-imah9hf5uxg7n25y.jpeg\",\"path\":\"/home/u823569727/domains/api.shop99.co.in/nodejs/uploads/1780399184773-9-andro-d-q-led-bass-booster-with-apple-car-play-android-auto-original-imah9hf5uxg7n25y.jpeg\",\"size\":114837}]}"}
{"timestamp":"2026-06-02T11:28:56.052Z","level":"LOG","message":"FILES 👉 {\"image\":[{\"fieldname\":\"image\",\"originalname\":\"xbt-1062-bluetooth-wireless-phone-caller-id-double-usb-charge-original-imafgegpjg8gankf.jpeg\",\"encoding\":\"7bit\",\"mimetype\":\"image/jpeg\",\"destination\":\"/home/u823569727/domains/api.shop99.co.in/nodejs/uploads\",\"filename\":\"1780399736024-xbt-1062-bluetooth-wireless-phone-caller-id-double-usb-charge-original-imafgegpjg8gankf.jpeg\",\"path\":\"/home/u823569727/domains/api.shop99.co.in/nodejs/uploads/1780399736024-xbt-1062-bluetooth-wireless-phone-caller-id-double-usb-charge-original-imafgegpjg8gankf.jpeg\",\"size\":130405}]}"}
{"timestamp":"2026-06-02T11:43:54.045Z","level":"LOG","message":"[dotenv@17.3.1] injecting env (21) from .env -- tip: ⚙️  load multiple .env files with { path: ['.env.local', '.env'] }"}
{"timestamp":"2026-06-02T11:43:54.369Z","level":"LOG","message":"[dotenv@17.3.1] injecting env (0) from .env -- tip: ⚙️  write to custom object with { processEnv: myObject }"}
{"timestamp":"2026-06-02T11:43:54.783Z","level":"LOG","message":"[dotenv@17.3.1] injecting env (0) from .env -- tip: ⚙️  enable debug logging with { debug: true }"}
{"timestamp":"2026-06-02T11:43:55.061Z","level":"LOG","message":"✅ DB Connected"}
{"timestamp":"2026-06-02T11:43:55.129Z","level":"LOG","message":"✅ Tables Synced"}
{"timestamp":"2026-06-02T11:43:55.139Z","level":"LOG","message":"🚀 Server running on port 9001"}
{"timestamp":"2026-06-02T12:07:51.595Z","level":"LOG","message":"FILES 👉 {\"image\":[{\"fieldname\":\"image\",\"originalname\":\"new-creta-2020-9-inch-abs-frame-for-android-rockson-original-imagyh9jzkgnmhuy.jpeg\",\"encoding\":\"7bit\",\"mimetype\":\"image/jpeg\",\"destination\":\"/home/u823569727/domains/api.shop99.co.in/nodejs/uploads\",\"filename\":\"1780402070139-new-creta-2020-9-inch-abs-frame-for-android-rockson-original-imagyh9jzkgnmhuy.jpeg\",\"path\":\"/home/u823569727/domains/api.shop99.co.in/nodejs/uploads/1780402070139-new-creta-2020-9-inch-abs-frame-for-android-rockson-original-imagyh9jzkgnmhuy.jpeg\",\"size\":145194}]}"}
{"timestamp":"2026-06-02T12:26:35.658Z","level":"LOG","message":"FILES 👉 {\"image\":[{\"fieldname\":\"image\",\"originalname\":\"nexgeneration-9-inch-2gb-16gb-for-toyota-glanza-android-sound-original-imahk67ggrdjvyww.jpeg\",\"encoding\":\"7bit\",\"mimetype\":\"image/jpeg\",\"destination\":\"/home/u823569727/domains/api.shop99.co.in/nodejs/uploads\",\"filename\":\"1780403195632-nexgeneration-9-inch-2gb-16gb-for-toyota-glanza-android-sound-original-imahk67ggrdjvyww.jpeg\",\"path\":\"/home/u823569727/domains/api.shop99.co.in/nodejs/uploads/1780403195632-nexgeneration-9-inch-2gb-16gb-for-toyota-glanza-android-sound-original-imahk67ggrdjvyww.jpeg\",\"size\":484036}]}"}
{"timestamp":"2026-06-02T12:39:12.808Z","level":"LOG","message":"FILES 👉 {\"image\":[{\"fieldname\":\"image\",\"originalname\":\"7-smart-screen-with-carplay-android-auto-in-built-dual-dashcam-original-imahk7e9sktgjuxw.jpeg\",\"encoding\":\"7bit\",\"mimetype\":\"image/jpeg\",\"destination\":\"/home/u823569727/domains/api.shop99.co.in/nodejs/uploads\",\"filename\":\"1780403952782-7-smart-screen-with-carplay-android-auto-in-built-dual-dashcam-original-imahk7e9sktgjuxw.jpeg\",\"path\":\"/home/u823569727/domains/api.shop99.co.in/nodejs/uploads/1780403952782-7-smart-screen-with-carplay-android-auto-in-built-dual-dashcam-original-imahk7e9sktgjuxw.jpeg\",\"size\":185970}]}"}
{"timestamp":"2026-06-02T12:40:35.265Z","level":"LOG","message":"AUTH ERROR: jwt expired"}
{"timestamp":"2026-06-02T12:40:35.367Z","level":"LOG","message":"AUTH ERROR: jwt expired"}
{"timestamp":"2026-06-02T12:45:59.989Z","level":"LOG","message":"[dotenv@17.3.1] injecting env (21) from .env -- tip: ⚡️ secrets for agents: https://dotenvx.com/as2"}
{"timestamp":"2026-06-02T12:46:00.425Z","level":"LOG","message":"[dotenv@17.3.1] injecting env (0) from .env -- tip: ⚙️  write to custom object with { processEnv: myObject }"}
{"timestamp":"2026-06-02T12:46:00.936Z","level":"LOG","message":"[dotenv@17.3.1] injecting env (0) from .env -- tip: 🔐 prevent committing .env to code: https://dotenvx.com/precommit"}
{"timestamp":"2026-06-02T12:46:01.314Z","level":"LOG","message":"✅ DB Connected"}
{"timestamp":"2026-06-02T12:46:01.417Z","level":"LOG","message":"✅ Tables Synced"}
{"timestamp":"2026-06-02T12:46:01.427Z","level":"LOG","message":"🚀 Server running on port 9001"}
{"timestamp":"2026-06-02T12:46:01.692Z","level":"LOG","message":"AUTH ERROR: jwt expired"}
{"timestamp":"2026-06-02T12:46:01.823Z","level":"LOG","message":"AUTH ERROR: jwt expired"}
{"timestamp":"2026-06-02T12:55:03.603Z","level":"LOG","message":"AUTH ERROR: jwt expired"}
{"timestamp":"2026-06-02T12:55:03.879Z","level":"LOG","message":"AUTH ERROR: jwt expired"}
{"timestamp":"2026-06-02T12:55:07.833Z","level":"LOG","message":"AUTH ERROR: jwt expired"}
{"timestamp":"2026-06-02T12:56:51.734Z","level":"LOG","message":"AUTH ERROR: jwt expired"}
{"timestamp":"2026-06-02T12:59:03.550Z","level":"LOG","message":"FILES 👉 {\"image\":[{\"fieldname\":\"image\",\"originalname\":\"2k-diamond-series-androidify-4th-gen-10-1-inch-2gb-32gb-android-original-imahk8d7fjhxr6hx.jpeg\",\"encoding\":\"7bit\",\"mimetype\":\"image/jpeg\",\"destination\":\"/home/u823569727/domains/api.shop99.co.in/nodejs/uploads\",\"filename\":\"1780405143435-2k-diamond-series-androidify-4th-gen-10-1-inch-2gb-32gb-android-original-imahk8d7fjhxr6hx.jpeg\",\"path\":\"/home/u823569727/domains/api.shop99.co.in/nodejs/uploads/1780405143435-2k-diamond-series-androidify-4th-gen-10-1-inch-2gb-32gb-android-original-imahk8d7fjhxr6hx.jpeg\",\"size\":201831}]}"}
{"timestamp":"2026-06-02T13:37:14.483Z","level":"LOG","message":"AUTH ERROR: jwt expired"}
{"timestamp":"2026-06-02T13:37:14.575Z","level":"LOG","message":"AUTH ERROR: jwt expired"}
{"timestamp":"2026-06-02T13:54:43.908Z","level":"LOG","message":"[dotenv@17.3.1] injecting env (21) from .env -- tip: 🔐 encrypt with Dotenvx: https://dotenvx.com"}
{"timestamp":"2026-06-02T13:54:44.289Z","level":"LOG","message":"[dotenv@17.3.1] injecting env (0) from .env -- tip: ⚙️  override existing env vars with { override: true }"}
{"timestamp":"2026-06-02T13:54:44.669Z","level":"LOG","message":"[dotenv@17.3.1] injecting env (0) from .env -- tip: 🛠️  run anywhere with `dotenvx run -- yourcommand`"}
{"timestamp":"2026-06-02T13:54:45.036Z","level":"LOG","message":"✅ DB Connected"}
{"timestamp":"2026-06-02T13:54:45.381Z","level":"LOG","message":"✅ Tables Synced"}
{"timestamp":"2026-06-02T13:54:45.390Z","level":"LOG","message":"🚀 Server running on port 9001"}
{"timestamp":"2026-06-02T14:55:40.391Z","level":"LOG","message":"[dotenv@17.3.1] injecting env (21) from .env -- tip: ⚡️ secrets for agents: https://dotenvx.com/as2"}
{"timestamp":"2026-06-02T14:55:40.715Z","level":"LOG","message":"[dotenv@17.3.1] injecting env (0) from .env -- tip: ⚙️  override existing env vars with { override: true }"}
{"timestamp":"2026-06-02T14:55:41.149Z","level":"LOG","message":"[dotenv@17.3.1] injecting env (0) from .env -- tip: ⚙️  suppress all logs with { quiet: true }"}
{"timestamp":"2026-06-02T14:55:41.532Z","level":"LOG","message":"✅ DB Connected"}
{"timestamp":"2026-06-02T14:55:41.620Z","level":"LOG","message":"✅ Tables Synced"}
{"timestamp":"2026-06-02T14:55:41.629Z","level":"LOG","message":"🚀 Server running on port 9001"}
{"timestamp":"2026-06-02T15:56:03.399Z","level":"LOG","message":"[dotenv@17.3.1] injecting env (21) from .env -- tip: ⚙️  suppress all logs with { quiet: true }"}
{"timestamp":"2026-06-02T15:56:03.852Z","level":"LOG","message":"[dotenv@17.3.1] injecting env (0) from .env -- tip: 🔐 encrypt with Dotenvx: https://dotenvx.com"}
{"timestamp":"2026-06-02T15:56:04.629Z","level":"LOG","message":"[dotenv@17.3.1] injecting env (0) from .env -- tip: ⚙️  specify custom .env file path with { path: '/custom/path/.env' }"}
{"timestamp":"2026-06-02T15:56:05.149Z","level":"LOG","message":"✅ DB Connected"}
{"timestamp":"2026-06-02T15:56:05.373Z","level":"LOG","message":"✅ Tables Synced"}
{"timestamp":"2026-06-02T15:56:05.393Z","level":"LOG","message":"🚀 Server running on port 9001"}
{"timestamp":"2026-06-02T17:05:46.945Z","level":"LOG","message":"[dotenv@17.3.1] injecting env (21) from .env -- tip: 🛡️ auth for agents: https://vestauth.com"}
{"timestamp":"2026-06-02T17:05:47.451Z","level":"LOG","message":"[dotenv@17.3.1] injecting env (0) from .env -- tip: 🛡️ auth for agents: https://vestauth.com"}
{"timestamp":"2026-06-02T17:05:48.078Z","level":"LOG","message":"[dotenv@17.3.1] injecting env (0) from .env -- tip: 🤖 agentic secret storage: https://dotenvx.com/as2"}
{"timestamp":"2026-06-02T17:05:48.555Z","level":"LOG","message":"✅ DB Connected"}
{"timestamp":"2026-06-02T17:05:48.713Z","level":"LOG","message":"✅ Tables Synced"}
{"timestamp":"2026-06-02T17:05:48.727Z","level":"LOG","message":"🚀 Server running on port 9001"}
{"timestamp":"2026-06-02T18:06:47.837Z","level":"LOG","message":"[dotenv@17.3.1] injecting env (21) from .env -- tip: 🔐 prevent building .env in docker: https://dotenvx.com/prebuild"}
{"timestamp":"2026-06-02T18:06:48.143Z","level":"LOG","message":"[dotenv@17.3.1] injecting env (0) from .env -- tip: ⚙️  load multiple .env files with { path: ['.env.local', '.env'] }"}
{"timestamp":"2026-06-02T18:06:48.540Z","level":"LOG","message":"[dotenv@17.3.1] injecting env (0) from .env -- tip: ⚙️  override existing env vars with { override: true }"}
{"timestamp":"2026-06-02T18:06:48.832Z","level":"LOG","message":"✅ DB Connected"}
{"timestamp":"2026-06-02T18:06:48.905Z","level":"LOG","message":"✅ Tables Synced"}
{"timestamp":"2026-06-02T18:06:48.914Z","level":"LOG","message":"🚀 Server running on port 9001"}
{"timestamp":"2026-06-02T19:12:21.899Z","level":"LOG","message":"[dotenv@17.3.1] injecting env (21) from .env -- tip: 🔐 encrypt with Dotenvx: https://dotenvx.com"}
{"timestamp":"2026-06-02T19:12:22.243Z","level":"LOG","message":"[dotenv@17.3.1] injecting env (0) from .env -- tip: ⚙️  specify custom .env file path with { path: '/custom/path/.env' }"}
{"timestamp":"2026-06-02T19:12:22.659Z","level":"LOG","message":"[dotenv@17.3.1] injecting env (0) from .env -- tip: 🤖 agentic secret storage: https://dotenvx.com/as2"}
{"timestamp":"2026-06-02T19:12:22.970Z","level":"LOG","message":"✅ DB Connected"}
{"timestamp":"2026-06-02T19:12:23.064Z","level":"LOG","message":"✅ Tables Synced"}
{"timestamp":"2026-06-02T19:12:23.077Z","level":"LOG","message":"🚀 Server running on port 9001"}
{"timestamp":"2026-06-02T20:13:09.115Z","level":"LOG","message":"[dotenv@17.3.1] injecting env (21) from .env -- tip: 🤖 agentic secret storage: https://dotenvx.com/as2"}
{"timestamp":"2026-06-02T20:13:09.426Z","level":"LOG","message":"[dotenv@17.3.1] injecting env (0) from .env -- tip: 🛡️ auth for agents: https://vestauth.com"}
{"timestamp":"2026-06-02T20:13:09.792Z","level":"LOG","message":"[dotenv@17.3.1] injecting env (0) from .env -- tip: ⚙️  load multiple .env files with { path: ['.env.local', '.env'] }"}
{"timestamp":"2026-06-02T20:13:10.071Z","level":"LOG","message":"✅ DB Connected"}
{"timestamp":"2026-06-02T20:13:10.139Z","level":"LOG","message":"✅ Tables Synced"}
{"timestamp":"2026-06-02T20:13:10.148Z","level":"LOG","message":"🚀 Server running on port 9001"}
{"timestamp":"2026-06-02T21:20:22.204Z","level":"LOG","message":"[dotenv@17.3.1] injecting env (21) from .env -- tip: ⚙️  suppress all logs with { quiet: true }"}
{"timestamp":"2026-06-02T21:20:22.479Z","level":"LOG","message":"[dotenv@17.3.1] injecting env (0) from .env -- tip: 🤖 agentic secret storage: https://dotenvx.com/as2"}
{"timestamp":"2026-06-02T21:20:22.840Z","level":"LOG","message":"[dotenv@17.3.1] injecting env (0) from .env -- tip: 🤖 agentic secret storage: https://dotenvx.com/as2"}
{"timestamp":"2026-06-02T21:20:23.148Z","level":"LOG","message":"✅ DB Connected"}
{"timestamp":"2026-06-02T21:20:23.220Z","level":"LOG","message":"✅ Tables Synced"}
{"timestamp":"2026-06-02T21:20:23.229Z","level":"LOG","message":"🚀 Server running on port 9001"}
{"timestamp":"2026-06-02T22:29:16.504Z","level":"LOG","message":"[dotenv@17.3.1] injecting env (21) from .env -- tip: ⚙️  override existing env vars with { override: true }"}
{"timestamp":"2026-06-02T22:29:16.833Z","level":"LOG","message":"[dotenv@17.3.1] injecting env (0) from .env -- tip: 🔐 prevent building .env in docker: https://dotenvx.com/prebuild"}
{"timestamp":"2026-06-02T22:29:17.263Z","level":"LOG","message":"[dotenv@17.3.1] injecting env (0) from .env -- tip: 🔐 encrypt with Dotenvx: https://dotenvx.com"}
{"timestamp":"2026-06-02T22:29:17.629Z","level":"LOG","message":"✅ DB Connected"}
{"timestamp":"2026-06-02T22:29:17.715Z","level":"LOG","message":"✅ Tables Synced"}
{"timestamp":"2026-06-02T22:29:17.728Z","level":"LOG","message":"🚀 Server running on port 9001"}
{"timestamp":"2026-06-02T23:34:47.861Z","level":"LOG","message":"[dotenv@17.3.1] injecting env (21) from .env -- tip: 🤖 agentic secret storage: https://dotenvx.com/as2"}
{"timestamp":"2026-06-02T23:34:48.170Z","level":"LOG","message":"[dotenv@17.3.1] injecting env (0) from .env -- tip: ⚙️  enable debug logging with { debug: true }"}
{"timestamp":"2026-06-02T23:34:48.545Z","level":"LOG","message":"[dotenv@17.3.1] injecting env (0) from .env -- tip: ⚙️  load multiple .env files with { path: ['.env.local', '.env'] }"}
{"timestamp":"2026-06-02T23:34:48.861Z","level":"LOG","message":"✅ DB Connected"}
{"timestamp":"2026-06-02T23:34:48.927Z","level":"LOG","message":"✅ Tables Synced"}
{"timestamp":"2026-06-02T23:34:48.935Z","level":"LOG","message":"🚀 Server running on port 9001"}
{"timestamp":"2026-06-03T00:40:26.652Z","level":"LOG","message":"[dotenv@17.3.1] injecting env (21) from .env -- tip: 🛡️ auth for agents: https://vestauth.com"}
{"timestamp":"2026-06-03T00:40:26.951Z","level":"LOG","message":"[dotenv@17.3.1] injecting env (0) from .env -- tip: 🛡️ auth for agents: https://vestauth.com"}
{"timestamp":"2026-06-03T00:40:27.341Z","level":"LOG","message":"[dotenv@17.3.1] injecting env (0) from .env -- tip: ⚙️  override existing env vars with { override: true }"}
{"timestamp":"2026-06-03T00:40:27.613Z","level":"LOG","message":"✅ DB Connected"}
{"timestamp":"2026-06-03T00:40:27.677Z","level":"LOG","message":"✅ Tables Synced"}
{"timestamp":"2026-06-03T00:40:27.686Z","level":"LOG","message":"🚀 Server running on port 9001"}
{"timestamp":"2026-06-03T01:07:17.641Z","level":"LOG","message":"[dotenv@17.3.1] injecting env (21) from .env -- tip: 🔐 encrypt with Dotenvx: https://dotenvx.com"}
{"timestamp":"2026-06-03T01:07:17.927Z","level":"LOG","message":"[dotenv@17.3.1] injecting env (0) from .env -- tip: 🛡️ auth for agents: https://vestauth.com"}
{"timestamp":"2026-06-03T01:07:18.376Z","level":"LOG","message":"[dotenv@17.3.1] injecting env (0) from .env -- tip: 🔐 encrypt with Dotenvx: https://dotenvx.com"}
{"timestamp":"2026-06-03T01:07:18.673Z","level":"LOG","message":"✅ DB Connected"}
{"timestamp":"2026-06-03T01:07:18.737Z","level":"LOG","message":"✅ Tables Synced"}
{"timestamp":"2026-06-03T01:07:18.745Z","level":"LOG","message":"🚀 Server running on port 9001"}
{"timestamp":"2026-06-03T01:51:38.151Z","level":"LOG","message":"[dotenv@17.3.1] injecting env (21) from .env -- tip: ⚙️  override existing env vars with { override: true }"}
{"timestamp":"2026-06-03T01:51:38.405Z","level":"LOG","message":"[dotenv@17.3.1] injecting env (0) from .env -- tip: ⚙️  enable debug logging with { debug: true }"}
{"timestamp":"2026-06-03T01:51:38.706Z","level":"LOG","message":"[dotenv@17.3.1] injecting env (0) from .env -- tip: 🛡️ auth for agents: https://vestauth.com"}
{"timestamp":"2026-06-03T01:51:39.014Z","level":"LOG","message":"✅ DB Connected"}
{"timestamp":"2026-06-03T01:51:39.097Z","level":"LOG","message":"✅ Tables Synced"}
{"timestamp":"2026-06-03T01:51:39.105Z","level":"LOG","message":"🚀 Server running on port 9001"}
{"timestamp":"2026-06-03T03:08:37.603Z","level":"LOG","message":"[dotenv@17.3.1] injecting env (21) from .env -- tip: ⚙️  write to custom object with { processEnv: myObject }"}
{"timestamp":"2026-06-03T03:08:37.980Z","level":"LOG","message":"[dotenv@17.3.1] injecting env (0) from .env -- tip: 🔐 encrypt with Dotenvx: https://dotenvx.com"}
{"timestamp":"2026-06-03T03:08:38.365Z","level":"LOG","message":"[dotenv@17.3.1] injecting env (0) from .env -- tip: ⚙️  enable debug logging with { debug: true }"}
{"timestamp":"2026-06-03T03:08:38.725Z","level":"LOG","message":"✅ DB Connected"}
{"timestamp":"2026-06-03T03:08:38.807Z","level":"LOG","message":"✅ Tables Synced"}
{"timestamp":"2026-06-03T03:08:38.817Z","level":"LOG","message":"🚀 Server running on port 9001"}
{"timestamp":"2026-06-03T05:16:58.074Z","level":"LOG","message":"[dotenv@17.3.1] injecting env (21) from .env -- tip: ⚙️  enable debug logging with { debug: true }"}
{"timestamp":"2026-06-03T05:16:58.426Z","level":"LOG","message":"[dotenv@17.3.1] injecting env (0) from .env -- tip: ⚙️  load multiple .env files with { path: ['.env.local', '.env'] }"}
{"timestamp":"2026-06-03T05:16:58.866Z","level":"LOG","message":"[dotenv@17.3.1] injecting env (0) from .env -- tip: ⚙️  enable debug logging with { debug: true }"}
{"timestamp":"2026-06-03T05:16:59.214Z","level":"LOG","message":"✅ DB Connected"}
{"timestamp":"2026-06-03T05:16:59.295Z","level":"LOG","message":"✅ Tables Synced"}
{"timestamp":"2026-06-03T05:16:59.309Z","level":"LOG","message":"🚀 Server running on port 9001"}
{"timestamp":"2026-06-03T05:30:53.672Z","level":"LOG","message":"FILES 👉 {\"image\":[{\"fieldname\":\"image\",\"originalname\":\"androidify-4th-gen-12-3-inch-2-32gb-for-hyundai-creta-2024-oem-original-imahk7gjtknzyqfp.jpeg\",\"encoding\":\"7bit\",\"mimetype\":\"image/jpeg\",\"destination\":\"/home/u823569727/domains/api.shop99.co.in/nodejs/uploads\",\"filename\":\"1780464653599-androidify-4th-gen-12-3-inch-2-32gb-for-hyundai-creta-2024-oem-original-imahk7gjtknzyqfp.jpeg\",\"path\":\"/home/u823569727/domains/api.shop99.co.in/nodejs/uploads/1780464653599-androidify-4th-gen-12-3-inch-2-32gb-for-hyundai-creta-2024-oem-original-imahk7gjtknzyqfp.jpeg\",\"size\":190461}]}"}
{"timestamp":"2026-06-03T05:41:23.371Z","level":"LOG","message":"FILES 👉 {\"image\":[{\"fieldname\":\"image\",\"originalname\":\"2k-diamond-series-androidify-4th-gen-10-1-inch-2gb-32gb-android-original-imahk8c4zev67uh9.jpeg\",\"encoding\":\"7bit\",\"mimetype\":\"image/jpeg\",\"destination\":\"/home/u823569727/domains/api.shop99.co.in/nodejs/uploads\",\"filename\":\"1780465283297-2k-diamond-series-androidify-4th-gen-10-1-inch-2gb-32gb-android-original-imahk8c4zev67uh9.jpeg\",\"path\":\"/home/u823569727/domains/api.shop99.co.in/nodejs/uploads/1780465283297-2k-diamond-series-androidify-4th-gen-10-1-inch-2gb-32gb-android-original-imahk8c4zev67uh9.jpeg\",\"size\":220402}]}"}
{"timestamp":"2026-06-03T06:22:34.927Z","level":"LOG","message":"[dotenv@17.3.1] injecting env (21) from .env -- tip: 🛠️  run anywhere with `dotenvx run -- yourcommand`"}
{"timestamp":"2026-06-03T06:22:35.369Z","level":"LOG","message":"[dotenv@17.3.1] injecting env (0) from .env -- tip: 🤖 agentic secret storage: https://dotenvx.com/as2"}
{"timestamp":"2026-06-03T06:22:35.965Z","level":"LOG","message":"[dotenv@17.3.1] injecting env (0) from .env -- tip: 🤖 agentic secret storage: https://dotenvx.com/as2"}
{"timestamp":"2026-06-03T06:22:36.448Z","level":"LOG","message":"✅ DB Connected"}
{"timestamp":"2026-06-03T06:22:36.595Z","level":"LOG","message":"✅ Tables Synced"}
{"timestamp":"2026-06-03T06:22:36.610Z","level":"LOG","message":"🚀 Server running on port 9001"}
{"timestamp":"2026-06-03T07:29:40.557Z","level":"LOG","message":"[dotenv@17.3.1] injecting env (21) from .env -- tip: 🔐 prevent committing .env to code: https://dotenvx.com/precommit"}
{"timestamp":"2026-06-03T07:29:41.045Z","level":"LOG","message":"[dotenv@17.3.1] injecting env (0) from .env -- tip: ⚙️  override existing env vars with { override: true }"}
{"timestamp":"2026-06-03T07:29:41.622Z","level":"LOG","message":"[dotenv@17.3.1] injecting env (0) from .env -- tip: ⚙️  write to custom object with { processEnv: myObject }"}
{"timestamp":"2026-06-03T07:29:42.061Z","level":"LOG","message":"✅ DB Connected"}
{"timestamp":"2026-06-03T07:29:42.191Z","level":"LOG","message":"✅ Tables Synced"}
{"timestamp":"2026-06-03T07:29:42.207Z","level":"LOG","message":"🚀 Server running on port 9001"}
{"timestamp":"2026-06-03T07:29:42.499Z","level":"LOG","message":"AUTH ERROR: jwt expired"}
{"timestamp":"2026-06-03T07:29:42.961Z","level":"LOG","message":"AUTH ERROR: jwt expired"}
{"timestamp":"2026-06-03T08:39:41.093Z","level":"LOG","message":"[dotenv@17.3.1] injecting env (21) from .env -- tip: 🛡️ auth for agents: https://vestauth.com"}
{"timestamp":"2026-06-03T08:39:41.490Z","level":"LOG","message":"[dotenv@17.3.1] injecting env (0) from .env -- tip: 🛠️  run anywhere with `dotenvx run -- yourcommand`"}
{"timestamp":"2026-06-03T08:39:41.996Z","level":"LOG","message":"[dotenv@17.3.1] injecting env (0) from .env -- tip: 🔐 encrypt with Dotenvx: https://dotenvx.com"}
{"timestamp":"2026-06-03T08:39:42.354Z","level":"LOG","message":"✅ DB Connected"}
{"timestamp":"2026-06-03T08:39:42.452Z","level":"LOG","message":"✅ Tables Synced"}
{"timestamp":"2026-06-03T08:39:42.466Z","level":"LOG","message":"🚀 Server running on port 9001"}
{"timestamp":"2026-06-03T09:44:20.633Z","level":"LOG","message":"[dotenv@17.3.1] injecting env (21) from .env -- tip: ⚙️  write to custom object with { processEnv: myObject }"}
{"timestamp":"2026-06-03T09:44:20.932Z","level":"LOG","message":"[dotenv@17.3.1] injecting env (0) from .env -- tip: 🛡️ auth for agents: https://vestauth.com"}
{"timestamp":"2026-06-03T09:44:21.385Z","level":"LOG","message":"[dotenv@17.3.1] injecting env (0) from .env -- tip: ⚙️  load multiple .env files with { path: ['.env.local', '.env'] }"}
{"timestamp":"2026-06-03T09:44:21.697Z","level":"LOG","message":"✅ DB Connected"}
{"timestamp":"2026-06-03T09:44:21.791Z","level":"LOG","message":"✅ Tables Synced"}
{"timestamp":"2026-06-03T09:44:21.800Z","level":"LOG","message":"🚀 Server running on port 9001"}
{"timestamp":"2026-06-03T11:02:49.411Z","level":"LOG","message":"[dotenv@17.3.1] injecting env (21) from .env -- tip: 🔐 encrypt with Dotenvx: https://dotenvx.com"}
{"timestamp":"2026-06-03T11:02:49.809Z","level":"LOG","message":"[dotenv@17.3.1] injecting env (0) from .env -- tip: 🤖 agentic secret storage: https://dotenvx.com/as2"}
{"timestamp":"2026-06-03T11:02:50.376Z","level":"LOG","message":"[dotenv@17.3.1] injecting env (0) from .env -- tip: 🔐 encrypt with Dotenvx: https://dotenvx.com"}
{"timestamp":"2026-06-03T11:02:50.878Z","level":"LOG","message":"✅ DB Connected"}
{"timestamp":"2026-06-03T11:02:51.096Z","level":"LOG","message":"✅ Tables Synced"}
{"timestamp":"2026-06-03T11:02:51.111Z","level":"LOG","message":"🚀 Server running on port 9001"}
{"timestamp":"2026-06-03T12:19:58.032Z","level":"LOG","message":"[dotenv@17.3.1] injecting env (21) from .env -- tip: 🔐 prevent building .env in docker: https://dotenvx.com/prebuild"}
{"timestamp":"2026-06-03T12:19:58.296Z","level":"LOG","message":"[dotenv@17.3.1] injecting env (0) from .env -- tip: ⚙️  override existing env vars with { override: true }"}
{"timestamp":"2026-06-03T12:19:58.637Z","level":"LOG","message":"[dotenv@17.3.1] injecting env (0) from .env -- tip: ⚙️  write to custom object with { processEnv: myObject }"}
{"timestamp":"2026-06-03T12:19:58.885Z","level":"LOG","message":"✅ DB Connected"}
{"timestamp":"2026-06-03T12:19:58.945Z","level":"LOG","message":"✅ Tables Synced"}
{"timestamp":"2026-06-03T12:19:58.954Z","level":"LOG","message":"🚀 Server running on port 9001"}
{"timestamp":"2026-06-03T13:29:03.239Z","level":"LOG","message":"[dotenv@17.3.1] injecting env (21) from .env -- tip: ⚙️  write to custom object with { processEnv: myObject }"}
{"timestamp":"2026-06-03T13:29:03.654Z","level":"LOG","message":"[dotenv@17.3.1] injecting env (0) from .env -- tip: ⚙️  override existing env vars with { override: true }"}
{"timestamp":"2026-06-03T13:29:04.326Z","level":"LOG","message":"[dotenv@17.3.1] injecting env (0) from .env -- tip: 🔐 prevent building .env in docker: https://dotenvx.com/prebuild"}
{"timestamp":"2026-06-03T13:29:04.746Z","level":"LOG","message":"✅ DB Connected"}
{"timestamp":"2026-06-03T13:29:04.851Z","level":"LOG","message":"✅ Tables Synced"}
{"timestamp":"2026-06-03T13:29:04.864Z","level":"LOG","message":"🚀 Server running on port 9001"}
{"timestamp":"2026-06-03T13:43:30.056Z","level":"LOG","message":"AUTH ERROR: jwt expired"}
{"timestamp":"2026-06-03T13:43:30.353Z","level":"LOG","message":"AUTH ERROR: jwt expired"}
{"timestamp":"2026-06-03T15:08:27.705Z","level":"LOG","message":"[dotenv@17.3.1] injecting env (21) from .env -- tip: ⚙️  load multiple .env files with { path: ['.env.local', '.env'] }"}
{"timestamp":"2026-06-03T15:08:28.030Z","level":"LOG","message":"[dotenv@17.3.1] injecting env (0) from .env -- tip: ⚙️  suppress all logs with { quiet: true }"}
{"timestamp":"2026-06-03T15:08:28.394Z","level":"LOG","message":"[dotenv@17.3.1] injecting env (0) from .env -- tip: 🔐 prevent building .env in docker: https://dotenvx.com/prebuild"}
{"timestamp":"2026-06-03T15:08:28.693Z","level":"LOG","message":"✅ DB Connected"}
{"timestamp":"2026-06-03T15:08:28.766Z","level":"LOG","message":"✅ Tables Synced"}
{"timestamp":"2026-06-03T15:08:28.776Z","level":"LOG","message":"🚀 Server running on port 9001"}
{"timestamp":"2026-06-03T15:22:46.162Z","level":"LOG","message":"[dotenv@17.3.1] injecting env (21) from .env -- tip: ⚙️  load multiple .env files with { path: ['.env.local', '.env'] }"}
{"timestamp":"2026-06-03T15:22:46.448Z","level":"LOG","message":"[dotenv@17.3.1] injecting env (0) from .env -- tip: ⚙️  specify custom .env file path with { path: '/custom/path/.env' }"}
{"timestamp":"2026-06-03T15:22:46.787Z","level":"LOG","message":"[dotenv@17.3.1] injecting env (0) from .env -- tip: ⚙️  write to custom object with { processEnv: myObject }"}
{"timestamp":"2026-06-03T15:22:47.055Z","level":"LOG","message":"✅ DB Connected"}
{"timestamp":"2026-06-03T15:22:47.148Z","level":"LOG","message":"✅ Tables Synced"}
{"timestamp":"2026-06-03T15:22:47.162Z","level":"LOG","message":"🚀 Server running on port 9001"}
{"timestamp":"2026-06-03T16:27:43.994Z","level":"LOG","message":"[dotenv@17.3.1] injecting env (21) from .env -- tip: ⚙️  enable debug logging with { debug: true }"}
{"timestamp":"2026-06-03T16:27:44.309Z","level":"LOG","message":"[dotenv@17.3.1] injecting env (0) from .env -- tip: ⚙️  suppress all logs with { quiet: true }"}
{"timestamp":"2026-06-03T16:27:44.655Z","level":"LOG","message":"[dotenv@17.3.1] injecting env (0) from .env -- tip: 🔐 encrypt with Dotenvx: https://dotenvx.com"}
{"timestamp":"2026-06-03T16:27:45.001Z","level":"LOG","message":"✅ DB Connected"}
{"timestamp":"2026-06-03T16:27:45.087Z","level":"LOG","message":"✅ Tables Synced"}
{"timestamp":"2026-06-03T16:27:45.101Z","level":"LOG","message":"🚀 Server running on port 9001"}
{"timestamp":"2026-06-03T16:27:45.226Z","level":"LOG","message":"AUTH ERROR: jwt expired"}
{"timestamp":"2026-06-03T16:27:45.618Z","level":"LOG","message":"AUTH ERROR: jwt expired"}
{"timestamp":"2026-06-03T17:37:45.819Z","level":"LOG","message":"[dotenv@17.3.1] injecting env (21) from .env -- tip: 🤖 agentic secret storage: https://dotenvx.com/as2"}
{"timestamp":"2026-06-03T17:37:46.124Z","level":"LOG","message":"[dotenv@17.3.1] injecting env (0) from .env -- tip: ⚙️  override existing env vars with { override: true }"}
{"timestamp":"2026-06-03T17:37:46.546Z","level":"LOG","message":"[dotenv@17.3.1] injecting env (0) from .env -- tip: ⚙️  override existing env vars with { override: true }"}
{"timestamp":"2026-06-03T17:37:46.891Z","level":"LOG","message":"✅ DB Connected"}
{"timestamp":"2026-06-03T17:37:46.985Z","level":"LOG","message":"✅ Tables Synced"}
{"timestamp":"2026-06-03T17:37:46.999Z","level":"LOG","message":"🚀 Server running on port 9001"}
{"timestamp":"2026-06-03T18:47:13.680Z","level":"LOG","message":"[dotenv@17.3.1] injecting env (21) from .env -- tip: ⚙️  enable debug logging with { debug: true }"}
{"timestamp":"2026-06-03T18:47:14.025Z","level":"LOG","message":"[dotenv@17.3.1] injecting env (0) from .env -- tip: ⚙️  load multiple .env files with { path: ['.env.local', '.env'] }"}
{"timestamp":"2026-06-03T18:47:14.401Z","level":"LOG","message":"[dotenv@17.3.1] injecting env (0) from .env -- tip: ⚙️  override existing env vars with { override: true }"}
{"timestamp":"2026-06-03T18:47:14.706Z","level":"LOG","message":"✅ DB Connected"}
{"timestamp":"2026-06-03T18:47:14.780Z","level":"LOG","message":"✅ Tables Synced"}
{"timestamp":"2026-06-03T18:47:14.791Z","level":"LOG","message":"🚀 Server running on port 9001"}
{"timestamp":"2026-06-03T20:18:01.854Z","level":"LOG","message":"[dotenv@17.3.1] injecting env (21) from .env -- tip: 🤖 agentic secret storage: https://dotenvx.com/as2"}
{"timestamp":"2026-06-03T20:18:02.184Z","level":"LOG","message":"[dotenv@17.3.1] injecting env (0) from .env -- tip: 🛡️ auth for agents: https://vestauth.com"}
{"timestamp":"2026-06-03T20:18:02.622Z","level":"LOG","message":"[dotenv@17.3.1] injecting env (0) from .env -- tip: ⚙️  write to custom object with { processEnv: myObject }"}
{"timestamp":"2026-06-03T20:18:02.987Z","level":"LOG","message":"✅ DB Connected"}
{"timestamp":"2026-06-03T20:18:04.302Z","level":"LOG","message":"✅ Tables Synced"}
{"timestamp":"2026-06-03T20:18:04.313Z","level":"LOG","message":"🚀 Server running on port 9001"}
{"timestamp":"2026-06-03T21:23:45.400Z","level":"LOG","message":"[dotenv@17.3.1] injecting env (21) from .env -- tip: ⚙️  write to custom object with { processEnv: myObject }"}
{"timestamp":"2026-06-03T21:23:45.684Z","level":"LOG","message":"[dotenv@17.3.1] injecting env (0) from .env -- tip: 🛡️ auth for agents: https://vestauth.com"}
{"timestamp":"2026-06-03T21:23:46.022Z","level":"LOG","message":"[dotenv@17.3.1] injecting env (0) from .env -- tip: ⚙️  override existing env vars with { override: true }"}
{"timestamp":"2026-06-03T21:23:46.319Z","level":"LOG","message":"✅ DB Connected"}
{"timestamp":"2026-06-03T21:23:46.384Z","level":"LOG","message":"✅ Tables Synced"}
{"timestamp":"2026-06-03T21:23:46.393Z","level":"LOG","message":"🚀 Server running on port 9001"}
{"timestamp":"2026-06-03T22:45:20.823Z","level":"LOG","message":"[dotenv@17.3.1] injecting env (21) from .env -- tip: 🔐 encrypt with Dotenvx: https://dotenvx.com"}
{"timestamp":"2026-06-03T22:45:21.121Z","level":"LOG","message":"[dotenv@17.3.1] injecting env (0) from .env -- tip: ⚡️ secrets for agents: https://dotenvx.com/as2"}
{"timestamp":"2026-06-03T22:45:21.479Z","level":"LOG","message":"[dotenv@17.3.1] injecting env (0) from .env -- tip: 🔐 encrypt with Dotenvx: https://dotenvx.com"}
{"timestamp":"2026-06-03T22:45:21.770Z","level":"LOG","message":"✅ DB Connected"}
{"timestamp":"2026-06-03T22:45:21.860Z","level":"LOG","message":"✅ Tables Synced"}
{"timestamp":"2026-06-03T22:45:21.873Z","level":"LOG","message":"🚀 Server running on port 9001"}
{"timestamp":"2026-06-04T00:15:21.678Z","level":"LOG","message":"[dotenv@17.3.1] injecting env (21) from .env -- tip: 🛡️ auth for agents: https://vestauth.com"}
{"timestamp":"2026-06-04T00:15:22.021Z","level":"LOG","message":"[dotenv@17.3.1] injecting env (0) from .env -- tip: 🛡️ auth for agents: https://vestauth.com"}
{"timestamp":"2026-06-04T00:15:22.436Z","level":"LOG","message":"[dotenv@17.3.1] injecting env (0) from .env -- tip: ⚙️  specify custom .env file path with { path: '/custom/path/.env' }"}
{"timestamp":"2026-06-04T00:15:22.727Z","level":"LOG","message":"✅ DB Connected"}
{"timestamp":"2026-06-04T00:15:22.799Z","level":"LOG","message":"✅ Tables Synced"}
{"timestamp":"2026-06-04T00:15:22.813Z","level":"LOG","message":"🚀 Server running on port 9001"}
{"timestamp":"2026-06-04T01:27:34.982Z","level":"LOG","message":"[dotenv@17.3.1] injecting env (21) from .env -- tip: 🛠️  run anywhere with `dotenvx run -- yourcommand`"}
{"timestamp":"2026-06-04T01:27:35.292Z","level":"LOG","message":"[dotenv@17.3.1] injecting env (0) from .env -- tip: 🛠️  run anywhere with `dotenvx run -- yourcommand`"}
{"timestamp":"2026-06-04T01:27:35.719Z","level":"LOG","message":"[dotenv@17.3.1] injecting env (0) from .env -- tip: ⚙️  override existing env vars with { override: true }"}
{"timestamp":"2026-06-04T01:27:36.008Z","level":"LOG","message":"✅ DB Connected"}
{"timestamp":"2026-06-04T01:27:36.083Z","level":"LOG","message":"✅ Tables Synced"}
{"timestamp":"2026-06-04T01:27:36.092Z","level":"LOG","message":"🚀 Server running on port 9001"}
{"timestamp":"2026-06-04T01:29:11.270Z","level":"LOG","message":"[dotenv@17.3.1] injecting env (21) from .env -- tip: 🤖 agentic secret storage: https://dotenvx.com/as2"}
{"timestamp":"2026-06-04T01:29:11.521Z","level":"LOG","message":"[dotenv@17.3.1] injecting env (0) from .env -- tip: ⚙️  suppress all logs with { quiet: true }"}
{"timestamp":"2026-06-04T01:29:11.892Z","level":"LOG","message":"[dotenv@17.3.1] injecting env (0) from .env -- tip: 🤖 agentic secret storage: https://dotenvx.com/as2"}
{"timestamp":"2026-06-04T01:29:12.136Z","level":"LOG","message":"✅ DB Connected"}
{"timestamp":"2026-06-04T01:29:12.211Z","level":"LOG","message":"✅ Tables Synced"}
{"timestamp":"2026-06-04T01:29:12.220Z","level":"LOG","message":"🚀 Server running on port 9001"}
{"timestamp":"2026-06-04T02:29:51.933Z","level":"LOG","message":"[dotenv@17.3.1] injecting env (21) from .env -- tip: 🛠️  run anywhere with `dotenvx run -- yourcommand`"}
{"timestamp":"2026-06-04T02:29:52.237Z","level":"LOG","message":"[dotenv@17.3.1] injecting env (0) from .env -- tip: 🛡️ auth for agents: https://vestauth.com"}
{"timestamp":"2026-06-04T02:29:52.642Z","level":"LOG","message":"[dotenv@17.3.1] injecting env (0) from .env -- tip: 🔐 encrypt with Dotenvx: https://dotenvx.com"}
{"timestamp":"2026-06-04T02:29:52.940Z","level":"LOG","message":"✅ DB Connected"}
{"timestamp":"2026-06-04T02:29:53.018Z","level":"LOG","message":"✅ Tables Synced"}
{"timestamp":"2026-06-04T02:29:53.030Z","level":"LOG","message":"🚀 Server running on port 9001"}
{"timestamp":"2026-06-04T03:43:31.540Z","level":"LOG","message":"[dotenv@17.3.1] injecting env (21) from .env -- tip: ⚡️ secrets for agents: https://dotenvx.com/as2"}
{"timestamp":"2026-06-04T03:43:31.921Z","level":"LOG","message":"[dotenv@17.3.1] injecting env (0) from .env -- tip: ⚙️  write to custom object with { processEnv: myObject }"}
{"timestamp":"2026-06-04T03:43:32.419Z","level":"LOG","message":"[dotenv@17.3.1] injecting env (0) from .env -- tip: 🛠️  run anywhere with `dotenvx run -- yourcommand`"}
{"timestamp":"2026-06-04T03:43:32.771Z","level":"LOG","message":"✅ DB Connected"}
{"timestamp":"2026-06-04T03:43:32.868Z","level":"LOG","message":"✅ Tables Synced"}
{"timestamp":"2026-06-04T03:43:32.883Z","level":"LOG","message":"🚀 Server running on port 9001"}
{"timestamp":"2026-06-04T05:00:17.355Z","level":"LOG","message":"[dotenv@17.3.1] injecting env (21) from .env -- tip: ⚙️  override existing env vars with { override: true }"}
{"timestamp":"2026-06-04T05:00:17.734Z","level":"LOG","message":"[dotenv@17.3.1] injecting env (0) from .env -- tip: 🛡️ auth for agents: https://vestauth.com"}
{"timestamp":"2026-06-04T05:00:18.223Z","level":"LOG","message":"[dotenv@17.3.1] injecting env (0) from .env -- tip: ⚡️ secrets for agents: https://dotenvx.com/as2"}
{"timestamp":"2026-06-04T05:00:18.589Z","level":"LOG","message":"✅ DB Connected"}
{"timestamp":"2026-06-04T05:00:18.692Z","level":"LOG","message":"✅ Tables Synced"}
{"timestamp":"2026-06-04T05:00:18.707Z","level":"LOG","message":"🚀 Server running on port 9001"}
{"timestamp":"2026-06-04T05:02:12.751Z","level":"LOG","message":"AUTH ERROR: jwt expired"}
{"timestamp":"2026-06-04T05:02:12.799Z","level":"LOG","message":"AUTH ERROR: jwt expired"}
{"timestamp":"2026-06-04T05:02:23.912Z","level":"LOG","message":"AUTH ERROR: jwt expired"}
{"timestamp":"2026-06-04T05:02:26.054Z","level":"LOG","message":"AUTH ERROR: jwt expired"}
{"timestamp":"2026-06-04T05:02:26.104Z","level":"LOG","message":"AUTH ERROR: jwt expired"}
{"timestamp":"2026-06-04T05:03:15.799Z","level":"LOG","message":"AUTH ERROR: jwt expired"}
{"timestamp":"2026-06-04T05:03:17.309Z","level":"LOG","message":"AUTH ERROR: jwt expired"}
{"timestamp":"2026-06-04T05:03:23.698Z","level":"LOG","message":"AUTH ERROR: jwt expired"}
{"timestamp":"2026-06-04T05:03:23.753Z","level":"LOG","message":"AUTH ERROR: jwt expired"}
{"timestamp":"2026-06-04T05:03:25.374Z","level":"LOG","message":"AUTH ERROR: jwt expired"}
{"timestamp":"2026-06-04T05:03:32.154Z","level":"LOG","message":"AUTH ERROR: jwt expired"}
{"timestamp":"2026-06-04T05:03:32.750Z","level":"LOG","message":"AUTH ERROR: jwt expired"}
{"timestamp":"2026-06-04T05:03:34.599Z","level":"LOG","message":"AUTH ERROR: jwt expired"}
{"timestamp":"2026-06-04T05:03:37.959Z","level":"LOG","message":"AUTH ERROR: jwt expired"}
{"timestamp":"2026-06-04T05:03:38.011Z","level":"LOG","message":"AUTH ERROR: jwt expired"}
{"timestamp":"2026-06-04T05:03:39.539Z","level":"LOG","message":"AUTH ERROR: jwt expired"}
{"timestamp":"2026-06-04T05:03:41.251Z","level":"LOG","message":"AUTH ERROR: jwt expired"}
{"timestamp":"2026-06-04T05:03:44.479Z","level":"LOG","message":"AUTH ERROR: jwt expired"}
{"timestamp":"2026-06-04T05:03:44.910Z","level":"LOG","message":"AUTH ERROR: jwt expired"}
{"timestamp":"2026-06-04T05:03:48.750Z","level":"LOG","message":"AUTH ERROR: jwt expired"}
{"timestamp":"2026-06-04T05:03:48.798Z","level":"LOG","message":"AUTH ERROR: jwt expired"}
{"timestamp":"2026-06-04T05:03:49.733Z","level":"LOG","message":"AUTH ERROR: jwt expired"}
{"timestamp":"2026-06-04T05:03:52.276Z","level":"LOG","message":"AUTH ERROR: jwt expired"}
{"timestamp":"2026-06-04T05:03:54.551Z","level":"LOG","message":"AUTH ERROR: jwt expired"}
{"timestamp":"2026-06-04T05:03:56.964Z","level":"LOG","message":"AUTH ERROR: jwt expired"}
{"timestamp":"2026-06-04T05:04:11.222Z","level":"LOG","message":"AUTH ERROR: jwt expired"}
{"timestamp":"2026-06-04T05:04:18.019Z","level":"LOG","message":"AUTH ERROR: jwt expired"}
{"timestamp":"2026-06-04T05:04:21.242Z","level":"LOG","message":"AUTH ERROR: jwt expired"}
{"timestamp":"2026-06-04T05:05:55.786Z","level":"LOG","message":"AUTH ERROR: jwt expired"}
{"timestamp":"2026-06-04T05:05:55.979Z","level":"LOG","message":"AUTH ERROR: jwt expired"}
{"timestamp":"2026-06-04T05:06:03.886Z","level":"LOG","message":"AUTH ERROR: jwt expired"}
{"timestamp":"2026-06-04T05:06:14.589Z","level":"LOG","message":"SMS Response: {\"return\":true,\"request_id\":\"S6Wmo1GMStvQsp0\",\"message\":[\"SMS sent successfully.\"]}"}
{"timestamp":"2026-06-04T05:06:18.981Z","level":"LOG","message":"SMS DLR (after await):\n{\n  \"success\": true,\n  \"message\": \"DLR found successfully.\",\n  \"data\": [\n    {\n      \"request_id\": \"S6Wmo1GMStvQsp0\",\n      \"route\": \"dlt\",\n      \"delivery_status\": [\n        {\n          \"sender_id\": \"SHOPHN\",\n          \"mobile\": 9935146914,\n          \"status\": \"Sent\",\n          \"status_description\": \"Delivered successfully\",\n          \"dlr_attempt\": 1,\n          \"sms_language\": \"english\",\n          \"character_count\": 65,\n          \"sms_count\": 1,\n          \"amount_debited\": \"0.2500\",\n          \"sent_timestamp\": 1780549574,\n          \"sent_time\": \"04-06-2026 05:06:14 AM\"\n        }\n      ]\n    }\n  ]\n}"}
{"timestamp":"2026-06-04T05:06:30.657Z","level":"LOG","message":"AUTH ERROR: jwt expired"}
{"timestamp":"2026-06-04T05:06:30.872Z","level":"LOG","message":"AUTH ERROR: jwt expired"}
{"timestamp":"2026-06-04T05:06:35.149Z","level":"LOG","message":"AUTH ERROR: jwt expired"}
{"timestamp":"2026-06-04T05:06:35.198Z","level":"LOG","message":"AUTH ERROR: jwt expired"}
{"timestamp":"2026-06-04T05:06:36.064Z","level":"LOG","message":"AUTH ERROR: jwt expired"}
{"timestamp":"2026-06-04T05:06:38.085Z","level":"LOG","message":"AUTH ERROR: jwt expired"}
{"timestamp":"2026-06-04T05:06:44.620Z","level":"LOG","message":"AUTH ERROR: jwt expired"}
{"timestamp":"2026-06-04T05:06:46.015Z","level":"LOG","message":"AUTH ERROR: jwt expired"}
{"timestamp":"2026-06-04T05:08:25.856Z","level":"LOG","message":"SMS Response: {\"return\":true,\"request_id\":\"SMrZUxZ1UbEDRkr\",\"message\":[\"SMS sent successfully.\"]}"}
{"timestamp":"2026-06-04T05:08:30.478Z","level":"LOG","message":"SMS DLR (after await):\n{\n  \"success\": true,\n  \"message\": \"DLR found successfully.\",\n  \"data\": [\n    {\n      \"request_id\": \"SMrZUxZ1UbEDRkr\",\n      \"route\": \"dlt\",\n      \"delivery_status\": [\n        {\n          \"sender_id\": \"SHOPHN\",\n          \"mobile\": 9555622225,\n          \"status\": \"Sent\",\n          \"status_description\": \"Delivered successfully\",\n          \"dlr_attempt\": 1,\n          \"sms_language\": \"english\",\n          \"character_count\": 65,\n          \"sms_count\": 1,\n          \"amount_debited\": \"0.2500\",\n          \"sent_timestamp\": 1780549705,\n          \"sent_time\": \"04-06-2026 05:08:25 AM\"\n        }\n      ]\n    }\n  ]\n}"}
{"timestamp":"2026-06-04T05:08:38.047Z","level":"LOG","message":"Decoded user: {\"id\":19,\"phone\":\"9555622225\",\"iat\":1780549717,\"exp\":1781154517}"}
{"timestamp":"2026-06-04T05:08:38.048Z","level":"LOG","message":"REQ USER: {\"id\":19,\"phone\":\"9555622225\",\"iat\":1780549717,\"exp\":1781154517}"}
{"timestamp":"2026-06-04T05:08:38.188Z","level":"LOG","message":"Decoded user: {\"id\":19,\"phone\":\"9555622225\",\"iat\":1780549717,\"exp\":1781154517}"}
{"timestamp":"2026-06-04T05:08:38.189Z","level":"LOG","message":"REQ USER: {\"id\":19,\"phone\":\"9555622225\",\"iat\":1780549717,\"exp\":1781154517}"}
{"timestamp":"2026-06-04T05:08:40.342Z","level":"LOG","message":"Decoded user: {\"id\":19,\"phone\":\"9555622225\",\"iat\":1780549717,\"exp\":1781154517}"}
{"timestamp":"2026-06-04T05:08:40.342Z","level":"LOG","message":"REQ USER: {\"id\":19,\"phone\":\"9555622225\",\"iat\":1780549717,\"exp\":1781154517}"}
{"timestamp":"2026-06-04T05:08:46.791Z","level":"LOG","message":"Decoded user: {\"id\":19,\"phone\":\"9555622225\",\"iat\":1780549717,\"exp\":1781154517}"}
{"timestamp":"2026-06-04T05:08:46.861Z","level":"LOG","message":"Decoded user: {\"id\":19,\"phone\":\"9555622225\",\"iat\":1780549717,\"exp\":1781154517}"}
{"timestamp":"2026-06-04T05:08:49.652Z","level":"LOG","message":"Decoded user: {\"id\":19,\"phone\":\"9555622225\",\"iat\":1780549717,\"exp\":1781154517}"}
{"timestamp":"2026-06-04T05:08:58.173Z","level":"LOG","message":"Decoded user: {\"id\":19,\"phone\":\"9555622225\",\"iat\":1780549717,\"exp\":1781154517}"}
{"timestamp":"2026-06-04T05:09:00.872Z","level":"LOG","message":"Decoded user: {\"id\":19,\"phone\":\"9555622225\",\"iat\":1780549717,\"exp\":1781154517}"}
{"timestamp":"2026-06-04T05:09:00.872Z","level":"LOG","message":"REQ USER: {\"id\":19,\"phone\":\"9555622225\",\"iat\":1780549717,\"exp\":1781154517}"}
{"timestamp":"2026-06-04T05:09:08.233Z","level":"LOG","message":"Decoded user: {\"id\":19,\"phone\":\"9555622225\",\"iat\":1780549717,\"exp\":1781154517}"}
{"timestamp":"2026-06-04T05:09:09.176Z","level":"LOG","message":"Decoded user: {\"id\":19,\"phone\":\"9555622225\",\"iat\":1780549717,\"exp\":1781154517}"}
{"timestamp":"2026-06-04T05:09:10.984Z","level":"LOG","message":"Decoded user: {\"id\":19,\"phone\":\"9555622225\",\"iat\":1780549717,\"exp\":1781154517}"}
{"timestamp":"2026-06-04T05:10:09.469Z","level":"LOG","message":"Decoded user: {\"id\":19,\"phone\":\"9555622225\",\"iat\":1780549717,\"exp\":1781154517}"}
{"timestamp":"2026-06-04T05:10:35.323Z","level":"LOG","message":"SMS Response: {\"return\":true,\"request_id\":\"SAzhMxjFEsltZQD\",\"message\":[\"SMS sent successfully.\"]}"}
{"timestamp":"2026-06-04T05:10:40.350Z","level":"LOG","message":"SMS DLR (after await):\n{\n  \"success\": true,\n  \"message\": \"DLR found successfully.\",\n  \"data\": [\n    {\n      \"request_id\": \"SAzhMxjFEsltZQD\",\n      \"route\": \"dlt\",\n      \"delivery_status\": [\n        {\n          \"sender_id\": \"SHOPHN\",\n          \"mobile\": 9935146914,\n          \"status\": \"Sent\",\n          \"status_description\": \"Delivered successfully\",\n          \"dlr_attempt\": 1,\n          \"sms_language\": \"english\",\n          \"character_count\": 65,\n          \"sms_count\": 1,\n          \"amount_debited\": \"0.2500\",\n          \"sent_timestamp\": 1780549835,\n          \"sent_time\": \"04-06-2026 05:10:35 AM\"\n        }\n      ]\n    }\n  ]\n}"}
{"timestamp":"2026-06-04T05:10:48.139Z","level":"LOG","message":"Decoded user: {\"id\":19,\"phone\":\"9555622225\",\"iat\":1780549717,\"exp\":1781154517}"}
{"timestamp":"2026-06-04T05:10:48.139Z","level":"LOG","message":"REQ USER: {\"id\":19,\"phone\":\"9555622225\",\"iat\":1780549717,\"exp\":1781154517}"}
{"timestamp":"2026-06-04T05:10:48.232Z","level":"LOG","message":"Decoded user: {\"id\":19,\"phone\":\"9555622225\",\"iat\":1780549717,\"exp\":1781154517}"}
{"timestamp":"2026-06-04T05:10:48.232Z","level":"LOG","message":"REQ USER: {\"id\":19,\"phone\":\"9555622225\",\"iat\":1780549717,\"exp\":1781154517}"}
{"timestamp":"2026-06-04T05:10:50.328Z","level":"LOG","message":"Decoded user: {\"id\":19,\"phone\":\"9555622225\",\"iat\":1780549717,\"exp\":1781154517}"}
{"timestamp":"2026-06-04T05:10:50.392Z","level":"LOG","message":"Decoded user: {\"id\":19,\"phone\":\"9555622225\",\"iat\":1780549717,\"exp\":1781154517}"}
{"timestamp":"2026-06-04T05:10:53.592Z","level":"LOG","message":"Decoded user: {\"id\":19,\"phone\":\"9555622225\",\"iat\":1780549717,\"exp\":1781154517}"}
{"timestamp":"2026-06-04T05:11:01.131Z","level":"LOG","message":"Decoded user: {\"id\":19,\"phone\":\"9555622225\",\"iat\":1780549717,\"exp\":1781154517}"}
{"timestamp":"2026-06-04T05:11:01.135Z","level":"LOG","message":"Decoded user: {\"id\":19,\"phone\":\"9555622225\",\"iat\":1780549717,\"exp\":1781154517}"}
{"timestamp":"2026-06-04T05:11:01.323Z","level":"LOG","message":"Decoded user: {\"id\":19,\"phone\":\"9555622225\",\"iat\":1780549717,\"exp\":1781154517}"}
{"timestamp":"2026-06-04T05:11:01.323Z","level":"LOG","message":"REQ USER: {\"id\":19,\"phone\":\"9555622225\",\"iat\":1780549717,\"exp\":1781154517}"}
{"timestamp":"2026-06-04T05:11:05.762Z","level":"LOG","message":"Decoded user: {\"id\":19,\"phone\":\"9555622225\",\"iat\":1780549717,\"exp\":1781154517}"}
{"timestamp":"2026-06-04T05:11:05.763Z","level":"LOG","message":"Decoded user: {\"id\":19,\"phone\":\"9555622225\",\"iat\":1780549717,\"exp\":1781154517}"}
{"timestamp":"2026-06-04T05:11:05.864Z","level":"LOG","message":"Decoded user: {\"id\":19,\"phone\":\"9555622225\",\"iat\":1780549717,\"exp\":1781154517}"}
{"timestamp":"2026-06-04T05:11:05.864Z","level":"LOG","message":"REQ USER: {\"id\":19,\"phone\":\"9555622225\",\"iat\":1780549717,\"exp\":1781154517}"}
{"timestamp":"2026-06-04T05:11:14.115Z","level":"LOG","message":"Decoded user: {\"id\":19,\"phone\":\"9555622225\",\"iat\":1780549717,\"exp\":1781154517}"}
{"timestamp":"2026-06-04T05:11:14.115Z","level":"LOG","message":"REQ USER: {\"id\":19,\"phone\":\"9555622225\",\"iat\":1780549717,\"exp\":1781154517}"}
{"timestamp":"2026-06-04T05:11:18.339Z","level":"LOG","message":"Decoded user: {\"id\":19,\"phone\":\"9555622225\",\"iat\":1780549717,\"exp\":1781154517}"}
{"timestamp":"2026-06-04T05:11:18.397Z","level":"LOG","message":"Decoded user: {\"id\":19,\"phone\":\"9555622225\",\"iat\":1780549717,\"exp\":1781154517}"}
{"timestamp":"2026-06-04T05:11:20.013Z","level":"LOG","message":"Decoded user: {\"id\":19,\"phone\":\"9555622225\",\"iat\":1780549717,\"exp\":1781154517}"}
{"timestamp":"2026-06-04T05:11:20.013Z","level":"LOG","message":"REQ USER: {\"id\":19,\"phone\":\"9555622225\",\"iat\":1780549717,\"exp\":1781154517}"}
{"timestamp":"2026-06-04T05:11:20.522Z","level":"LOG","message":"Decoded user: {\"id\":19,\"phone\":\"9555622225\",\"iat\":1780549717,\"exp\":1781154517}"}
{"timestamp":"2026-06-04T05:11:38.441Z","level":"LOG","message":"Decoded user: {\"id\":19,\"phone\":\"9555622225\",\"iat\":1780549717,\"exp\":1781154517}"}
{"timestamp":"2026-06-04T05:11:38.560Z","level":"LOG","message":"Decoded user: {\"id\":19,\"phone\":\"9555622225\",\"iat\":1780549717,\"exp\":1781154517}"}
{"timestamp":"2026-06-04T05:12:03.828Z","level":"LOG","message":"SMS Response: {\"return\":true,\"request_id\":\"Sf42qzv7nfT8q9n\",\"message\":[\"SMS sent successfully.\"]}"}
{"timestamp":"2026-06-04T05:12:08.218Z","level":"LOG","message":"SMS DLR (after await):\n{\n  \"success\": true,\n  \"message\": \"DLR found successfully.\",\n  \"data\": [\n    {\n      \"request_id\": \"Sf42qzv7nfT8q9n\",\n      \"route\": \"dlt\",\n      \"delivery_status\": [\n        {\n          \"sender_id\": \"SHOPHN\",\n          \"mobile\": 9935146914,\n          \"status\": \"Sent\",\n          \"status_description\": \"Delivered successfully\",\n          \"dlr_attempt\": 1,\n          \"sms_language\": \"english\",\n          \"character_count\": 65,\n          \"sms_count\": 1,\n          \"amount_debited\": \"0.2500\",\n          \"sent_timestamp\": 1780549924,\n          \"sent_time\": \"04-06-2026 05:12:04 AM\"\n        }\n      ]\n    }\n  ]\n}"}
{"timestamp":"2026-06-04T05:12:16.804Z","level":"LOG","message":"Decoded user: {\"id\":2,\"phone\":\"9935146914\",\"iat\":1780549935,\"exp\":1781154735}"}
{"timestamp":"2026-06-04T05:12:16.804Z","level":"LOG","message":"REQ USER: {\"id\":2,\"phone\":\"9935146914\",\"iat\":1780549935,\"exp\":1781154735}"}
{"timestamp":"2026-06-04T05:12:17.200Z","level":"LOG","message":"Decoded user: {\"id\":2,\"phone\":\"9935146914\",\"iat\":1780549935,\"exp\":1781154735}"}
{"timestamp":"2026-06-04T05:12:17.200Z","level":"LOG","message":"REQ USER: {\"id\":2,\"phone\":\"9935146914\",\"iat\":1780549935,\"exp\":1781154735}"}
{"timestamp":"2026-06-04T05:12:18.780Z","level":"LOG","message":"Decoded user: {\"id\":2,\"phone\":\"9935146914\",\"iat\":1780549935,\"exp\":1781154735}"}
{"timestamp":"2026-06-04T05:12:18.830Z","level":"LOG","message":"Decoded user: {\"id\":2,\"phone\":\"9935146914\",\"iat\":1780549935,\"exp\":1781154735}"}
{"timestamp":"2026-06-04T05:12:19.934Z","level":"LOG","message":"Decoded user: {\"id\":2,\"phone\":\"9935146914\",\"iat\":1780549935,\"exp\":1781154735}"}
{"timestamp":"2026-06-04T05:12:31.878Z","level":"LOG","message":"Decoded user: {\"id\":2,\"phone\":\"9935146914\",\"iat\":1780549935,\"exp\":1781154735}"}
{"timestamp":"2026-06-04T05:12:31.878Z","level":"LOG","message":"REQ USER: {\"id\":2,\"phone\":\"9935146914\",\"iat\":1780549935,\"exp\":1781154735}"}
{"timestamp":"2026-06-04T05:12:38.863Z","level":"LOG","message":"Decoded user: {\"id\":2,\"phone\":\"9935146914\",\"iat\":1780549935,\"exp\":1781154735}"}
{"timestamp":"2026-06-04T05:16:56.300Z","level":"LOG","message":"AUTH ERROR: jwt expired"}
{"timestamp":"2026-06-04T05:16:56.513Z","level":"LOG","message":"AUTH ERROR: jwt expired"}
{"timestamp":"2026-06-04T05:17:00.420Z","level":"LOG","message":"AUTH ERROR: jwt expired"}
{"timestamp":"2026-06-04T05:17:02.470Z","level":"LOG","message":"AUTH ERROR: jwt expired"}
{"timestamp":"2026-06-04T05:17:02.531Z","level":"LOG","message":"AUTH ERROR: jwt expired"}
{"timestamp":"2026-06-04T05:17:03.834Z","level":"LOG","message":"AUTH ERROR: jwt expired"}
{"timestamp":"2026-06-04T05:17:06.624Z","level":"LOG","message":"AUTH ERROR: jwt expired"}
{"timestamp":"2026-06-04T05:17:06.629Z","level":"LOG","message":"AUTH ERROR: jwt expired"}
{"timestamp":"2026-06-04T05:17:06.869Z","level":"LOG","message":"AUTH ERROR: jwt expired"}
{"timestamp":"2026-06-04T06:01:33.001Z","level":"LOG","message":"[dotenv@17.3.1] injecting env (21) from .env -- tip: 🔐 prevent building .env in docker: https://dotenvx.com/prebuild"}
{"timestamp":"2026-06-04T06:01:33.332Z","level":"LOG","message":"[dotenv@17.3.1] injecting env (0) from .env -- tip: ⚙️  write to custom object with { processEnv: myObject }"}
{"timestamp":"2026-06-04T06:01:33.687Z","level":"LOG","message":"[dotenv@17.3.1] injecting env (0) from .env -- tip: 🔐 prevent building .env in docker: https://dotenvx.com/prebuild"}
{"timestamp":"2026-06-04T06:01:33.953Z","level":"LOG","message":"✅ DB Connected"}
{"timestamp":"2026-06-04T06:01:34.044Z","level":"LOG","message":"✅ Tables Synced"}
{"timestamp":"2026-06-04T06:01:34.055Z","level":"LOG","message":"🚀 Server running on port 9001"}
{"timestamp":"2026-06-04T06:50:10.737Z","level":"LOG","message":"AUTH ERROR: jwt expired"}
{"timestamp":"2026-06-04T06:50:11.222Z","level":"LOG","message":"AUTH ERROR: jwt expired"}
{"timestamp":"2026-06-04T06:50:19.703Z","level":"LOG","message":"AUTH ERROR: jwt expired"}
{"timestamp":"2026-06-04T06:50:31.340Z","level":"LOG","message":"AUTH ERROR: jwt expired"}
{"timestamp":"2026-06-04T06:50:34.964Z","level":"LOG","message":"AUTH ERROR: jwt expired"}
{"timestamp":"2026-06-04T06:50:35.783Z","level":"LOG","message":"AUTH ERROR: jwt expired"}
{"timestamp":"2026-06-04T06:50:43.262Z","level":"LOG","message":"AUTH ERROR: jwt expired"}
{"timestamp":"2026-06-04T06:50:48.771Z","level":"LOG","message":"AUTH ERROR: jwt expired"}
{"timestamp":"2026-06-04T06:51:03.816Z","level":"LOG","message":"AUTH ERROR: jwt expired"}
{"timestamp":"2026-06-04T06:51:08.206Z","level":"LOG","message":"AUTH ERROR: jwt expired"}
{"timestamp":"2026-06-04T06:51:10.387Z","level":"LOG","message":"AUTH ERROR: jwt expired"}
{"timestamp":"2026-06-04T06:51:17.089Z","level":"LOG","message":"AUTH ERROR: jwt expired"}
{"timestamp":"2026-06-04T06:51:31.204Z","level":"LOG","message":"AUTH ERROR: jwt expired"}
{"timestamp":"2026-06-04T06:52:05.527Z","level":"LOG","message":"AUTH ERROR: jwt expired"}
{"timestamp":"2026-06-04T06:52:25.794Z","level":"LOG","message":"AUTH ERROR: jwt expired"}
{"timestamp":"2026-06-04T06:52:38.013Z","level":"LOG","message":"AUTH ERROR: jwt expired"}
{"timestamp":"2026-06-04T06:52:42.028Z","level":"LOG","message":"AUTH ERROR: jwt expired"}
{"timestamp":"2026-06-04T06:53:03.644Z","level":"LOG","message":"AUTH ERROR: jwt expired"}
{"timestamp":"2026-06-04T06:53:12.807Z","level":"LOG","message":"AUTH ERROR: jwt expired"}
{"timestamp":"2026-06-04T06:53:26.324Z","level":"LOG","message":"AUTH ERROR: jwt expired"}
{"timestamp":"2026-06-04T07:09:37.175Z","level":"LOG","message":"[dotenv@17.3.1] injecting env (21) from .env -- tip: 🛠️  run anywhere with `dotenvx run -- yourcommand`"}
{"timestamp":"2026-06-04T07:09:37.560Z","level":"LOG","message":"[dotenv@17.3.1] injecting env (0) from .env -- tip: 🤖 agentic secret storage: https://dotenvx.com/as2"}
{"timestamp":"2026-06-04T07:09:38.045Z","level":"LOG","message":"[dotenv@17.3.1] injecting env (0) from .env -- tip: ⚡️ secrets for agents: https://dotenvx.com/as2"}
{"timestamp":"2026-06-04T07:09:38.415Z","level":"LOG","message":"✅ DB Connected"}
{"timestamp":"2026-06-04T07:09:38.509Z","level":"LOG","message":"✅ Tables Synced"}
{"timestamp":"2026-06-04T07:09:38.518Z","level":"LOG","message":"🚀 Server running on port 9001"}
{"timestamp":"2026-06-04T08:00:58.584Z","level":"LOG","message":"[dotenv@17.3.1] injecting env (21) from .env -- tip: ⚙️  enable debug logging with { debug: true }"}
{"timestamp":"2026-06-04T08:00:58.950Z","level":"LOG","message":"[dotenv@17.3.1] injecting env (0) from .env -- tip: ⚙️  load multiple .env files with { path: ['.env.local', '.env'] }"}
{"timestamp":"2026-06-04T08:00:59.511Z","level":"LOG","message":"[dotenv@17.3.1] injecting env (0) from .env -- tip: ⚙️  specify custom .env file path with { path: '/custom/path/.env' }"}
{"timestamp":"2026-06-04T08:00:59.945Z","level":"LOG","message":"✅ DB Connected"}
{"timestamp":"2026-06-04T08:01:00.071Z","level":"LOG","message":"✅ Tables Synced"}
{"timestamp":"2026-06-04T08:01:00.085Z","level":"LOG","message":"🚀 Server running on port 9001"}
{"timestamp":"2026-06-04T08:19:10.320Z","level":"LOG","message":"[dotenv@17.3.1] injecting env (21) from .env -- tip: ⚙️  suppress all logs with { quiet: true }"}
{"timestamp":"2026-06-04T08:19:10.556Z","level":"LOG","message":"[dotenv@17.3.1] injecting env (0) from .env -- tip: 🤖 agentic secret storage: https://dotenvx.com/as2"}
{"timestamp":"2026-06-04T08:19:10.908Z","level":"LOG","message":"[dotenv@17.3.1] injecting env (0) from .env -- tip: 🛠️  run anywhere with `dotenvx run -- yourcommand`"}
{"timestamp":"2026-06-04T08:19:11.267Z","level":"LOG","message":"✅ DB Connected"}
{"timestamp":"2026-06-04T08:19:11.364Z","level":"LOG","message":"✅ Tables Synced"}
{"timestamp":"2026-06-04T08:19:11.376Z","level":"LOG","message":"🚀 Server running on port 9001"}
{"timestamp":"2026-06-04T09:30:11.215Z","level":"LOG","message":"[dotenv@17.3.1] injecting env (21) from .env -- tip: 🛠️  run anywhere with `dotenvx run -- yourcommand`"}
{"timestamp":"2026-06-04T09:30:11.611Z","level":"LOG","message":"[dotenv@17.3.1] injecting env (0) from .env -- tip: ⚙️  suppress all logs with { quiet: true }"}
{"timestamp":"2026-06-04T09:30:12.121Z","level":"LOG","message":"[dotenv@17.3.1] injecting env (0) from .env -- tip: ⚙️  load multiple .env files with { path: ['.env.local', '.env'] }"}
{"timestamp":"2026-06-04T09:30:12.486Z","level":"LOG","message":"✅ DB Connected"}
{"timestamp":"2026-06-04T09:30:12.579Z","level":"LOG","message":"✅ Tables Synced"}
{"timestamp":"2026-06-04T09:30:12.592Z","level":"LOG","message":"🚀 Server running on port 9001"}
{"timestamp":"2026-06-04T10:29:06.241Z","level":"LOG","message":"[dotenv@17.3.1] injecting env (21) from .env -- tip: ⚡️ secrets for agents: https://dotenvx.com/as2"}
{"timestamp":"2026-06-04T10:29:06.628Z","level":"LOG","message":"[dotenv@17.3.1] injecting env (0) from .env -- tip: ⚡️ secrets for agents: https://dotenvx.com/as2"}
{"timestamp":"2026-06-04T10:29:07.111Z","level":"LOG","message":"[dotenv@17.3.1] injecting env (0) from .env -- tip: ⚙️  suppress all logs with { quiet: true }"}
{"timestamp":"2026-06-04T10:29:07.434Z","level":"LOG","message":"✅ DB Connected"}
{"timestamp":"2026-06-04T10:29:07.528Z","level":"LOG","message":"✅ Tables Synced"}
{"timestamp":"2026-06-04T10:29:07.542Z","level":"LOG","message":"🚀 Server running on port 9001"}
{"timestamp":"2026-06-04T10:41:11.325Z","level":"LOG","message":"[dotenv@17.3.1] injecting env (21) from .env -- tip: 🛠️  run anywhere with `dotenvx run -- yourcommand`"}
{"timestamp":"2026-06-04T10:41:11.573Z","level":"LOG","message":"[dotenv@17.3.1] injecting env (0) from .env -- tip: ⚙️  override existing env vars with { override: true }"}
{"timestamp":"2026-06-04T10:41:11.891Z","level":"LOG","message":"[dotenv@17.3.1] injecting env (0) from .env -- tip: 🔐 encrypt with Dotenvx: https://dotenvx.com"}
{"timestamp":"2026-06-04T10:41:12.171Z","level":"LOG","message":"✅ DB Connected"}
{"timestamp":"2026-06-04T10:41:12.268Z","level":"LOG","message":"✅ Tables Synced"}
{"timestamp":"2026-06-04T10:41:12.281Z","level":"LOG","message":"🚀 Server running on port 9001"}
{"timestamp":"2026-06-04T11:45:29.701Z","level":"LOG","message":"[dotenv@17.3.1] injecting env (21) from .env -- tip: ⚙️  override existing env vars with { override: true }"}
{"timestamp":"2026-06-04T11:45:30.042Z","level":"LOG","message":"[dotenv@17.3.1] injecting env (0) from .env -- tip: ⚙️  specify custom .env file path with { path: '/custom/path/.env' }"}
{"timestamp":"2026-06-04T11:45:30.490Z","level":"LOG","message":"[dotenv@17.3.1] injecting env (0) from .env -- tip: 🤖 agentic secret storage: https://dotenvx.com/as2"}
{"timestamp":"2026-06-04T11:45:30.874Z","level":"LOG","message":"✅ DB Connected"}
{"timestamp":"2026-06-04T11:45:30.967Z","level":"LOG","message":"✅ Tables Synced"}
{"timestamp":"2026-06-04T11:45:30.979Z","level":"LOG","message":"🚀 Server running on port 9001"}
{"timestamp":"2026-06-04T12:09:08.519Z","level":"LOG","message":"AUTH ERROR: jwt expired"}
{"timestamp":"2026-06-04T12:09:08.555Z","level":"LOG","message":"AUTH ERROR: jwt expired"}
{"timestamp":"2026-06-04T12:09:08.577Z","level":"LOG","message":"AUTH ERROR: jwt expired"}
{"timestamp":"2026-06-04T12:09:08.696Z","level":"LOG","message":"AUTH ERROR: jwt expired"}
{"timestamp":"2026-06-04T12:14:42.727Z","level":"LOG","message":"AUTH ERROR: jwt expired"}
{"timestamp":"2026-06-04T12:16:04.838Z","level":"LOG","message":"AUTH ERROR: jwt expired"}
{"timestamp":"2026-06-04T12:23:29.275Z","level":"LOG","message":"AUTH ERROR: jwt expired"}
{"timestamp":"2026-06-04T12:30:12.895Z","level":"LOG","message":"AUTH ERROR: jwt expired"}
{"timestamp":"2026-06-04T12:30:44.571Z","level":"LOG","message":"AUTH ERROR: jwt expired"}
{"timestamp":"2026-06-04T12:31:33.472Z","level":"LOG","message":"AUTH ERROR: jwt expired"}
{"timestamp":"2026-06-04T12:31:54.085Z","level":"LOG","message":"AUTH ERROR: jwt expired"}
{"timestamp":"2026-06-04T12:32:00.573Z","level":"LOG","message":"AUTH ERROR: jwt expired"}
{"timestamp":"2026-06-04T12:34:57.858Z","level":"LOG","message":"AUTH ERROR: jwt expired"}
{"timestamp":"2026-06-04T12:37:23.531Z","level":"LOG","message":"AUTH ERROR: jwt expired"}
{"timestamp":"2026-06-04T12:37:26.718Z","level":"LOG","message":"AUTH ERROR: jwt expired"}
{"timestamp":"2026-06-04T12:46:03.375Z","level":"LOG","message":"[dotenv@17.3.1] injecting env (21) from .env -- tip: 🛠️  run anywhere with `dotenvx run -- yourcommand`"}
{"timestamp":"2026-06-04T12:46:03.741Z","level":"LOG","message":"[dotenv@17.3.1] injecting env (0) from .env -- tip: 🛠️  run anywhere with `dotenvx run -- yourcommand`"}
{"timestamp":"2026-06-04T12:46:04.390Z","level":"LOG","message":"[dotenv@17.3.1] injecting env (0) from .env -- tip: ⚡️ secrets for agents: https://dotenvx.com/as2"}
{"timestamp":"2026-06-04T12:46:04.948Z","level":"LOG","message":"✅ DB Connected"}
{"timestamp":"2026-06-04T12:46:05.211Z","level":"LOG","message":"✅ Tables Synced"}
{"timestamp":"2026-06-04T12:46:05.231Z","level":"LOG","message":"🚀 Server running on port 9001"}
{"timestamp":"2026-06-04T12:46:33.064Z","level":"LOG","message":"AUTH ERROR: jwt expired"}
{"timestamp":"2026-06-04T12:46:33.177Z","level":"LOG","message":"AUTH ERROR: jwt expired"}
{"timestamp":"2026-06-04T12:46:33.570Z","level":"LOG","message":"AUTH ERROR: jwt expired"}
{"timestamp":"2026-06-04T12:47:46.520Z","level":"LOG","message":"Decoded user: {\"id\":19,\"phone\":\"9555622225\",\"iat\":1780549717,\"exp\":1781154517}"}
{"timestamp":"2026-06-04T12:47:46.520Z","level":"LOG","message":"REQ USER: {\"id\":19,\"phone\":\"9555622225\",\"iat\":1780549717,\"exp\":1781154517}"}
{"timestamp":"2026-06-04T12:47:46.635Z","level":"LOG","message":"Decoded user: {\"id\":19,\"phone\":\"9555622225\",\"iat\":1780549717,\"exp\":1781154517}"}
{"timestamp":"2026-06-04T12:47:46.635Z","level":"LOG","message":"REQ USER: {\"id\":19,\"phone\":\"9555622225\",\"iat\":1780549717,\"exp\":1781154517}"}
{"timestamp":"2026-06-04T12:48:37.925Z","level":"LOG","message":"Decoded user: {\"id\":19,\"phone\":\"9555622225\",\"iat\":1780549717,\"exp\":1781154517}"}
{"timestamp":"2026-06-04T12:48:37.925Z","level":"LOG","message":"REQ USER: {\"id\":19,\"phone\":\"9555622225\",\"iat\":1780549717,\"exp\":1781154517}"}
{"timestamp":"2026-06-04T13:15:20.048Z","level":"LOG","message":"AUTH ERROR: jwt expired"}
{"timestamp":"2026-06-04T13:15:20.525Z","level":"LOG","message":"AUTH ERROR: jwt expired"}
{"timestamp":"2026-06-04T13:15:42.780Z","level":"LOG","message":"AUTH ERROR: jwt expired"}
{"timestamp":"2026-06-04T13:15:51.169Z","level":"LOG","message":"AUTH ERROR: jwt expired"}
{"timestamp":"2026-06-04T13:16:01.681Z","level":"LOG","message":"AUTH ERROR: jwt expired"}
{"timestamp":"2026-06-04T13:16:05.826Z","level":"LOG","message":"AUTH ERROR: jwt expired"}
{"timestamp":"2026-06-04T13:16:06.063Z","level":"LOG","message":"AUTH ERROR: jwt expired"}
{"timestamp":"2026-06-04T13:16:06.620Z","level":"LOG","message":"AUTH ERROR: jwt expired"}
{"timestamp":"2026-06-04T13:32:12.295Z","level":"LOG","message":"orderStatusSms delivered: ORD1779973548827 sent "}
{"timestamp":"2026-06-04T13:48:23.130Z","level":"LOG","message":"[dotenv@17.3.1] injecting env (21) from .env -- tip: 🛠️  run anywhere with `dotenvx run -- yourcommand`"}
{"timestamp":"2026-06-04T13:48:23.564Z","level":"LOG","message":"[dotenv@17.3.1] injecting env (0) from .env -- tip: 🔐 prevent committing .env to code: https://dotenvx.com/precommit"}
{"timestamp":"2026-06-04T13:48:24.135Z","level":"LOG","message":"[dotenv@17.3.1] injecting env (0) from .env -- tip: 🔐 prevent building .env in docker: https://dotenvx.com/prebuild"}
{"timestamp":"2026-06-04T13:48:24.623Z","level":"LOG","message":"✅ DB Connected"}
{"timestamp":"2026-06-04T13:48:24.764Z","level":"LOG","message":"✅ Tables Synced"}
{"timestamp":"2026-06-04T13:48:24.782Z","level":"LOG","message":"🚀 Server running on port 9001"}
{"timestamp":"2026-06-04T14:44:13.348Z","level":"LOG","message":"[dotenv@17.3.1] injecting env (21) from .env -- tip: ⚙️  write to custom object with { processEnv: myObject }"}
{"timestamp":"2026-06-04T14:44:13.717Z","level":"LOG","message":"[dotenv@17.3.1] injecting env (0) from .env -- tip: ⚙️  enable debug logging with { debug: true }"}
{"timestamp":"2026-06-04T14:44:14.216Z","level":"LOG","message":"[dotenv@17.3.1] injecting env (0) from .env -- tip: ⚙️  specify custom .env file path with { path: '/custom/path/.env' }"}
{"timestamp":"2026-06-04T14:44:14.600Z","level":"LOG","message":"✅ DB Connected"}
{"timestamp":"2026-06-04T14:44:14.695Z","level":"LOG","message":"✅ Tables Synced"}
{"timestamp":"2026-06-04T14:44:14.709Z","level":"LOG","message":"🚀 Server running on port 9001"}
{"timestamp":"2026-06-04T15:34:10.648Z","level":"LOG","message":"[dotenv@17.3.1] injecting env (21) from .env -- tip: ⚙️  suppress all logs with { quiet: true }"}
{"timestamp":"2026-06-04T15:34:11.130Z","level":"LOG","message":"[dotenv@17.3.1] injecting env (0) from .env -- tip: 🔐 prevent building .env in docker: https://dotenvx.com/prebuild"}
{"timestamp":"2026-06-04T15:34:11.776Z","level":"LOG","message":"[dotenv@17.3.1] injecting env (0) from .env -- tip: 🛡️ auth for agents: https://vestauth.com"}
{"timestamp":"2026-06-04T15:34:12.224Z","level":"LOG","message":"✅ DB Connected"}
{"timestamp":"2026-06-04T15:34:12.377Z","level":"LOG","message":"✅ Tables Synced"}
{"timestamp":"2026-06-04T15:34:12.393Z","level":"LOG","message":"🚀 Server running on port 9001"}
{"timestamp":"2026-06-04T16:35:17.729Z","level":"LOG","message":"[dotenv@17.3.1] injecting env (21) from .env -- tip: ⚙️  enable debug logging with { debug: true }"}
{"timestamp":"2026-06-04T16:35:18.122Z","level":"LOG","message":"[dotenv@17.3.1] injecting env (0) from .env -- tip: 🔐 prevent committing .env to code: https://dotenvx.com/precommit"}
{"timestamp":"2026-06-04T16:35:18.666Z","level":"LOG","message":"[dotenv@17.3.1] injecting env (0) from .env -- tip: ⚙️  write to custom object with { processEnv: myObject }"}
{"timestamp":"2026-06-04T16:35:19.199Z","level":"LOG","message":"✅ DB Connected"}
{"timestamp":"2026-06-04T16:35:19.293Z","level":"LOG","message":"✅ Tables Synced"}
{"timestamp":"2026-06-04T16:35:19.304Z","level":"LOG","message":"🚀 Server running on port 9001"}
{"timestamp":"2026-06-04T18:00:50.027Z","level":"LOG","message":"[dotenv@17.3.1] injecting env (21) from .env -- tip: ⚙️  specify custom .env file path with { path: '/custom/path/.env' }"}
{"timestamp":"2026-06-04T18:00:50.369Z","level":"LOG","message":"[dotenv@17.3.1] injecting env (0) from .env -- tip: 🔐 prevent committing .env to code: https://dotenvx.com/precommit"}
{"timestamp":"2026-06-04T18:00:50.791Z","level":"LOG","message":"[dotenv@17.3.1] injecting env (0) from .env -- tip: 🔐 prevent committing .env to code: https://dotenvx.com/precommit"}
{"timestamp":"2026-06-04T18:00:51.146Z","level":"LOG","message":"✅ DB Connected"}
{"timestamp":"2026-06-04T18:00:51.242Z","level":"LOG","message":"✅ Tables Synced"}
{"timestamp":"2026-06-04T18:00:51.255Z","level":"LOG","message":"🚀 Server running on port 9001"}
{"timestamp":"2026-06-04T19:06:42.043Z","level":"LOG","message":"[dotenv@17.3.1] injecting env (21) from .env -- tip: ⚙️  specify custom .env file path with { path: '/custom/path/.env' }"}
{"timestamp":"2026-06-04T19:06:42.452Z","level":"LOG","message":"[dotenv@17.3.1] injecting env (0) from .env -- tip: ⚙️  enable debug logging with { debug: true }"}
{"timestamp":"2026-06-04T19:06:42.948Z","level":"LOG","message":"[dotenv@17.3.1] injecting env (0) from .env -- tip: 🔐 encrypt with Dotenvx: https://dotenvx.com"}
{"timestamp":"2026-06-04T19:06:43.356Z","level":"LOG","message":"✅ DB Connected"}
{"timestamp":"2026-06-04T19:06:43.466Z","level":"LOG","message":"✅ Tables Synced"}
{"timestamp":"2026-06-04T19:06:43.479Z","level":"LOG","message":"🚀 Server running on port 9001"}
{"timestamp":"2026-06-04T20:28:01.267Z","level":"LOG","message":"[dotenv@17.3.1] injecting env (21) from .env -- tip: ⚙️  write to custom object with { processEnv: myObject }"}
{"timestamp":"2026-06-04T20:28:01.586Z","level":"LOG","message":"[dotenv@17.3.1] injecting env (0) from .env -- tip: ⚙️  override existing env vars with { override: true }"}
{"timestamp":"2026-06-04T20:28:02.032Z","level":"LOG","message":"[dotenv@17.3.1] injecting env (0) from .env -- tip: ⚙️  write to custom object with { processEnv: myObject }"}
{"timestamp":"2026-06-04T20:28:02.425Z","level":"LOG","message":"✅ DB Connected"}
{"timestamp":"2026-06-04T20:28:02.524Z","level":"LOG","message":"✅ Tables Synced"}
{"timestamp":"2026-06-04T20:28:02.537Z","level":"LOG","message":"🚀 Server running on port 9001"}
{"timestamp":"2026-06-04T21:35:22.333Z","level":"LOG","message":"[dotenv@17.3.1] injecting env (21) from .env -- tip: ⚙️  enable debug logging with { debug: true }"}
{"timestamp":"2026-06-04T21:35:22.619Z","level":"LOG","message":"[dotenv@17.3.1] injecting env (0) from .env -- tip: 🔐 prevent committing .env to code: https://dotenvx.com/precommit"}
{"timestamp":"2026-06-04T21:35:23.001Z","level":"LOG","message":"[dotenv@17.3.1] injecting env (0) from .env -- tip: 🔐 prevent building .env in docker: https://dotenvx.com/prebuild"}
{"timestamp":"2026-06-04T21:35:23.274Z","level":"LOG","message":"✅ DB Connected"}
{"timestamp":"2026-06-04T21:35:23.339Z","level":"LOG","message":"✅ Tables Synced"}
{"timestamp":"2026-06-04T21:35:23.348Z","level":"LOG","message":"🚀 Server running on port 9001"}
{"timestamp":"2026-06-04T22:40:18.180Z","level":"LOG","message":"[dotenv@17.3.1] injecting env (21) from .env -- tip: ⚡️ secrets for agents: https://dotenvx.com/as2"}
{"timestamp":"2026-06-04T22:40:18.491Z","level":"LOG","message":"[dotenv@17.3.1] injecting env (0) from .env -- tip: ⚡️ secrets for agents: https://dotenvx.com/as2"}
{"timestamp":"2026-06-04T22:40:18.851Z","level":"LOG","message":"[dotenv@17.3.1] injecting env (0) from .env -- tip: 🛡️ auth for agents: https://vestauth.com"}
{"timestamp":"2026-06-04T22:40:19.189Z","level":"LOG","message":"✅ DB Connected"}
{"timestamp":"2026-06-04T22:40:19.271Z","level":"LOG","message":"✅ Tables Synced"}
{"timestamp":"2026-06-04T22:40:19.284Z","level":"LOG","message":"🚀 Server running on port 9001"}
{"timestamp":"2026-06-05T00:21:23.123Z","level":"LOG","message":"[dotenv@17.3.1] injecting env (21) from .env -- tip: 🔐 prevent building .env in docker: https://dotenvx.com/prebuild"}
{"timestamp":"2026-06-05T00:21:23.439Z","level":"LOG","message":"[dotenv@17.3.1] injecting env (0) from .env -- tip: 🛠️  run anywhere with `dotenvx run -- yourcommand`"}
{"timestamp":"2026-06-05T00:21:23.889Z","level":"LOG","message":"[dotenv@17.3.1] injecting env (0) from .env -- tip: ⚙️  load multiple .env files with { path: ['.env.local', '.env'] }"}
{"timestamp":"2026-06-05T00:21:24.303Z","level":"LOG","message":"✅ DB Connected"}
{"timestamp":"2026-06-05T00:21:24.416Z","level":"LOG","message":"✅ Tables Synced"}
{"timestamp":"2026-06-05T00:21:24.431Z","level":"LOG","message":"🚀 Server running on port 9001"}
{"timestamp":"2026-06-05T01:23:51.786Z","level":"LOG","message":"[dotenv@17.3.1] injecting env (21) from .env -- tip: ⚙️  override existing env vars with { override: true }"}
{"timestamp":"2026-06-05T01:23:52.154Z","level":"LOG","message":"[dotenv@17.3.1] injecting env (0) from .env -- tip: 🔐 encrypt with Dotenvx: https://dotenvx.com"}
{"timestamp":"2026-06-05T01:23:52.634Z","level":"LOG","message":"[dotenv@17.3.1] injecting env (0) from .env -- tip: ⚙️  suppress all logs with { quiet: true }"}
{"timestamp":"2026-06-05T01:23:53.030Z","level":"LOG","message":"✅ DB Connected"}
{"timestamp":"2026-06-05T01:23:53.128Z","level":"LOG","message":"✅ Tables Synced"}
{"timestamp":"2026-06-05T01:23:53.142Z","level":"LOG","message":"🚀 Server running on port 9001"}
{"timestamp":"2026-06-05T02:44:41.067Z","level":"LOG","message":"[dotenv@17.3.1] injecting env (21) from .env -- tip: ⚡️ secrets for agents: https://dotenvx.com/as2"}
{"timestamp":"2026-06-05T02:44:41.421Z","level":"LOG","message":"[dotenv@17.3.1] injecting env (0) from .env -- tip: ⚙️  specify custom .env file path with { path: '/custom/path/.env' }"}
{"timestamp":"2026-06-05T02:44:41.870Z","level":"LOG","message":"[dotenv@17.3.1] injecting env (0) from .env -- tip: ⚙️  specify custom .env file path with { path: '/custom/path/.env' }"}
{"timestamp":"2026-06-05T02:44:42.183Z","level":"LOG","message":"✅ DB Connected"}
{"timestamp":"2026-06-05T02:44:42.265Z","level":"LOG","message":"✅ Tables Synced"}
{"timestamp":"2026-06-05T02:44:42.276Z","level":"LOG","message":"🚀 Server running on port 9001"}
{"timestamp":"2026-06-05T03:49:44.542Z","level":"LOG","message":"[dotenv@17.3.1] injecting env (21) from .env -- tip: ⚙️  specify custom .env file path with { path: '/custom/path/.env' }"}
{"timestamp":"2026-06-05T03:49:44.856Z","level":"LOG","message":"[dotenv@17.3.1] injecting env (0) from .env -- tip: 🔐 prevent committing .env to code: https://dotenvx.com/precommit"}
{"timestamp":"2026-06-05T03:49:45.335Z","level":"LOG","message":"[dotenv@17.3.1] injecting env (0) from .env -- tip: 🔐 prevent building .env in docker: https://dotenvx.com/prebuild"}
{"timestamp":"2026-06-05T03:49:45.673Z","level":"LOG","message":"✅ DB Connected"}
{"timestamp":"2026-06-05T03:49:45.788Z","level":"LOG","message":"✅ Tables Synced"}
{"timestamp":"2026-06-05T03:49:45.805Z","level":"LOG","message":"🚀 Server running on port 9001"}
{"timestamp":"2026-06-05T04:52:55.490Z","level":"LOG","message":"[dotenv@17.3.1] injecting env (21) from .env -- tip: ⚙️  load multiple .env files with { path: ['.env.local', '.env'] }"}
{"timestamp":"2026-06-05T04:52:55.902Z","level":"LOG","message":"[dotenv@17.3.1] injecting env (0) from .env -- tip: ⚡️ secrets for agents: https://dotenvx.com/as2"}
{"timestamp":"2026-06-05T04:52:56.468Z","level":"LOG","message":"[dotenv@17.3.1] injecting env (0) from .env -- tip: 🛠️  run anywhere with `dotenvx run -- yourcommand`"}
{"timestamp":"2026-06-05T04:52:56.947Z","level":"LOG","message":"✅ DB Connected"}
{"timestamp":"2026-06-05T04:52:57.103Z","level":"LOG","message":"✅ Tables Synced"}
{"timestamp":"2026-06-05T04:52:57.119Z","level":"LOG","message":"🚀 Server running on port 9001"}
{"timestamp":"2026-06-05T05:54:58.553Z","level":"LOG","message":"[dotenv@17.3.1] injecting env (21) from .env -- tip: 🤖 agentic secret storage: https://dotenvx.com/as2"}
{"timestamp":"2026-06-05T05:54:58.934Z","level":"LOG","message":"[dotenv@17.3.1] injecting env (0) from .env -- tip: 🛠️  run anywhere with `dotenvx run -- yourcommand`"}
{"timestamp":"2026-06-05T05:54:59.544Z","level":"LOG","message":"[dotenv@17.3.1] injecting env (0) from .env -- tip: ⚙️  load multiple .env files with { path: ['.env.local', '.env'] }"}
{"timestamp":"2026-06-05T05:54:59.965Z","level":"LOG","message":"✅ DB Connected"}
{"timestamp":"2026-06-05T05:55:00.105Z","level":"LOG","message":"✅ Tables Synced"}
{"timestamp":"2026-06-05T05:55:00.119Z","level":"LOG","message":"🚀 Server running on port 9001"}
{"timestamp":"2026-06-05T06:25:23.852Z","level":"LOG","message":"AUTH ERROR: invalid signature"}
{"timestamp":"2026-06-05T06:55:54.974Z","level":"LOG","message":"[dotenv@17.3.1] injecting env (21) from .env -- tip: 🔐 prevent building .env in docker: https://dotenvx.com/prebuild"}
{"timestamp":"2026-06-05T06:55:55.342Z","level":"LOG","message":"[dotenv@17.3.1] injecting env (0) from .env -- tip: ⚙️  write to custom object with { processEnv: myObject }"}
{"timestamp":"2026-06-05T06:55:55.791Z","level":"LOG","message":"[dotenv@17.3.1] injecting env (0) from .env -- tip: ⚡️ secrets for agents: https://dotenvx.com/as2"}
{"timestamp":"2026-06-05T06:55:56.096Z","level":"LOG","message":"✅ DB Connected"}
{"timestamp":"2026-06-05T06:55:56.186Z","level":"LOG","message":"✅ Tables Synced"}
{"timestamp":"2026-06-05T06:55:56.202Z","level":"LOG","message":"🚀 Server running on port 9001"}
{"timestamp":"2026-06-05T06:58:45.792Z","level":"LOG","message":"SMS Response: {\"return\":true,\"request_id\":\"SrpumSR4rtlJk6b\",\"message\":[\"SMS sent successfully.\"]}"}
{"timestamp":"2026-06-05T06:58:50.173Z","level":"LOG","message":"SMS DLR (after await):\n{\n  \"success\": true,\n  \"message\": \"DLR found successfully.\",\n  \"data\": [\n    {\n      \"request_id\": \"SrpumSR4rtlJk6b\",\n      \"route\": \"dlt\",\n      \"delivery_status\": [\n        {\n          \"sender_id\": \"SHOPHN\",\n          \"mobile\": 8950299308,\n          \"status\": \"Sent\",\n          \"status_description\": \"Delivered successfully\",\n          \"dlr_attempt\": 1,\n          \"sms_language\": \"english\",\n          \"character_count\": 65,\n          \"sms_count\": 1,\n          \"amount_debited\": \"0.2500\",\n          \"sent_timestamp\": 1780642726,\n          \"sent_time\": \"05-06-2026 06:58:46 AM\"\n        }\n      ]\n    }\n  ]\n}"}
{"timestamp":"2026-06-05T06:59:05.320Z","level":"LOG","message":"Decoded user: {\"id\":12,\"phone\":\"8950299308\",\"iat\":1780642744,\"exp\":1781247544}"}
{"timestamp":"2026-06-05T06:59:05.321Z","level":"LOG","message":"REQ USER: {\"id\":12,\"phone\":\"8950299308\",\"iat\":1780642744,\"exp\":1781247544}"}
{"timestamp":"2026-06-05T06:59:05.397Z","level":"LOG","message":"Decoded user: {\"id\":12,\"phone\":\"8950299308\",\"iat\":1780642744,\"exp\":1781247544}"}
{"timestamp":"2026-06-05T06:59:05.397Z","level":"LOG","message":"REQ USER: {\"id\":12,\"phone\":\"8950299308\",\"iat\":1780642744,\"exp\":1781247544}"}
{"timestamp":"2026-06-05T06:59:09.250Z","level":"LOG","message":"Decoded user: {\"id\":12,\"phone\":\"8950299308\",\"iat\":1780642744,\"exp\":1781247544}"}
{"timestamp":"2026-06-05T06:59:09.299Z","level":"LOG","message":"Decoded user: {\"id\":12,\"phone\":\"8950299308\",\"iat\":1780642744,\"exp\":1781247544}"}
{"timestamp":"2026-06-05T06:59:11.814Z","level":"LOG","message":"Decoded user: {\"id\":12,\"phone\":\"8950299308\",\"iat\":1780642744,\"exp\":1781247544}"}
{"timestamp":"2026-06-05T08:03:28.361Z","level":"LOG","message":"[dotenv@17.3.1] injecting env (21) from .env -- tip: ⚙️  write to custom object with { processEnv: myObject }"}
{"timestamp":"2026-06-05T08:03:28.722Z","level":"LOG","message":"[dotenv@17.3.1] injecting env (0) from .env -- tip: 🔐 encrypt with Dotenvx: https://dotenvx.com"}
{"timestamp":"2026-06-05T08:03:29.181Z","level":"LOG","message":"[dotenv@17.3.1] injecting env (0) from .env -- tip: 🛠️  run anywhere with `dotenvx run -- yourcommand`"}
{"timestamp":"2026-06-05T08:03:29.551Z","level":"LOG","message":"✅ DB Connected"}
{"timestamp":"2026-06-05T08:03:29.645Z","level":"LOG","message":"✅ Tables Synced"}
{"timestamp":"2026-06-05T08:03:29.656Z","level":"LOG","message":"🚀 Server running on port 9001"}
{"timestamp":"2026-06-05T10:59:06.461Z","level":"LOG","message":"[dotenv@17.3.1] injecting env (21) from .env -- tip: 🤖 agentic secret storage: https://dotenvx.com/as2"}
{"timestamp":"2026-06-05T10:59:06.873Z","level":"LOG","message":"[dotenv@17.3.1] injecting env (0) from .env -- tip: 🛡️ auth for agents: https://vestauth.com"}
{"timestamp":"2026-06-05T10:59:07.414Z","level":"LOG","message":"[dotenv@17.3.1] injecting env (0) from .env -- tip: ⚡️ secrets for agents: https://dotenvx.com/as2"}
{"timestamp":"2026-06-05T10:59:07.755Z","level":"LOG","message":"✅ DB Connected"}
{"timestamp":"2026-06-05T10:59:07.850Z","level":"LOG","message":"✅ Tables Synced"}
{"timestamp":"2026-06-05T10:59:07.863Z","level":"LOG","message":"🚀 Server running on port 9001"}
{"timestamp":"2026-06-05T12:41:59.695Z","level":"LOG","message":"[dotenv@17.3.1] injecting env (21) from .env -- tip: ⚙️  specify custom .env file path with { path: '/custom/path/.env' }"}
{"timestamp":"2026-06-05T12:42:00.082Z","level":"LOG","message":"[dotenv@17.3.1] injecting env (0) from .env -- tip: ⚙️  suppress all logs with { quiet: true }"}
{"timestamp":"2026-06-05T12:42:00.560Z","level":"LOG","message":"[dotenv@17.3.1] injecting env (0) from .env -- tip: 🛡️ auth for agents: https://vestauth.com"}
{"timestamp":"2026-06-05T12:42:00.910Z","level":"LOG","message":"✅ DB Connected"}
{"timestamp":"2026-06-05T12:42:00.997Z","level":"LOG","message":"✅ Tables Synced"}
{"timestamp":"2026-06-05T12:42:01.009Z","level":"LOG","message":"🚀 Server running on port 9001"}
{"timestamp":"2026-06-05T12:42:01.336Z","level":"LOG","message":"AUTH ERROR: jwt expired"}
{"timestamp":"2026-06-05T12:42:01.609Z","level":"LOG","message":"AUTH ERROR: jwt expired"}
{"timestamp":"2026-06-05T12:42:04.899Z","level":"LOG","message":"AUTH ERROR: jwt expired"}
{"timestamp":"2026-06-05T12:42:36.367Z","level":"LOG","message":"AUTH ERROR: jwt expired"}
{"timestamp":"2026-06-05T13:58:55.321Z","level":"LOG","message":"[dotenv@17.3.1] injecting env (21) from .env -- tip: 🔐 prevent building .env in docker: https://dotenvx.com/prebuild"}
{"timestamp":"2026-06-05T13:58:55.602Z","level":"LOG","message":"[dotenv@17.3.1] injecting env (0) from .env -- tip: ⚙️  load multiple .env files with { path: ['.env.local', '.env'] }"}
{"timestamp":"2026-06-05T13:58:55.961Z","level":"LOG","message":"[dotenv@17.3.1] injecting env (0) from .env -- tip: 🔐 prevent building .env in docker: https://dotenvx.com/prebuild"}
{"timestamp":"2026-06-05T13:58:56.252Z","level":"LOG","message":"✅ DB Connected"}
{"timestamp":"2026-06-05T13:58:56.337Z","level":"LOG","message":"✅ Tables Synced"}
{"timestamp":"2026-06-05T13:58:56.349Z","level":"LOG","message":"🚀 Server running on port 9001"}
{"timestamp":"2026-06-05T15:36:26.665Z","level":"LOG","message":"[dotenv@17.3.1] injecting env (21) from .env -- tip: ⚙️  specify custom .env file path with { path: '/custom/path/.env' }"}
{"timestamp":"2026-06-05T15:36:26.999Z","level":"LOG","message":"[dotenv@17.3.1] injecting env (0) from .env -- tip: 🤖 agentic secret storage: https://dotenvx.com/as2"}
{"timestamp":"2026-06-05T15:36:27.453Z","level":"LOG","message":"[dotenv@17.3.1] injecting env (0) from .env -- tip: 🔐 prevent building .env in docker: https://dotenvx.com/prebuild"}
{"timestamp":"2026-06-05T15:36:27.846Z","level":"LOG","message":"✅ DB Connected"}
{"timestamp":"2026-06-05T15:36:27.938Z","level":"LOG","message":"✅ Tables Synced"}
{"timestamp":"2026-06-05T15:36:27.951Z","level":"LOG","message":"🚀 Server running on port 9001"}
{"timestamp":"2026-06-05T16:37:08.299Z","level":"LOG","message":"[dotenv@17.3.1] injecting env (21) from .env -- tip: ⚡️ secrets for agents: https://dotenvx.com/as2"}
{"timestamp":"2026-06-05T16:37:08.668Z","level":"LOG","message":"[dotenv@17.3.1] injecting env (0) from .env -- tip: ⚙️  enable debug logging with { debug: true }"}
{"timestamp":"2026-06-05T16:37:09.150Z","level":"LOG","message":"[dotenv@17.3.1] injecting env (0) from .env -- tip: 🔐 prevent committing .env to code: https://dotenvx.com/precommit"}
{"timestamp":"2026-06-05T16:37:09.553Z","level":"LOG","message":"✅ DB Connected"}
{"timestamp":"2026-06-05T16:37:09.651Z","level":"LOG","message":"✅ Tables Synced"}
{"timestamp":"2026-06-05T16:37:09.664Z","level":"LOG","message":"🚀 Server running on port 9001"}
{"timestamp":"2026-06-05T17:52:18.444Z","level":"LOG","message":"[dotenv@17.3.1] injecting env (21) from .env -- tip: ⚡️ secrets for agents: https://dotenvx.com/as2"}
{"timestamp":"2026-06-05T17:52:18.850Z","level":"LOG","message":"[dotenv@17.3.1] injecting env (0) from .env -- tip: 🤖 agentic secret storage: https://dotenvx.com/as2"}
{"timestamp":"2026-06-05T17:52:20.036Z","level":"LOG","message":"[dotenv@17.3.1] injecting env (0) from .env -- tip: 🔐 encrypt with Dotenvx: https://dotenvx.com"}
{"timestamp":"2026-06-05T17:52:20.474Z","level":"LOG","message":"✅ DB Connected"}
{"timestamp":"2026-06-05T17:52:20.596Z","level":"LOG","message":"✅ Tables Synced"}
{"timestamp":"2026-06-05T17:52:20.610Z","level":"LOG","message":"🚀 Server running on port 9001"}
{"timestamp":"2026-06-05T18:35:26.893Z","level":"LOG","message":"SMS Response: {\"return\":true,\"request_id\":\"SthoxqD0lpetTX5\",\"message\":[\"SMS sent successfully.\"]}"}
{"timestamp":"2026-06-05T18:35:31.284Z","level":"LOG","message":"SMS DLR (after await):\n{\n  \"success\": true,\n  \"message\": \"DLR found successfully.\",\n  \"data\": [\n    {\n      \"request_id\": \"SthoxqD0lpetTX5\",\n      \"route\": \"dlt\",\n      \"delivery_status\": [\n        {\n          \"sender_id\": \"SHOPHN\",\n          \"mobile\": 7012543676,\n          \"status\": \"Sent\",\n          \"status_description\": \"Delivered successfully\",\n          \"dlr_attempt\": 1,\n          \"sms_language\": \"english\",\n          \"character_count\": 65,\n          \"sms_count\": 1,\n          \"amount_debited\": \"0.2500\",\n          \"sent_timestamp\": 1780684527,\n          \"sent_time\": \"05-06-2026 06:35:27 PM\"\n        }\n      ]\n    }\n  ]\n}"}
{"timestamp":"2026-06-05T18:35:41.116Z","level":"LOG","message":"Decoded user: {\"id\":20,\"phone\":\"7012543676\",\"iat\":1780684539,\"exp\":1781289339}"}
{"timestamp":"2026-06-05T18:35:41.405Z","level":"LOG","message":"Decoded user: {\"id\":20,\"phone\":\"7012543676\",\"iat\":1780684539,\"exp\":1781289339}"}
{"timestamp":"2026-06-05T18:35:41.405Z","level":"LOG","message":"REQ USER: {\"id\":20,\"phone\":\"7012543676\",\"iat\":1780684539,\"exp\":1781289339}"}
{"timestamp":"2026-06-05T18:35:59.411Z","level":"LOG","message":"Decoded user: {\"id\":20,\"phone\":\"7012543676\",\"iat\":1780684539,\"exp\":1781289339}"}
{"timestamp":"2026-06-05T18:35:59.411Z","level":"LOG","message":"REQ USER: {\"id\":20,\"phone\":\"7012543676\",\"iat\":1780684539,\"exp\":1781289339}"}
{"timestamp":"2026-06-05T19:09:07.265Z","level":"LOG","message":"[dotenv@17.3.1] injecting env (21) from .env -- tip: 🛡️ auth for agents: https://vestauth.com"}
{"timestamp":"2026-06-05T19:09:07.737Z","level":"LOG","message":"[dotenv@17.3.1] injecting env (0) from .env -- tip: ⚙️  specify custom .env file path with { path: '/custom/path/.env' }"}
{"timestamp":"2026-06-05T19:09:08.363Z","level":"LOG","message":"[dotenv@17.3.1] injecting env (0) from .env -- tip: ⚙️  write to custom object with { processEnv: myObject }"}
{"timestamp":"2026-06-05T19:09:08.854Z","level":"LOG","message":"✅ DB Connected"}
{"timestamp":"2026-06-05T19:09:09.017Z","level":"LOG","message":"✅ Tables Synced"}
{"timestamp":"2026-06-05T19:09:09.033Z","level":"LOG","message":"🚀 Server running on port 9001"}
{"timestamp":"2026-06-05T22:07:40.087Z","level":"LOG","message":"[dotenv@17.3.1] injecting env (21) from .env -- tip: ⚙️  suppress all logs with { quiet: true }"}
{"timestamp":"2026-06-05T22:07:40.391Z","level":"LOG","message":"[dotenv@17.3.1] injecting env (0) from .env -- tip: ⚡️ secrets for agents: https://dotenvx.com/as2"}
{"timestamp":"2026-06-05T22:07:40.820Z","level":"LOG","message":"[dotenv@17.3.1] injecting env (0) from .env -- tip: ⚙️  enable debug logging with { debug: true }"}
{"timestamp":"2026-06-05T22:07:41.185Z","level":"LOG","message":"✅ DB Connected"}
{"timestamp":"2026-06-05T22:07:41.273Z","level":"LOG","message":"✅ Tables Synced"}
{"timestamp":"2026-06-05T22:07:41.287Z","level":"LOG","message":"🚀 Server running on port 9001"}
{"timestamp":"2026-06-05T23:13:06.076Z","level":"LOG","message":"[dotenv@17.3.1] injecting env (21) from .env -- tip: 🔐 prevent committing .env to code: https://dotenvx.com/precommit"}
{"timestamp":"2026-06-05T23:13:06.412Z","level":"LOG","message":"[dotenv@17.3.1] injecting env (0) from .env -- tip: ⚙️  suppress all logs with { quiet: true }"}
{"timestamp":"2026-06-05T23:13:06.882Z","level":"LOG","message":"[dotenv@17.3.1] injecting env (0) from .env -- tip: ⚡️ secrets for agents: https://dotenvx.com/as2"}
{"timestamp":"2026-06-05T23:13:07.254Z","level":"LOG","message":"✅ DB Connected"}
{"timestamp":"2026-06-05T23:13:07.325Z","level":"LOG","message":"✅ Tables Synced"}
{"timestamp":"2026-06-05T23:13:07.334Z","level":"LOG","message":"🚀 Server running on port 9001"}
{"timestamp":"2026-06-06T00:42:57.000Z","level":"LOG","message":"[dotenv@17.3.1] injecting env (21) from .env -- tip: 🔐 prevent committing .env to code: https://dotenvx.com/precommit"}
{"timestamp":"2026-06-06T00:42:57.369Z","level":"LOG","message":"[dotenv@17.3.1] injecting env (0) from .env -- tip: 🛡️ auth for agents: https://vestauth.com"}
{"timestamp":"2026-06-06T00:42:57.816Z","level":"LOG","message":"[dotenv@17.3.1] injecting env (0) from .env -- tip: ⚙️  write to custom object with { processEnv: myObject }"}
{"timestamp":"2026-06-06T00:42:58.158Z","level":"LOG","message":"✅ DB Connected"}
{"timestamp":"2026-06-06T00:42:58.236Z","level":"LOG","message":"✅ Tables Synced"}
{"timestamp":"2026-06-06T00:42:58.245Z","level":"LOG","message":"🚀 Server running on port 9001"}
{"timestamp":"2026-06-06T02:06:14.915Z","level":"LOG","message":"[dotenv@17.3.1] injecting env (21) from .env -- tip: ⚙️  load multiple .env files with { path: ['.env.local', '.env'] }"}
{"timestamp":"2026-06-06T02:06:15.268Z","level":"LOG","message":"[dotenv@17.3.1] injecting env (0) from .env -- tip: 🔐 prevent committing .env to code: https://dotenvx.com/precommit"}
{"timestamp":"2026-06-06T02:06:15.695Z","level":"LOG","message":"[dotenv@17.3.1] injecting env (0) from .env -- tip: ⚡️ secrets for agents: https://dotenvx.com/as2"}
{"timestamp":"2026-06-06T02:06:16.054Z","level":"LOG","message":"✅ DB Connected"}
{"timestamp":"2026-06-06T02:06:16.152Z","level":"LOG","message":"✅ Tables Synced"}
{"timestamp":"2026-06-06T02:06:16.165Z","level":"LOG","message":"🚀 Server running on port 9001"}
{"timestamp":"2026-06-06T04:22:33.319Z","level":"LOG","message":"[dotenv@17.3.1] injecting env (21) from .env -- tip: ⚙️  enable debug logging with { debug: true }"}
{"timestamp":"2026-06-06T04:22:33.716Z","level":"LOG","message":"[dotenv@17.3.1] injecting env (0) from .env -- tip: ⚙️  override existing env vars with { override: true }"}
{"timestamp":"2026-06-06T04:22:34.192Z","level":"LOG","message":"[dotenv@17.3.1] injecting env (0) from .env -- tip: ⚙️  suppress all logs with { quiet: true }"}
{"timestamp":"2026-06-06T04:22:34.562Z","level":"LOG","message":"✅ DB Connected"}
{"timestamp":"2026-06-06T04:22:34.676Z","level":"LOG","message":"✅ Tables Synced"}
{"timestamp":"2026-06-06T04:22:34.691Z","level":"LOG","message":"🚀 Server running on port 9001"}
{"timestamp":"2026-06-06T04:25:04.948Z","level":"LOG","message":"Decoded user: {\"id\":20,\"phone\":\"7012543676\",\"iat\":1780684539,\"exp\":1781289339}"}
{"timestamp":"2026-06-06T04:25:04.948Z","level":"LOG","message":"REQ USER: {\"id\":20,\"phone\":\"7012543676\",\"iat\":1780684539,\"exp\":1781289339}"}
{"timestamp":"2026-06-06T04:35:40.627Z","level":"LOG","message":"orderStatusSms delivered: ORD1780047942928 sent "}
{"timestamp":"2026-06-06T04:36:22.065Z","level":"LOG","message":"orderStatusSms delivered: ORD1780047942928 sent "}
{"timestamp":"2026-06-06T04:36:23.075Z","level":"LOG","message":"orderStatusSms delivered: ORD1780047942928 sent "}
{"timestamp":"2026-06-06T04:43:52.246Z","level":"LOG","message":"AUTH ERROR: jwt expired"}
{"timestamp":"2026-06-06T04:43:52.578Z","level":"LOG","message":"AUTH ERROR: jwt expired"}
{"timestamp":"2026-06-06T04:43:56.399Z","level":"LOG","message":"AUTH ERROR: jwt expired"}
{"timestamp":"2026-06-06T04:43:56.718Z","level":"LOG","message":"AUTH ERROR: jwt expired"}
{"timestamp":"2026-06-06T05:26:18.110Z","level":"LOG","message":"[dotenv@17.3.1] injecting env (21) from .env -- tip: 🔐 prevent committing .env to code: https://dotenvx.com/precommit"}
{"timestamp":"2026-06-06T05:26:18.509Z","level":"LOG","message":"[dotenv@17.3.1] injecting env (0) from .env -- tip: 🤖 agentic secret storage: https://dotenvx.com/as2"}
{"timestamp":"2026-06-06T05:26:19.044Z","level":"LOG","message":"[dotenv@17.3.1] injecting env (0) from .env -- tip: 🔐 prevent committing .env to code: https://dotenvx.com/precommit"}
{"timestamp":"2026-06-06T05:26:19.476Z","level":"LOG","message":"✅ DB Connected"}
{"timestamp":"2026-06-06T05:26:19.594Z","level":"LOG","message":"✅ Tables Synced"}
{"timestamp":"2026-06-06T05:26:19.612Z","level":"LOG","message":"🚀 Server running on port 9001"}
{"timestamp":"2026-06-06T05:26:20.027Z","level":"LOG","message":"FILES 👉 {\"image\":[{\"fieldname\":\"image\",\"originalname\":\"androidify-4th-generation-9-inch-android-4gb-64gb-sound-boss-original-imahk88xtwsgcfhg.jpeg\",\"encoding\":\"7bit\",\"mimetype\":\"image/jpeg\",\"destination\":\"/home/u823569727/domains/api.shop99.co.in/nodejs/uploads\",\"filename\":\"1780723579981-androidify-4th-generation-9-inch-android-4gb-64gb-sound-boss-original-imahk88xtwsgcfhg.jpeg\",\"path\":\"/home/u823569727/domains/api.shop99.co.in/nodejs/uploads/1780723579981-androidify-4th-generation-9-inch-android-4gb-64gb-sound-boss-original-imahk88xtwsgcfhg.jpeg\",\"size\":208506}]}"}
{"timestamp":"2026-06-06T05:35:51.804Z","level":"LOG","message":"FILES 👉 {\"image\":[{\"fieldname\":\"image\",\"originalname\":\"cubic-wired-to-wireless-carplay-android-auto-usb-adaptor-plug-n-original-imahk7cgeusfafwc.jpeg\",\"encoding\":\"7bit\",\"mimetype\":\"image/jpeg\",\"destination\":\"/home/u823569727/domains/api.shop99.co.in/nodejs/uploads\",\"filename\":\"1780724151771-cubic-wired-to-wireless-carplay-android-auto-usb-adaptor-plug-n-original-imahk7cgeusfafwc.jpeg\",\"path\":\"/home/u823569727/domains/api.shop99.co.in/nodejs/uploads/1780724151771-cubic-wired-to-wireless-carplay-android-auto-usb-adaptor-plug-n-original-imahk7cgeusfafwc.jpeg\",\"size\":150205}]}"}
{"timestamp":"2026-06-06T05:42:01.761Z","level":"LOG","message":"FILES 👉 {\"image\":[{\"fieldname\":\"image\",\"originalname\":\"pm-07-dual-usb-sd-aux-fm-bluetooth-universal-punkmetal-original-imahk8gdn8z7y6wj.jpeg\",\"encoding\":\"7bit\",\"mimetype\":\"image/jpeg\",\"destination\":\"/home/u823569727/domains/api.shop99.co.in/nodejs/uploads\",\"filename\":\"1780724521724-pm-07-dual-usb-sd-aux-fm-bluetooth-universal-punkmetal-original-imahk8gdn8z7y6wj.jpeg\",\"path\":\"/home/u823569727/domains/api.shop99.co.in/nodejs/uploads/1780724521724-pm-07-dual-usb-sd-aux-fm-bluetooth-universal-punkmetal-original-imahk8gdn8z7y6wj.jpeg\",\"size\":1907889}]}"}
{"timestamp":"2026-06-06T05:52:47.108Z","level":"LOG","message":"FILES 👉 {\"image\":[{\"fieldname\":\"image\",\"originalname\":\"sf-79-bluetooth-usb-sd-aux-fm-mp3-sound-fire-original-imahkduhhzkgmdrx.jpeg\",\"encoding\":\"7bit\",\"mimetype\":\"image/jpeg\",\"destination\":\"/home/u823569727/domains/api.shop99.co.in/nodejs/uploads\",\"filename\":\"1780725167028-sf-79-bluetooth-usb-sd-aux-fm-mp3-sound-fire-original-imahkduhhzkgmdrx.jpeg\",\"path\":\"/home/u823569727/domains/api.shop99.co.in/nodejs/uploads/1780725167028-sf-79-bluetooth-usb-sd-aux-fm-mp3-sound-fire-original-imahkduhhzkgmdrx.jpeg\",\"size\":33801}]}"}
{"timestamp":"2026-06-06T06:05:00.684Z","level":"LOG","message":"FILES 👉 {\"image\":[{\"fieldname\":\"image\",\"originalname\":\"androidify-4th-gen-10-1-diamond-piano-series-2gb-32gb-android-original-imahk7fyckhuudtg.jpeg\",\"encoding\":\"7bit\",\"mimetype\":\"image/jpeg\",\"destination\":\"/home/u823569727/domains/api.shop99.co.in/nodejs/uploads\",\"filename\":\"1780725900664-androidify-4th-gen-10-1-diamond-piano-series-2gb-32gb-android-original-imahk7fyckhuudtg.jpeg\",\"path\":\"/home/u823569727/domains/api.shop99.co.in/nodejs/uploads/1780725900664-androidify-4th-gen-10-1-diamond-piano-series-2gb-32gb-android-original-imahk7fyckhuudtg.jpeg\",\"size\":111671}]}"}
{"timestamp":"2026-06-06T06:17:35.520Z","level":"LOG","message":"FILES 👉 {\"image\":[{\"fieldname\":\"image\",\"originalname\":\"androidify-4th-gen-10-1-inch-diamond-qled-side-knob-2gb-32gb-original-imahk7chqxxzqjnh.jpeg\",\"encoding\":\"7bit\",\"mimetype\":\"image/jpeg\",\"destination\":\"/home/u823569727/domains/api.shop99.co.in/nodejs/uploads\",\"filename\":\"1780726655508-androidify-4th-gen-10-1-inch-diamond-qled-side-knob-2gb-32gb-original-imahk7chqxxzqjnh.jpeg\",\"path\":\"/home/u823569727/domains/api.shop99.co.in/nodejs/uploads/1780726655508-androidify-4th-gen-10-1-inch-diamond-qled-side-knob-2gb-32gb-original-imahk7chqxxzqjnh.jpeg\",\"size\":198226}]}"}
{"timestamp":"2026-06-06T06:25:16.114Z","level":"LOG","message":"FILES 👉 {\"image\":[{\"fieldname\":\"image\",\"originalname\":\"androidify-4th-gen-10-1-diamond-piano-series-2gb-32gb-android-original-imahk7esmgr9r86t.jpeg\",\"encoding\":\"7bit\",\"mimetype\":\"image/jpeg\",\"destination\":\"/home/u823569727/domains/api.shop99.co.in/nodejs/uploads\",\"filename\":\"1780727116105-androidify-4th-gen-10-1-diamond-piano-series-2gb-32gb-android-original-imahk7esmgr9r86t.jpeg\",\"path\":\"/home/u823569727/domains/api.shop99.co.in/nodejs/uploads/1780727116105-androidify-4th-gen-10-1-diamond-piano-series-2gb-32gb-android-original-imahk7esmgr9r86t.jpeg\",\"size\":87852}]}"}
{"timestamp":"2026-06-06T06:28:09.035Z","level":"LOG","message":"[dotenv@17.3.1] injecting env (21) from .env -- tip: ⚙️  suppress all logs with { quiet: true }"}
{"timestamp":"2026-06-06T06:28:09.417Z","level":"LOG","message":"[dotenv@17.3.1] injecting env (0) from .env -- tip: ⚙️  enable debug logging with { debug: true }"}
{"timestamp":"2026-06-06T06:28:09.795Z","level":"LOG","message":"[dotenv@17.3.1] injecting env (0) from .env -- tip: 🤖 agentic secret storage: https://dotenvx.com/as2"}
{"timestamp":"2026-06-06T06:28:10.134Z","level":"LOG","message":"✅ DB Connected"}
{"timestamp":"2026-06-06T06:28:10.226Z","level":"LOG","message":"✅ Tables Synced"}
{"timestamp":"2026-06-06T06:28:10.235Z","level":"LOG","message":"🚀 Server running on port 9001"}
{"timestamp":"2026-06-06T06:32:21.411Z","level":"LOG","message":"FILES 👉 {\"image\":[{\"fieldname\":\"image\",\"originalname\":\"androidify-4th-gen-10-1-inch-diamond-qled-side-knob-2gb-32gb-original-imahk7f7mcpqewad (1).jpeg\",\"encoding\":\"7bit\",\"mimetype\":\"image/jpeg\",\"destination\":\"/home/u823569727/domains/api.shop99.co.in/nodejs/uploads\",\"filename\":\"1780727541364-androidify-4th-gen-10-1-inch-diamond-qled-side-knob-2gb-32gb-original-imahk7f7mcpqewad (1).jpeg\",\"path\":\"/home/u823569727/domains/api.shop99.co.in/nodejs/uploads/1780727541364-androidify-4th-gen-10-1-inch-diamond-qled-side-knob-2gb-32gb-original-imahk7f7mcpqewad (1).jpeg\",\"size\":82429}]}"}
{"timestamp":"2026-06-06T06:44:15.008Z","level":"LOG","message":"FILES 👉 {\"image\":[{\"fieldname\":\"image\",\"originalname\":\"androidify-4th-gen-10-1-diamond-qled-middle-knob-2gb-32gb-original-imahk7ezgq63839a.jpeg\",\"encoding\":\"7bit\",\"mimetype\":\"image/jpeg\",\"destination\":\"/home/u823569727/domains/api.shop99.co.in/nodejs/uploads\",\"filename\":\"1780728254984-androidify-4th-gen-10-1-diamond-qled-middle-knob-2gb-32gb-original-imahk7ezgq63839a.jpeg\",\"path\":\"/home/u823569727/domains/api.shop99.co.in/nodejs/uploads/1780728254984-androidify-4th-gen-10-1-diamond-qled-middle-knob-2gb-32gb-original-imahk7ezgq63839a.jpeg\",\"size\":211109}]}"}
{"timestamp":"2026-06-06T06:48:58.395Z","level":"LOG","message":"AUTH ERROR: jwt expired"}
{"timestamp":"2026-06-06T06:48:58.569Z","level":"LOG","message":"AUTH ERROR: jwt expired"}
{"timestamp":"2026-06-06T06:49:01.743Z","level":"LOG","message":"AUTH ERROR: jwt expired"}
{"timestamp":"2026-06-06T06:49:01.801Z","level":"LOG","message":"AUTH ERROR: jwt expired"}
{"timestamp":"2026-06-06T06:49:52.237Z","level":"LOG","message":"orderStatusSms confirmed: ORD1780549962464 sent "}
{"timestamp":"2026-06-06T06:50:48.357Z","level":"LOG","message":"AUTH ERROR: jwt expired"}
{"timestamp":"2026-06-06T06:50:48.413Z","level":"LOG","message":"AUTH ERROR: jwt expired"}
{"timestamp":"2026-06-06T06:50:48.542Z","level":"LOG","message":"AUTH ERROR: jwt expired"}
{"timestamp":"2026-06-06T06:51:14.344Z","level":"LOG","message":"AUTH ERROR: jwt expired"}
{"timestamp":"2026-06-06T06:54:43.630Z","level":"LOG","message":"FILES 👉 {\"image\":[{\"fieldname\":\"image\",\"originalname\":\"usb-sd-fm-aux-sound-boss-original-imahhfhajmzbqgzg.jpeg\",\"encoding\":\"7bit\",\"mimetype\":\"image/jpeg\",\"destination\":\"/home/u823569727/domains/api.shop99.co.in/nodejs/uploads\",\"filename\":\"1780728883619-usb-sd-fm-aux-sound-boss-original-imahhfhajmzbqgzg.jpeg\",\"path\":\"/home/u823569727/domains/api.shop99.co.in/nodejs/uploads/1780728883619-usb-sd-fm-aux-sound-boss-original-imahhfhajmzbqgzg.jpeg\",\"size\":202283}]}"}
{"timestamp":"2026-06-06T07:06:14.305Z","level":"LOG","message":"FILES 👉 {\"image\":[{\"fieldname\":\"image\",\"originalname\":\"nexgeneration-9-inch-2gb-16gb-for-maruti-suzuki-brezza-2016-2018-original-imahk6drvwyrjnp8.jpeg\",\"encoding\":\"7bit\",\"mimetype\":\"image/jpeg\",\"destination\":\"/home/u823569727/domains/api.shop99.co.in/nodejs/uploads\",\"filename\":\"1780729574295-nexgeneration-9-inch-2gb-16gb-for-maruti-suzuki-brezza-2016-2018-original-imahk6drvwyrjnp8.jpeg\",\"path\":\"/home/u823569727/domains/api.shop99.co.in/nodejs/uploads/1780729574295-nexgeneration-9-inch-2gb-16gb-for-maruti-suzuki-brezza-2016-2018-original-imahk6drvwyrjnp8.jpeg\",\"size\":511468}]}"}
{"timestamp":"2026-06-06T07:15:15.778Z","level":"LOG","message":"FILES 👉 {\"image\":[{\"fieldname\":\"image\",\"originalname\":\"venue-9-inch-abs-frame-for-android-rockson-original-imagyh9jkzvtzryn.jpeg\",\"encoding\":\"7bit\",\"mimetype\":\"image/jpeg\",\"destination\":\"/home/u823569727/domains/api.shop99.co.in/nodejs/uploads\",\"filename\":\"1780730115763-venue-9-inch-abs-frame-for-android-rockson-original-imagyh9jkzvtzryn.jpeg\",\"path\":\"/home/u823569727/domains/api.shop99.co.in/nodejs/uploads/1780730115763-venue-9-inch-abs-frame-for-android-rockson-original-imagyh9jkzvtzryn.jpeg\",\"size\":145161}]}"}
{"timestamp":"2026-06-06T07:31:43.831Z","level":"LOG","message":"[dotenv@17.3.1] injecting env (21) from .env -- tip: ⚙️  enable debug logging with { debug: true }"}
{"timestamp":"2026-06-06T07:31:44.126Z","level":"LOG","message":"[dotenv@17.3.1] injecting env (0) from .env -- tip: 🛠️  run anywhere with `dotenvx run -- yourcommand`"}
{"timestamp":"2026-06-06T07:31:44.584Z","level":"LOG","message":"[dotenv@17.3.1] injecting env (0) from .env -- tip: 🛠️  run anywhere with `dotenvx run -- yourcommand`"}
{"timestamp":"2026-06-06T07:31:45.862Z","level":"LOG","message":"✅ DB Connected"}
{"timestamp":"2026-06-06T07:31:45.947Z","level":"LOG","message":"✅ Tables Synced"}
{"timestamp":"2026-06-06T07:31:45.956Z","level":"LOG","message":"🚀 Server running on port 9001"}
{"timestamp":"2026-06-06T07:31:46.320Z","level":"LOG","message":"FILES 👉 {\"image\":[{\"fieldname\":\"image\",\"originalname\":\"jimny-2023-9-inch-frame-for-android-sound-boss-original-imahbzuwwgnbzkkf.jpeg\",\"encoding\":\"7bit\",\"mimetype\":\"image/jpeg\",\"destination\":\"/home/u823569727/domains/api.shop99.co.in/nodejs/uploads\",\"filename\":\"1780731106285-jimny-2023-9-inch-frame-for-android-sound-boss-original-imahbzuwwgnbzkkf.jpeg\",\"path\":\"/home/u823569727/domains/api.shop99.co.in/nodejs/uploads/1780731106285-jimny-2023-9-inch-frame-for-android-sound-boss-original-imahbzuwwgnbzkkf.jpeg\",\"size\":174615}]}"}
{"timestamp":"2026-06-06T07:47:45.602Z","level":"LOG","message":"FILES 👉 {\"image\":[{\"fieldname\":\"image\",\"originalname\":\"androidify-3rd-generation-adv-9-inch-android-2gb-32gb-sound-boss-original-imahk7cpha3zgfkx.jpeg\",\"encoding\":\"7bit\",\"mimetype\":\"image/jpeg\",\"destination\":\"/home/u823569727/domains/api.shop99.co.in/nodejs/uploads\",\"filename\":\"1780732065590-androidify-3rd-generation-adv-9-inch-android-2gb-32gb-sound-boss-original-imahk7cpha3zgfkx.jpeg\",\"path\":\"/home/u823569727/domains/api.shop99.co.in/nodejs/uploads/1780732065590-androidify-3rd-generation-adv-9-inch-android-2gb-32gb-sound-boss-original-imahk7cpha3zgfkx.jpeg\",\"size\":191932}]}"}
{"timestamp":"2026-06-06T08:10:27.199Z","level":"LOG","message":"FILES 👉 {\"image\":[{\"fieldname\":\"image\",\"originalname\":\"7-smart-screen-with-carplay-android-auto-sound-boss-original-imahk7ebgbdmhztd.jpeg\",\"encoding\":\"7bit\",\"mimetype\":\"image/jpeg\",\"destination\":\"/home/u823569727/domains/api.shop99.co.in/nodejs/uploads\",\"filename\":\"1780733427174-7-smart-screen-with-carplay-android-auto-sound-boss-original-imahk7ebgbdmhztd.jpeg\",\"path\":\"/home/u823569727/domains/api.shop99.co.in/nodejs/uploads/1780733427174-7-smart-screen-with-carplay-android-auto-sound-boss-original-imahk7ebgbdmhztd.jpeg\",\"size\":107380}]}"}
{"timestamp":"2026-06-06T08:20:03.753Z","level":"LOG","message":"FILES 👉 {\"image\":[{\"fieldname\":\"image\",\"originalname\":\"1746354479811-abc5048f5f7841f0-F7A20E5EE6F4620A801B217A49C24565.jfif\",\"encoding\":\"7bit\",\"mimetype\":\"image/jpeg\",\"destination\":\"/home/u823569727/domains/api.shop99.co.in/nodejs/uploads\",\"filename\":\"1780734003719-1746354479811-abc5048f5f7841f0-F7A20E5EE6F4620A801B217A49C24565.jfif\",\"path\":\"/home/u823569727/domains/api.shop99.co.in/nodejs/uploads/1780734003719-1746354479811-abc5048f5f7841f0-F7A20E5EE6F4620A801B217A49C24565.jfif\",\"size\":401434}]}"}
{"timestamp":"2026-06-06T08:53:13.846Z","level":"LOG","message":"[dotenv@17.3.1] injecting env (21) from .env -- tip: 🔐 encrypt with Dotenvx: https://dotenvx.com"}
{"timestamp":"2026-06-06T08:53:14.178Z","level":"LOG","message":"[dotenv@17.3.1] injecting env (0) from .env -- tip: 🛠️  run anywhere with `dotenvx run -- yourcommand`"}
{"timestamp":"2026-06-06T08:53:14.545Z","level":"LOG","message":"[dotenv@17.3.1] injecting env (0) from .env -- tip: ⚙️  enable debug logging with { debug: true }"}
{"timestamp":"2026-06-06T08:53:14.931Z","level":"LOG","message":"✅ DB Connected"}
{"timestamp":"2026-06-06T08:53:15.023Z","level":"LOG","message":"✅ Tables Synced"}
{"timestamp":"2026-06-06T08:53:15.036Z","level":"LOG","message":"🚀 Server running on port 9001"}
{"timestamp":"2026-06-06T09:00:15.062Z","level":"LOG","message":"FILES 👉 {\"image\":[{\"fieldname\":\"image\",\"originalname\":\"qled-2k-10-1-inch-diamond-series-androidify-4th-gen-adv-2gb-32gb-original-imahk8dg3juyq8vz (2).jpeg\",\"encoding\":\"7bit\",\"mimetype\":\"image/jpeg\",\"destination\":\"/home/u823569727/domains/api.shop99.co.in/nodejs/uploads\",\"filename\":\"1780736415005-qled-2k-10-1-inch-diamond-series-androidify-4th-gen-adv-2gb-32gb-original-imahk8dg3juyq8vz (2).jpeg\",\"path\":\"/home/u823569727/domains/api.shop99.co.in/nodejs/uploads/1780736415005-qled-2k-10-1-inch-diamond-series-androidify-4th-gen-adv-2gb-32gb-original-imahk8dg3juyq8vz (2).jpeg\",\"size\":223902}]}"}
{"timestamp":"2026-06-06T09:38:07.293Z","level":"LOG","message":"AUTH ERROR: jwt expired"}
{"timestamp":"2026-06-06T09:38:07.430Z","level":"LOG","message":"AUTH ERROR: jwt expired"}
{"timestamp":"2026-06-06T09:43:38.129Z","level":"LOG","message":"AUTH ERROR: jwt expired"}
{"timestamp":"2026-06-06T09:44:53.905Z","level":"LOG","message":"AUTH ERROR: jwt expired"}
{"timestamp":"2026-06-06T09:46:48.378Z","level":"LOG","message":"AUTH ERROR: jwt expired"}
{"timestamp":"2026-06-06T09:46:51.541Z","level":"LOG","message":"AUTH ERROR: jwt expired"}
{"timestamp":"2026-06-06T09:56:44.657Z","level":"LOG","message":"[dotenv@17.3.1] injecting env (21) from .env -- tip: 🤖 agentic secret storage: https://dotenvx.com/as2"}
{"timestamp":"2026-06-06T09:56:45.000Z","level":"LOG","message":"[dotenv@17.3.1] injecting env (0) from .env -- tip: ⚙️  load multiple .env files with { path: ['.env.local', '.env'] }"}
{"timestamp":"2026-06-06T09:56:45.429Z","level":"LOG","message":"[dotenv@17.3.1] injecting env (0) from .env -- tip: 🤖 agentic secret storage: https://dotenvx.com/as2"}
{"timestamp":"2026-06-06T09:56:45.718Z","level":"LOG","message":"✅ DB Connected"}
{"timestamp":"2026-06-06T09:56:45.797Z","level":"LOG","message":"✅ Tables Synced"}
{"timestamp":"2026-06-06T09:56:45.806Z","level":"LOG","message":"🚀 Server running on port 9001"}
{"timestamp":"2026-06-06T10:03:48.820Z","level":"LOG","message":"FILES 👉 {\"image\":[{\"fieldname\":\"image\",\"originalname\":\"1769258701117-abc5048f5f7841f0-ADA63DFD6F7139E717358EA90C0EE34C (1).jfif\",\"encoding\":\"7bit\",\"mimetype\":\"image/jpeg\",\"destination\":\"/home/u823569727/domains/api.shop99.co.in/nodejs/uploads\",\"filename\":\"1780740228793-1769258701117-abc5048f5f7841f0-ADA63DFD6F7139E717358EA90C0EE34C (1).jfif\",\"path\":\"/home/u823569727/domains/api.shop99.co.in/nodejs/uploads/1780740228793-1769258701117-abc5048f5f7841f0-ADA63DFD6F7139E717358EA90C0EE34C (1).jfif\",\"size\":144562}]}"}
{"timestamp":"2026-06-06T10:10:24.192Z","level":"LOG","message":"FILES 👉 {\"image\":[{\"fieldname\":\"image\",\"originalname\":\"altroz-9-inch-frame-for-android-sound-boss-original-imahk68rm3sgkakg.jpeg\",\"encoding\":\"7bit\",\"mimetype\":\"image/jpeg\",\"destination\":\"/home/u823569727/domains/api.shop99.co.in/nodejs/uploads\",\"filename\":\"1780740624180-altroz-9-inch-frame-for-android-sound-boss-original-imahk68rm3sgkakg.jpeg\",\"path\":\"/home/u823569727/domains/api.shop99.co.in/nodejs/uploads/1780740624180-altroz-9-inch-frame-for-android-sound-boss-original-imahk68rm3sgkakg.jpeg\",\"size\":162783}]}"}
{"timestamp":"2026-06-06T10:18:00.681Z","level":"LOG","message":"FILES 👉 {\"image\":[{\"fieldname\":\"image\",\"originalname\":\"qled-2k-10-1-inch-diamond-series-androidify-4th-gen-adv-2gb-32gb-original-imahk7fjwgnujyjy (1).jpeg\",\"encoding\":\"7bit\",\"mimetype\":\"image/jpeg\",\"destination\":\"/home/u823569727/domains/api.shop99.co.in/nodejs/uploads\",\"filename\":\"1780741080644-qled-2k-10-1-inch-diamond-series-androidify-4th-gen-adv-2gb-32gb-original-imahk7fjwgnujyjy (1).jpeg\",\"path\":\"/home/u823569727/domains/api.shop99.co.in/nodejs/uploads/1780741080644-qled-2k-10-1-inch-diamond-series-androidify-4th-gen-adv-2gb-32gb-original-imahk7fjwgnujyjy (1).jpeg\",\"size\":220007}]}"}
{"timestamp":"2026-06-06T10:57:02.554Z","level":"LOG","message":"[dotenv@17.3.1] injecting env (21) from .env -- tip: ⚙️  specify custom .env file path with { path: '/custom/path/.env' }"}
{"timestamp":"2026-06-06T10:57:02.957Z","level":"LOG","message":"[dotenv@17.3.1] injecting env (0) from .env -- tip: 🛡️ auth for agents: https://vestauth.com"}
{"timestamp":"2026-06-06T10:57:03.417Z","level":"LOG","message":"[dotenv@17.3.1] injecting env (0) from .env -- tip: ⚙️  suppress all logs with { quiet: true }"}
{"timestamp":"2026-06-06T10:57:03.810Z","level":"LOG","message":"✅ DB Connected"}
{"timestamp":"2026-06-06T10:57:03.901Z","level":"LOG","message":"✅ Tables Synced"}
{"timestamp":"2026-06-06T10:57:03.915Z","level":"LOG","message":"🚀 Server running on port 9001"}
{"timestamp":"2026-06-06T11:58:27.670Z","level":"LOG","message":"[dotenv@17.3.1] injecting env (21) from .env -- tip: 🔐 encrypt with Dotenvx: https://dotenvx.com"}
{"timestamp":"2026-06-06T11:58:27.988Z","level":"LOG","message":"[dotenv@17.3.1] injecting env (0) from .env -- tip: ⚙️  suppress all logs with { quiet: true }"}
{"timestamp":"2026-06-06T11:58:28.398Z","level":"LOG","message":"[dotenv@17.3.1] injecting env (0) from .env -- tip: ⚙️  enable debug logging with { debug: true }"}
{"timestamp":"2026-06-06T11:58:28.706Z","level":"LOG","message":"✅ DB Connected"}
{"timestamp":"2026-06-06T11:58:28.779Z","level":"LOG","message":"✅ Tables Synced"}
{"timestamp":"2026-06-06T11:58:28.790Z","level":"LOG","message":"🚀 Server running on port 9001"}
{"timestamp":"2026-06-06T12:59:54.757Z","level":"LOG","message":"[dotenv@17.3.1] injecting env (21) from .env -- tip: 🔐 encrypt with Dotenvx: https://dotenvx.com"}
{"timestamp":"2026-06-06T12:59:55.075Z","level":"LOG","message":"[dotenv@17.3.1] injecting env (0) from .env -- tip: ⚡️ secrets for agents: https://dotenvx.com/as2"}
{"timestamp":"2026-06-06T12:59:55.519Z","level":"LOG","message":"[dotenv@17.3.1] injecting env (0) from .env -- tip: 🤖 agentic secret storage: https://dotenvx.com/as2"}
{"timestamp":"2026-06-06T12:59:56.068Z","level":"LOG","message":"✅ DB Connected"}
{"timestamp":"2026-06-06T12:59:56.147Z","level":"LOG","message":"✅ Tables Synced"}
{"timestamp":"2026-06-06T12:59:56.159Z","level":"LOG","message":"🚀 Server running on port 9001"}
{"timestamp":"2026-06-06T13:06:53.812Z","level":"LOG","message":"Decoded user: {\"id\":12,\"phone\":\"8950299308\",\"iat\":1780642744,\"exp\":1781247544}"}
{"timestamp":"2026-06-06T13:06:53.813Z","level":"LOG","message":"REQ USER: {\"id\":12,\"phone\":\"8950299308\",\"iat\":1780642744,\"exp\":1781247544}"}
{"timestamp":"2026-06-06T13:06:53.922Z","level":"LOG","message":"Decoded user: {\"id\":12,\"phone\":\"8950299308\",\"iat\":1780642744,\"exp\":1781247544}"}
{"timestamp":"2026-06-06T13:06:53.922Z","level":"LOG","message":"REQ USER: {\"id\":12,\"phone\":\"8950299308\",\"iat\":1780642744,\"exp\":1781247544}"}
{"timestamp":"2026-06-06T13:10:07.814Z","level":"LOG","message":"AUTH ERROR: jwt expired"}
{"timestamp":"2026-06-06T13:10:07.953Z","level":"LOG","message":"AUTH ERROR: jwt expired"}
{"timestamp":"2026-06-06T13:10:11.940Z","level":"LOG","message":"AUTH ERROR: jwt expired"}
{"timestamp":"2026-06-06T13:10:12.099Z","level":"LOG","message":"AUTH ERROR: jwt expired"}
{"timestamp":"2026-06-06T13:10:49.824Z","level":"LOG","message":"AUTH ERROR: jwt expired"}
{"timestamp":"2026-06-06T13:10:49.959Z","level":"LOG","message":"AUTH ERROR: jwt expired"}
{"timestamp":"2026-06-06T13:11:47.898Z","level":"LOG","message":"AUTH ERROR: jwt expired"}
{"timestamp":"2026-06-06T13:11:48.028Z","level":"LOG","message":"AUTH ERROR: jwt expired"}
{"timestamp":"2026-06-06T13:12:16.020Z","level":"LOG","message":"AUTH ERROR: jwt expired"}
{"timestamp":"2026-06-06T13:12:16.178Z","level":"LOG","message":"AUTH ERROR: jwt expired"}
{"timestamp":"2026-06-06T13:29:17.760Z","level":"LOG","message":"Decoded user: {\"id\":19,\"phone\":\"9555622225\",\"iat\":1780549717,\"exp\":1781154517}"}
{"timestamp":"2026-06-06T13:29:17.760Z","level":"LOG","message":"REQ USER: {\"id\":19,\"phone\":\"9555622225\",\"iat\":1780549717,\"exp\":1781154517}"}
{"timestamp":"2026-06-06T13:29:17.844Z","level":"LOG","message":"Decoded user: {\"id\":19,\"phone\":\"9555622225\",\"iat\":1780549717,\"exp\":1781154517}"}
{"timestamp":"2026-06-06T13:29:17.844Z","level":"LOG","message":"REQ USER: {\"id\":19,\"phone\":\"9555622225\",\"iat\":1780549717,\"exp\":1781154517}"}
{"timestamp":"2026-06-06T13:30:28.742Z","level":"LOG","message":"AUTH ERROR: jwt expired"}
{"timestamp":"2026-06-06T13:30:30.233Z","level":"LOG","message":"AUTH ERROR: jwt expired"}
{"timestamp":"2026-06-06T13:31:44.185Z","level":"LOG","message":"AUTH ERROR: jwt expired"}
{"timestamp":"2026-06-06T13:31:45.181Z","level":"LOG","message":"AUTH ERROR: jwt expired"}
{"timestamp":"2026-06-06T13:34:53.851Z","level":"LOG","message":"AUTH ERROR: jwt expired"}
{"timestamp":"2026-06-06T13:34:54.048Z","level":"LOG","message":"AUTH ERROR: jwt expired"}
{"timestamp":"2026-06-06T13:35:29.197Z","level":"LOG","message":"AUTH ERROR: jwt expired"}
{"timestamp":"2026-06-06T14:05:06.757Z","level":"LOG","message":"[dotenv@17.3.1] injecting env (21) from .env -- tip: ⚙️  load multiple .env files with { path: ['.env.local', '.env'] }"}
{"timestamp":"2026-06-06T14:05:06.990Z","level":"LOG","message":"[dotenv@17.3.1] injecting env (0) from .env -- tip: ⚙️  specify custom .env file path with { path: '/custom/path/.env' }"}
{"timestamp":"2026-06-06T14:05:07.334Z","level":"LOG","message":"[dotenv@17.3.1] injecting env (0) from .env -- tip: ⚙️  suppress all logs with { quiet: true }"}
{"timestamp":"2026-06-06T14:05:07.616Z","level":"LOG","message":"✅ DB Connected"}
{"timestamp":"2026-06-06T14:05:07.696Z","level":"LOG","message":"✅ Tables Synced"}
{"timestamp":"2026-06-06T14:05:07.707Z","level":"LOG","message":"🚀 Server running on port 9001"}
{"timestamp":"2026-06-06T14:10:08.170Z","level":"LOG","message":"Decoded user: {\"id\":19,\"phone\":\"9555622225\",\"iat\":1780549717,\"exp\":1781154517}"}
{"timestamp":"2026-06-06T14:10:08.170Z","level":"LOG","message":"REQ USER: {\"id\":19,\"phone\":\"9555622225\",\"iat\":1780549717,\"exp\":1781154517}"}
{"timestamp":"2026-06-06T17:10:24.829Z","level":"LOG","message":"[dotenv@17.3.1] injecting env (21) from .env -- tip: ⚙️  enable debug logging with { debug: true }"}
{"timestamp":"2026-06-06T17:10:25.198Z","level":"LOG","message":"[dotenv@17.3.1] injecting env (0) from .env -- tip: ⚙️  write to custom object with { processEnv: myObject }"}
{"timestamp":"2026-06-06T17:10:25.678Z","level":"LOG","message":"[dotenv@17.3.1] injecting env (0) from .env -- tip: 🔐 prevent committing .env to code: https://dotenvx.com/precommit"}
{"timestamp":"2026-06-06T17:10:26.016Z","level":"LOG","message":"✅ DB Connected"}
{"timestamp":"2026-06-06T17:10:26.107Z","level":"LOG","message":"✅ Tables Synced"}
{"timestamp":"2026-06-06T17:10:26.116Z","level":"LOG","message":"🚀 Server running on port 9001"}
{"timestamp":"2026-06-06T17:10:42.167Z","level":"LOG","message":"AUTH ERROR: jwt expired"}
{"timestamp":"2026-06-06T17:10:44.109Z","level":"LOG","message":"AUTH ERROR: jwt expired"}
{"timestamp":"2026-06-06T17:11:08.605Z","level":"LOG","message":"AUTH ERROR: jwt expired"}
{"timestamp":"2026-06-06T19:06:07.637Z","level":"LOG","message":"[dotenv@17.3.1] injecting env (21) from .env -- tip: ⚙️  suppress all logs with { quiet: true }"}
{"timestamp":"2026-06-06T19:06:07.930Z","level":"LOG","message":"[dotenv@17.3.1] injecting env (0) from .env -- tip: 🤖 agentic secret storage: https://dotenvx.com/as2"}
{"timestamp":"2026-06-06T19:06:08.324Z","level":"LOG","message":"[dotenv@17.3.1] injecting env (0) from .env -- tip: 🔐 prevent committing .env to code: https://dotenvx.com/precommit"}
{"timestamp":"2026-06-06T19:06:08.647Z","level":"LOG","message":"✅ DB Connected"}
{"timestamp":"2026-06-06T19:06:08.739Z","level":"LOG","message":"✅ Tables Synced"}
{"timestamp":"2026-06-06T19:06:08.750Z","level":"LOG","message":"🚀 Server running on port 9001"}
{"timestamp":"2026-06-06T20:10:34.037Z","level":"LOG","message":"[dotenv@17.3.1] injecting env (21) from .env -- tip: ⚙️  enable debug logging with { debug: true }"}
{"timestamp":"2026-06-06T20:10:34.322Z","level":"LOG","message":"[dotenv@17.3.1] injecting env (0) from .env -- tip: ⚙️  suppress all logs with { quiet: true }"}
{"timestamp":"2026-06-06T20:10:34.805Z","level":"LOG","message":"[dotenv@17.3.1] injecting env (0) from .env -- tip: ⚙️  override existing env vars with { override: true }"}
{"timestamp":"2026-06-06T20:10:35.139Z","level":"LOG","message":"✅ DB Connected"}
{"timestamp":"2026-06-06T20:10:35.212Z","level":"LOG","message":"✅ Tables Synced"}
{"timestamp":"2026-06-06T20:10:35.225Z","level":"LOG","message":"🚀 Server running on port 9001"}
{"timestamp":"2026-06-06T21:20:46.420Z","level":"LOG","message":"[dotenv@17.3.1] injecting env (21) from .env -- tip: ⚡️ secrets for agents: https://dotenvx.com/as2"}
{"timestamp":"2026-06-06T21:20:46.677Z","level":"LOG","message":"[dotenv@17.3.1] injecting env (0) from .env -- tip: 🛠️  run anywhere with `dotenvx run -- yourcommand`"}
{"timestamp":"2026-06-06T21:20:47.027Z","level":"LOG","message":"[dotenv@17.3.1] injecting env (0) from .env -- tip: ⚙️  override existing env vars with { override: true }"}
{"timestamp":"2026-06-06T21:20:47.268Z","level":"LOG","message":"✅ DB Connected"}
{"timestamp":"2026-06-06T21:20:47.329Z","level":"LOG","message":"✅ Tables Synced"}
{"timestamp":"2026-06-06T21:20:47.338Z","level":"LOG","message":"🚀 Server running on port 9001"}
{"timestamp":"2026-06-06T22:25:17.894Z","level":"LOG","message":"[dotenv@17.3.1] injecting env (21) from .env -- tip: 🛡️ auth for agents: https://vestauth.com"}
{"timestamp":"2026-06-06T22:25:18.120Z","level":"LOG","message":"[dotenv@17.3.1] injecting env (0) from .env -- tip: ⚙️  enable debug logging with { debug: true }"}
{"timestamp":"2026-06-06T22:25:18.404Z","level":"LOG","message":"[dotenv@17.3.1] injecting env (0) from .env -- tip: 🔐 prevent building .env in docker: https://dotenvx.com/prebuild"}
{"timestamp":"2026-06-06T22:25:18.640Z","level":"LOG","message":"✅ DB Connected"}
{"timestamp":"2026-06-06T22:25:18.716Z","level":"LOG","message":"✅ Tables Synced"}
{"timestamp":"2026-06-06T22:25:18.725Z","level":"LOG","message":"🚀 Server running on port 9001"}
{"timestamp":"2026-06-06T23:35:35.351Z","level":"LOG","message":"[dotenv@17.3.1] injecting env (21) from .env -- tip: ⚙️  load multiple .env files with { path: ['.env.local', '.env'] }"}
{"timestamp":"2026-06-06T23:35:35.620Z","level":"LOG","message":"[dotenv@17.3.1] injecting env (0) from .env -- tip: ⚙️  override existing env vars with { override: true }"}
{"timestamp":"2026-06-06T23:35:35.944Z","level":"LOG","message":"[dotenv@17.3.1] injecting env (0) from .env -- tip: 🔐 prevent committing .env to code: https://dotenvx.com/precommit"}
{"timestamp":"2026-06-06T23:35:36.204Z","level":"LOG","message":"✅ DB Connected"}
{"timestamp":"2026-06-06T23:35:36.286Z","level":"LOG","message":"✅ Tables Synced"}
{"timestamp":"2026-06-06T23:35:36.295Z","level":"LOG","message":"🚀 Server running on port 9001"}
{"timestamp":"2026-06-07T00:58:16.960Z","level":"LOG","message":"[dotenv@17.3.1] injecting env (21) from .env -- tip: ⚙️  override existing env vars with { override: true }"}
{"timestamp":"2026-06-07T00:58:17.320Z","level":"LOG","message":"[dotenv@17.3.1] injecting env (0) from .env -- tip: ⚙️  write to custom object with { processEnv: myObject }"}
{"timestamp":"2026-06-07T00:58:17.784Z","level":"LOG","message":"[dotenv@17.3.1] injecting env (0) from .env -- tip: ⚙️  write to custom object with { processEnv: myObject }"}
{"timestamp":"2026-06-07T00:58:18.138Z","level":"LOG","message":"✅ DB Connected"}
{"timestamp":"2026-06-07T00:58:18.237Z","level":"LOG","message":"✅ Tables Synced"}
{"timestamp":"2026-06-07T00:58:18.251Z","level":"LOG","message":"🚀 Server running on port 9001"}
{"timestamp":"2026-06-07T02:35:08.983Z","level":"LOG","message":"[dotenv@17.3.1] injecting env (21) from .env -- tip: 🛡️ auth for agents: https://vestauth.com"}
{"timestamp":"2026-06-07T02:35:09.261Z","level":"LOG","message":"[dotenv@17.3.1] injecting env (0) from .env -- tip: ⚙️  override existing env vars with { override: true }"}
{"timestamp":"2026-06-07T02:35:09.605Z","level":"LOG","message":"[dotenv@17.3.1] injecting env (0) from .env -- tip: 🔐 prevent building .env in docker: https://dotenvx.com/prebuild"}
{"timestamp":"2026-06-07T02:35:09.855Z","level":"LOG","message":"✅ DB Connected"}
{"timestamp":"2026-06-07T02:35:09.921Z","level":"LOG","message":"✅ Tables Synced"}
{"timestamp":"2026-06-07T02:35:09.930Z","level":"LOG","message":"🚀 Server running on port 9001"}
{"timestamp":"2026-06-07T02:58:01.340Z","level":"LOG","message":"[dotenv@17.3.1] injecting env (21) from .env -- tip: ⚙️  load multiple .env files with { path: ['.env.local', '.env'] }"}
{"timestamp":"2026-06-07T02:58:01.573Z","level":"LOG","message":"[dotenv@17.3.1] injecting env (0) from .env -- tip: ⚙️  enable debug logging with { debug: true }"}
{"timestamp":"2026-06-07T02:58:01.893Z","level":"LOG","message":"[dotenv@17.3.1] injecting env (0) from .env -- tip: 🛠️  run anywhere with `dotenvx run -- yourcommand`"}
{"timestamp":"2026-06-07T02:58:02.160Z","level":"LOG","message":"✅ DB Connected"}
{"timestamp":"2026-06-07T02:58:02.240Z","level":"LOG","message":"✅ Tables Synced"}
{"timestamp":"2026-06-07T02:58:02.249Z","level":"LOG","message":"🚀 Server running on port 9001"}
{"timestamp":"2026-06-07T03:55:31.913Z","level":"LOG","message":"[dotenv@17.3.1] injecting env (21) from .env -- tip: ⚙️  override existing env vars with { override: true }"}
{"timestamp":"2026-06-07T03:55:32.234Z","level":"LOG","message":"[dotenv@17.3.1] injecting env (0) from .env -- tip: 🔐 encrypt with Dotenvx: https://dotenvx.com"}
{"timestamp":"2026-06-07T03:55:32.645Z","level":"LOG","message":"[dotenv@17.3.1] injecting env (0) from .env -- tip: ⚙️  write to custom object with { processEnv: myObject }"}
{"timestamp":"2026-06-07T03:55:32.910Z","level":"LOG","message":"✅ DB Connected"}
{"timestamp":"2026-06-07T03:55:32.970Z","level":"LOG","message":"✅ Tables Synced"}
{"timestamp":"2026-06-07T03:55:32.979Z","level":"LOG","message":"🚀 Server running on port 9001"}
{"timestamp":"2026-06-07T03:55:33.190Z","level":"LOG","message":"AUTH ERROR: jwt expired"}
{"timestamp":"2026-06-07T03:55:33.459Z","level":"LOG","message":"AUTH ERROR: jwt expired"}
{"timestamp":"2026-06-07T03:55:36.881Z","level":"LOG","message":"AUTH ERROR: jwt expired"}
{"timestamp":"2026-06-07T03:55:45.863Z","level":"LOG","message":"AUTH ERROR: jwt expired"}
{"timestamp":"2026-06-07T03:55:59.590Z","level":"LOG","message":"AUTH ERROR: jwt expired"}
{"timestamp":"2026-06-07T03:56:12.750Z","level":"LOG","message":"AUTH ERROR: jwt expired"}
{"timestamp":"2026-06-07T03:56:49.087Z","level":"LOG","message":"AUTH ERROR: jwt expired"}
{"timestamp":"2026-06-07T03:56:52.561Z","level":"LOG","message":"AUTH ERROR: jwt expired"}
{"timestamp":"2026-06-07T03:57:30.316Z","level":"LOG","message":"AUTH ERROR: jwt expired"}
{"timestamp":"2026-06-07T03:57:42.852Z","level":"LOG","message":"AUTH ERROR: jwt expired"}
{"timestamp":"2026-06-07T03:58:12.234Z","level":"LOG","message":"AUTH ERROR: jwt expired"}
{"timestamp":"2026-06-07T03:58:26.162Z","level":"LOG","message":"AUTH ERROR: jwt expired"}
{"timestamp":"2026-06-07T03:58:33.962Z","level":"LOG","message":"AUTH ERROR: jwt expired"}
{"timestamp":"2026-06-07T03:58:52.680Z","level":"LOG","message":"AUTH ERROR: jwt expired"}
{"timestamp":"2026-06-07T03:59:55.001Z","level":"LOG","message":"AUTH ERROR: jwt expired"}
{"timestamp":"2026-06-07T04:00:06.139Z","level":"LOG","message":"AUTH ERROR: jwt expired"}
{"timestamp":"2026-06-07T04:00:15.114Z","level":"LOG","message":"AUTH ERROR: jwt expired"}
{"timestamp":"2026-06-07T05:01:05.171Z","level":"LOG","message":"[dotenv@17.3.1] injecting env (21) from .env -- tip: ⚙️  load multiple .env files with { path: ['.env.local', '.env'] }"}
{"timestamp":"2026-06-07T05:01:05.525Z","level":"LOG","message":"[dotenv@17.3.1] injecting env (0) from .env -- tip: ⚙️  enable debug logging with { debug: true }"}
{"timestamp":"2026-06-07T05:01:06.051Z","level":"LOG","message":"[dotenv@17.3.1] injecting env (0) from .env -- tip: ⚙️  suppress all logs with { quiet: true }"}
{"timestamp":"2026-06-07T05:01:06.418Z","level":"LOG","message":"✅ DB Connected"}
{"timestamp":"2026-06-07T05:01:06.523Z","level":"LOG","message":"✅ Tables Synced"}
{"timestamp":"2026-06-07T05:01:06.538Z","level":"LOG","message":"🚀 Server running on port 9001"}
{"timestamp":"2026-06-07T05:48:58.496Z","level":"LOG","message":"AUTH ERROR: jwt expired"}
{"timestamp":"2026-06-07T05:48:58.639Z","level":"LOG","message":"AUTH ERROR: jwt expired"}
{"timestamp":"2026-06-07T05:49:10.134Z","level":"LOG","message":"AUTH ERROR: jwt expired"}
{"timestamp":"2026-06-07T05:49:10.164Z","level":"LOG","message":"AUTH ERROR: jwt expired"}
{"timestamp":"2026-06-07T05:49:14.251Z","level":"LOG","message":"AUTH ERROR: jwt expired"}
{"timestamp":"2026-06-07T05:49:16.092Z","level":"LOG","message":"AUTH ERROR: jwt expired"}
{"timestamp":"2026-06-07T05:49:17.213Z","level":"LOG","message":"AUTH ERROR: jwt expired"}
{"timestamp":"2026-06-07T05:49:17.952Z","level":"LOG","message":"AUTH ERROR: jwt expired"}
{"timestamp":"2026-06-07T05:49:18.788Z","level":"LOG","message":"AUTH ERROR: jwt expired"}
{"timestamp":"2026-06-07T06:20:53.964Z","level":"LOG","message":"[dotenv@17.3.1] injecting env (21) from .env -- tip: ⚙️  override existing env vars with { override: true }"}
{"timestamp":"2026-06-07T06:20:54.297Z","level":"LOG","message":"[dotenv@17.3.1] injecting env (0) from .env -- tip: 🛠️  run anywhere with `dotenvx run -- yourcommand`"}
{"timestamp":"2026-06-07T06:20:54.825Z","level":"LOG","message":"[dotenv@17.3.1] injecting env (0) from .env -- tip: ⚙️  write to custom object with { processEnv: myObject }"}
{"timestamp":"2026-06-07T06:20:55.178Z","level":"LOG","message":"✅ DB Connected"}
{"timestamp":"2026-06-07T06:20:55.240Z","level":"LOG","message":"✅ Tables Synced"}
{"timestamp":"2026-06-07T06:20:55.249Z","level":"LOG","message":"🚀 Server running on port 9001"}
{"timestamp":"2026-06-07T07:30:28.329Z","level":"LOG","message":"[dotenv@17.3.1] injecting env (21) from .env -- tip: ⚙️  override existing env vars with { override: true }"}
{"timestamp":"2026-06-07T07:30:28.678Z","level":"LOG","message":"[dotenv@17.3.1] injecting env (0) from .env -- tip: ⚡️ secrets for agents: https://dotenvx.com/as2"}
{"timestamp":"2026-06-07T07:30:29.125Z","level":"LOG","message":"[dotenv@17.3.1] injecting env (0) from .env -- tip: ⚙️  specify custom .env file path with { path: '/custom/path/.env' }"}
{"timestamp":"2026-06-07T07:30:29.522Z","level":"LOG","message":"✅ DB Connected"}
{"timestamp":"2026-06-07T07:30:29.622Z","level":"LOG","message":"✅ Tables Synced"}
{"timestamp":"2026-06-07T07:30:29.632Z","level":"LOG","message":"🚀 Server running on port 9001"}
{"timestamp":"2026-06-07T08:47:24.455Z","level":"LOG","message":"[dotenv@17.3.1] injecting env (21) from .env -- tip: ⚙️  load multiple .env files with { path: ['.env.local', '.env'] }"}
{"timestamp":"2026-06-07T08:47:24.803Z","level":"LOG","message":"[dotenv@17.3.1] injecting env (0) from .env -- tip: ⚡️ secrets for agents: https://dotenvx.com/as2"}
{"timestamp":"2026-06-07T08:47:25.280Z","level":"LOG","message":"[dotenv@17.3.1] injecting env (0) from .env -- tip: ⚙️  specify custom .env file path with { path: '/custom/path/.env' }"}
{"timestamp":"2026-06-07T08:47:25.646Z","level":"LOG","message":"✅ DB Connected"}
{"timestamp":"2026-06-07T08:47:25.740Z","level":"LOG","message":"✅ Tables Synced"}
{"timestamp":"2026-06-07T08:47:25.753Z","level":"LOG","message":"🚀 Server running on port 9001"}
{"timestamp":"2026-06-07T09:54:22.040Z","level":"LOG","message":"[dotenv@17.3.1] injecting env (21) from .env -- tip: ⚙️  override existing env vars with { override: true }"}
{"timestamp":"2026-06-07T09:54:22.409Z","level":"LOG","message":"[dotenv@17.3.1] injecting env (0) from .env -- tip: ⚙️  suppress all logs with { quiet: true }"}
{"timestamp":"2026-06-07T09:54:22.798Z","level":"LOG","message":"[dotenv@17.3.1] injecting env (0) from .env -- tip: 🔐 prevent committing .env to code: https://dotenvx.com/precommit"}
{"timestamp":"2026-06-07T09:54:23.066Z","level":"LOG","message":"✅ DB Connected"}
{"timestamp":"2026-06-07T09:54:23.133Z","level":"LOG","message":"✅ Tables Synced"}
{"timestamp":"2026-06-07T09:54:23.141Z","level":"LOG","message":"🚀 Server running on port 9001"}
{"timestamp":"2026-06-07T11:01:03.751Z","level":"LOG","message":"[dotenv@17.3.1] injecting env (21) from .env -- tip: 🔐 prevent committing .env to code: https://dotenvx.com/precommit"}
{"timestamp":"2026-06-07T11:01:04.129Z","level":"LOG","message":"[dotenv@17.3.1] injecting env (0) from .env -- tip: 🔐 prevent committing .env to code: https://dotenvx.com/precommit"}
{"timestamp":"2026-06-07T11:01:04.568Z","level":"LOG","message":"[dotenv@17.3.1] injecting env (0) from .env -- tip: 🔐 encrypt with Dotenvx: https://dotenvx.com"}
{"timestamp":"2026-06-07T11:01:04.925Z","level":"LOG","message":"✅ DB Connected"}
{"timestamp":"2026-06-07T11:01:05.019Z","level":"LOG","message":"✅ Tables Synced"}
{"timestamp":"2026-06-07T11:01:05.033Z","level":"LOG","message":"🚀 Server running on port 9001"}
{"timestamp":"2026-06-07T12:14:14.038Z","level":"LOG","message":"[dotenv@17.3.1] injecting env (21) from .env -- tip: ⚙️  write to custom object with { processEnv: myObject }"}
{"timestamp":"2026-06-07T12:14:14.444Z","level":"LOG","message":"[dotenv@17.3.1] injecting env (0) from .env -- tip: ⚙️  write to custom object with { processEnv: myObject }"}
{"timestamp":"2026-06-07T12:14:14.974Z","level":"LOG","message":"[dotenv@17.3.1] injecting env (0) from .env -- tip: 🛠️  run anywhere with `dotenvx run -- yourcommand`"}
{"timestamp":"2026-06-07T12:14:15.345Z","level":"LOG","message":"✅ DB Connected"}
{"timestamp":"2026-06-07T12:14:15.441Z","level":"LOG","message":"✅ Tables Synced"}
{"timestamp":"2026-06-07T12:14:15.450Z","level":"LOG","message":"🚀 Server running on port 9001"}
{"timestamp":"2026-06-07T13:50:27.950Z","level":"LOG","message":"[dotenv@17.3.1] injecting env (21) from .env -- tip: 🤖 agentic secret storage: https://dotenvx.com/as2"}
{"timestamp":"2026-06-07T13:50:28.302Z","level":"LOG","message":"[dotenv@17.3.1] injecting env (0) from .env -- tip: 🛠️  run anywhere with `dotenvx run -- yourcommand`"}
{"timestamp":"2026-06-07T13:50:28.745Z","level":"LOG","message":"[dotenv@17.3.1] injecting env (0) from .env -- tip: ⚙️  specify custom .env file path with { path: '/custom/path/.env' }"}
{"timestamp":"2026-06-07T13:50:29.030Z","level":"LOG","message":"✅ DB Connected"}
{"timestamp":"2026-06-07T13:50:29.109Z","level":"LOG","message":"✅ Tables Synced"}
{"timestamp":"2026-06-07T13:50:29.119Z","level":"LOG","message":"🚀 Server running on port 9001"}
{"timestamp":"2026-06-07T14:36:30.193Z","level":"LOG","message":"AUTH ERROR: jwt expired"}
{"timestamp":"2026-06-07T14:36:30.663Z","level":"LOG","message":"AUTH ERROR: jwt expired"}
{"timestamp":"2026-06-07T14:36:38.101Z","level":"LOG","message":"AUTH ERROR: jwt expired"}
{"timestamp":"2026-06-07T14:36:50.507Z","level":"LOG","message":"AUTH ERROR: jwt expired"}
{"timestamp":"2026-06-07T14:36:55.974Z","level":"LOG","message":"AUTH ERROR: jwt expired"}
{"timestamp":"2026-06-07T14:37:01.229Z","level":"LOG","message":"AUTH ERROR: jwt expired"}
{"timestamp":"2026-06-07T14:52:08.924Z","level":"LOG","message":"[dotenv@17.3.1] injecting env (21) from .env -- tip: 🛡️ auth for agents: https://vestauth.com"}
{"timestamp":"2026-06-07T14:52:09.226Z","level":"LOG","message":"[dotenv@17.3.1] injecting env (0) from .env -- tip: ⚙️  write to custom object with { processEnv: myObject }"}
{"timestamp":"2026-06-07T14:52:09.636Z","level":"LOG","message":"[dotenv@17.3.1] injecting env (0) from .env -- tip: ⚙️  load multiple .env files with { path: ['.env.local', '.env'] }"}
{"timestamp":"2026-06-07T14:52:09.985Z","level":"LOG","message":"✅ DB Connected"}
{"timestamp":"2026-06-07T14:52:10.070Z","level":"LOG","message":"✅ Tables Synced"}
{"timestamp":"2026-06-07T14:52:10.084Z","level":"LOG","message":"🚀 Server running on port 9001"}
{"timestamp":"2026-06-07T16:08:32.332Z","level":"LOG","message":"[dotenv@17.3.1] injecting env (21) from .env -- tip: ⚙️  enable debug logging with { debug: true }"}
{"timestamp":"2026-06-07T16:08:32.629Z","level":"LOG","message":"[dotenv@17.3.1] injecting env (0) from .env -- tip: 🛡️ auth for agents: https://vestauth.com"}
{"timestamp":"2026-06-07T16:08:33.036Z","level":"LOG","message":"[dotenv@17.3.1] injecting env (0) from .env -- tip: 🔐 prevent committing .env to code: https://dotenvx.com/precommit"}
{"timestamp":"2026-06-07T16:08:33.315Z","level":"LOG","message":"✅ DB Connected"}
{"timestamp":"2026-06-07T16:08:33.397Z","level":"LOG","message":"✅ Tables Synced"}
{"timestamp":"2026-06-07T16:08:33.409Z","level":"LOG","message":"🚀 Server running on port 9001"}
{"timestamp":"2026-06-07T17:29:50.453Z","level":"LOG","message":"[dotenv@17.3.1] injecting env (21) from .env -- tip: ⚙️  specify custom .env file path with { path: '/custom/path/.env' }"}
{"timestamp":"2026-06-07T17:29:50.749Z","level":"LOG","message":"[dotenv@17.3.1] injecting env (0) from .env -- tip: ⚙️  suppress all logs with { quiet: true }"}
{"timestamp":"2026-06-07T17:29:51.143Z","level":"LOG","message":"[dotenv@17.3.1] injecting env (0) from .env -- tip: ⚙️  specify custom .env file path with { path: '/custom/path/.env' }"}
{"timestamp":"2026-06-07T17:29:51.505Z","level":"LOG","message":"✅ DB Connected"}
{"timestamp":"2026-06-07T17:29:51.590Z","level":"LOG","message":"✅ Tables Synced"}
{"timestamp":"2026-06-07T17:29:51.603Z","level":"LOG","message":"🚀 Server running on port 9001"}
{"timestamp":"2026-06-07T17:34:58.320Z","level":"LOG","message":"SMS Response: {\"return\":true,\"request_id\":\"SXupON3FVdgxOdM\",\"message\":[\"SMS sent successfully.\"]}"}
{"timestamp":"2026-06-07T17:35:02.722Z","level":"LOG","message":"SMS DLR (after await):\n{\n  \"success\": true,\n  \"message\": \"DLR found successfully.\",\n  \"data\": [\n    {\n      \"request_id\": \"SXupON3FVdgxOdM\",\n      \"route\": \"dlt\",\n      \"delivery_status\": [\n        {\n          \"sender_id\": \"SHOPHN\",\n          \"mobile\": 7402783022,\n          \"status\": \"Sent\",\n          \"status_description\": \"Delivered successfully\",\n          \"dlr_attempt\": 1,\n          \"sms_language\": \"english\",\n          \"character_count\": 65,\n          \"sms_count\": 1,\n          \"amount_debited\": \"0.2500\",\n          \"sent_timestamp\": 1780853698,\n          \"sent_time\": \"07-06-2026 05:34:58 PM\"\n        }\n      ]\n    }\n  ]\n}"}
{"timestamp":"2026-06-07T17:35:14.553Z","level":"LOG","message":"Decoded user: {\"id\":21,\"phone\":\"7402783022\",\"iat\":1780853713,\"exp\":1781458513}"}
{"timestamp":"2026-06-07T17:35:14.553Z","level":"LOG","message":"REQ USER: {\"id\":21,\"phone\":\"7402783022\",\"iat\":1780853713,\"exp\":1781458513}"}
{"timestamp":"2026-06-07T17:35:14.787Z","level":"LOG","message":"Decoded user: {\"id\":21,\"phone\":\"7402783022\",\"iat\":1780853713,\"exp\":1781458513}"}
{"timestamp":"2026-06-07T17:35:14.787Z","level":"LOG","message":"REQ USER: {\"id\":21,\"phone\":\"7402783022\",\"iat\":1780853713,\"exp\":1781458513}"}
{"timestamp":"2026-06-07T17:35:22.920Z","level":"LOG","message":"Decoded user: {\"id\":21,\"phone\":\"7402783022\",\"iat\":1780853713,\"exp\":1781458513}"}
{"timestamp":"2026-06-07T17:35:22.920Z","level":"LOG","message":"REQ USER: {\"id\":21,\"phone\":\"7402783022\",\"iat\":1780853713,\"exp\":1781458513}"}
{"timestamp":"2026-06-07T17:35:37.347Z","level":"LOG","message":"Decoded user: {\"id\":21,\"phone\":\"7402783022\",\"iat\":1780853713,\"exp\":1781458513}"}
{"timestamp":"2026-06-07T17:35:41.897Z","level":"LOG","message":"Decoded user: {\"id\":21,\"phone\":\"7402783022\",\"iat\":1780853713,\"exp\":1781458513}"}
{"timestamp":"2026-06-07T17:35:41.898Z","level":"LOG","message":"REQ USER: {\"id\":21,\"phone\":\"7402783022\",\"iat\":1780853713,\"exp\":1781458513}"}
{"timestamp":"2026-06-07T17:35:57.981Z","level":"LOG","message":"Decoded user: {\"id\":21,\"phone\":\"7402783022\",\"iat\":1780853713,\"exp\":1781458513}"}
{"timestamp":"2026-06-07T17:36:07.261Z","level":"LOG","message":"Decoded user: {\"id\":21,\"phone\":\"7402783022\",\"iat\":1780853713,\"exp\":1781458513}"}
{"timestamp":"2026-06-07T17:36:54.232Z","level":"LOG","message":"Decoded user: {\"id\":21,\"phone\":\"7402783022\",\"iat\":1780853713,\"exp\":1781458513}"}
{"timestamp":"2026-06-07T17:36:55.225Z","level":"LOG","message":"Decoded user: {\"id\":21,\"phone\":\"7402783022\",\"iat\":1780853713,\"exp\":1781458513}"}
{"timestamp":"2026-06-07T17:36:55.225Z","level":"LOG","message":"REQ USER: {\"id\":21,\"phone\":\"7402783022\",\"iat\":1780853713,\"exp\":1781458513}"}
{"timestamp":"2026-06-07T17:37:11.257Z","level":"LOG","message":"Decoded user: {\"id\":21,\"phone\":\"7402783022\",\"iat\":1780853713,\"exp\":1781458513}"}
{"timestamp":"2026-06-07T17:37:12.305Z","level":"LOG","message":"Decoded user: {\"id\":21,\"phone\":\"7402783022\",\"iat\":1780853713,\"exp\":1781458513}"}
{"timestamp":"2026-06-07T17:37:12.305Z","level":"LOG","message":"REQ USER: {\"id\":21,\"phone\":\"7402783022\",\"iat\":1780853713,\"exp\":1781458513}"}
{"timestamp":"2026-06-07T17:37:15.948Z","level":"LOG","message":"Decoded user: {\"id\":21,\"phone\":\"7402783022\",\"iat\":1780853713,\"exp\":1781458513}"}
{"timestamp":"2026-06-07T17:37:34.440Z","level":"LOG","message":"Decoded user: {\"id\":21,\"phone\":\"7402783022\",\"iat\":1780853713,\"exp\":1781458513}"}
{"timestamp":"2026-06-07T17:37:34.440Z","level":"LOG","message":"REQ USER: {\"id\":21,\"phone\":\"7402783022\",\"iat\":1780853713,\"exp\":1781458513}"}
{"timestamp":"2026-06-07T17:37:49.245Z","level":"LOG","message":"Decoded user: {\"id\":21,\"phone\":\"7402783022\",\"iat\":1780853713,\"exp\":1781458513}"}
{"timestamp":"2026-06-07T17:37:56.639Z","level":"LOG","message":"Decoded user: {\"id\":21,\"phone\":\"7402783022\",\"iat\":1780853713,\"exp\":1781458513}"}
{"timestamp":"2026-06-07T17:37:56.639Z","level":"LOG","message":"REQ USER: {\"id\":21,\"phone\":\"7402783022\",\"iat\":1780853713,\"exp\":1781458513}"}
{"timestamp":"2026-06-07T17:38:13.690Z","level":"LOG","message":"Decoded user: {\"id\":21,\"phone\":\"7402783022\",\"iat\":1780853713,\"exp\":1781458513}"}
{"timestamp":"2026-06-07T17:38:19.594Z","level":"LOG","message":"Decoded user: {\"id\":21,\"phone\":\"7402783022\",\"iat\":1780853713,\"exp\":1781458513}"}
{"timestamp":"2026-06-07T17:38:19.594Z","level":"LOG","message":"REQ USER: {\"id\":21,\"phone\":\"7402783022\",\"iat\":1780853713,\"exp\":1781458513}"}
{"timestamp":"2026-06-07T17:38:40.293Z","level":"LOG","message":"Decoded user: {\"id\":21,\"phone\":\"7402783022\",\"iat\":1780853713,\"exp\":1781458513}"}
{"timestamp":"2026-06-07T17:38:44.360Z","level":"LOG","message":"Decoded user: {\"id\":21,\"phone\":\"7402783022\",\"iat\":1780853713,\"exp\":1781458513}"}
{"timestamp":"2026-06-07T17:38:44.360Z","level":"LOG","message":"REQ USER: {\"id\":21,\"phone\":\"7402783022\",\"iat\":1780853713,\"exp\":1781458513}"}
{"timestamp":"2026-06-07T17:38:59.331Z","level":"LOG","message":"Decoded user: {\"id\":21,\"phone\":\"7402783022\",\"iat\":1780853713,\"exp\":1781458513}"}
{"timestamp":"2026-06-07T17:39:01.765Z","level":"LOG","message":"Decoded user: {\"id\":21,\"phone\":\"7402783022\",\"iat\":1780853713,\"exp\":1781458513}"}
{"timestamp":"2026-06-07T17:39:01.765Z","level":"LOG","message":"REQ USER: {\"id\":21,\"phone\":\"7402783022\",\"iat\":1780853713,\"exp\":1781458513}"}
{"timestamp":"2026-06-07T17:39:19.178Z","level":"LOG","message":"Decoded user: {\"id\":21,\"phone\":\"7402783022\",\"iat\":1780853713,\"exp\":1781458513}"}
{"timestamp":"2026-06-07T17:39:24.550Z","level":"LOG","message":"Decoded user: {\"id\":21,\"phone\":\"7402783022\",\"iat\":1780853713,\"exp\":1781458513}"}
{"timestamp":"2026-06-07T17:39:24.550Z","level":"LOG","message":"REQ USER: {\"id\":21,\"phone\":\"7402783022\",\"iat\":1780853713,\"exp\":1781458513}"}
{"timestamp":"2026-06-07T17:40:14.585Z","level":"LOG","message":"Decoded user: {\"id\":21,\"phone\":\"7402783022\",\"iat\":1780853713,\"exp\":1781458513}"}
{"timestamp":"2026-06-07T17:40:17.299Z","level":"LOG","message":"Decoded user: {\"id\":21,\"phone\":\"7402783022\",\"iat\":1780853713,\"exp\":1781458513}"}
{"timestamp":"2026-06-07T17:40:17.299Z","level":"LOG","message":"REQ USER: {\"id\":21,\"phone\":\"7402783022\",\"iat\":1780853713,\"exp\":1781458513}"}
{"timestamp":"2026-06-07T17:40:43.829Z","level":"LOG","message":"Decoded user: {\"id\":21,\"phone\":\"7402783022\",\"iat\":1780853713,\"exp\":1781458513}"}
{"timestamp":"2026-06-07T17:40:46.843Z","level":"LOG","message":"Decoded user: {\"id\":21,\"phone\":\"7402783022\",\"iat\":1780853713,\"exp\":1781458513}"}
{"timestamp":"2026-06-07T17:40:46.844Z","level":"LOG","message":"REQ USER: {\"id\":21,\"phone\":\"7402783022\",\"iat\":1780853713,\"exp\":1781458513}"}
{"timestamp":"2026-06-07T17:41:14.986Z","level":"LOG","message":"Decoded user: {\"id\":21,\"phone\":\"7402783022\",\"iat\":1780853713,\"exp\":1781458513}"}
{"timestamp":"2026-06-07T17:41:18.222Z","level":"LOG","message":"Decoded user: {\"id\":21,\"phone\":\"7402783022\",\"iat\":1780853713,\"exp\":1781458513}"}
{"timestamp":"2026-06-07T17:41:18.222Z","level":"LOG","message":"REQ USER: {\"id\":21,\"phone\":\"7402783022\",\"iat\":1780853713,\"exp\":1781458513}"}
{"timestamp":"2026-06-07T17:58:15.188Z","level":"LOG","message":"[dotenv@17.3.1] injecting env (21) from .env -- tip: ⚡️ secrets for agents: https://dotenvx.com/as2"}
{"timestamp":"2026-06-07T17:58:15.416Z","level":"LOG","message":"[dotenv@17.3.1] injecting env (0) from .env -- tip: ⚙️  enable debug logging with { debug: true }"}
{"timestamp":"2026-06-07T17:58:15.710Z","level":"LOG","message":"[dotenv@17.3.1] injecting env (0) from .env -- tip: 🔐 prevent committing .env to code: https://dotenvx.com/precommit"}
{"timestamp":"2026-06-07T17:58:15.946Z","level":"LOG","message":"✅ DB Connected"}
{"timestamp":"2026-06-07T17:58:16.018Z","level":"LOG","message":"✅ Tables Synced"}
{"timestamp":"2026-06-07T17:58:16.031Z","level":"LOG","message":"🚀 Server running on port 9001"}
{"timestamp":"2026-06-07T18:50:57.835Z","level":"LOG","message":"[dotenv@17.3.1] injecting env (21) from .env -- tip: 🔐 prevent building .env in docker: https://dotenvx.com/prebuild"}
{"timestamp":"2026-06-07T18:50:58.131Z","level":"LOG","message":"[dotenv@17.3.1] injecting env (0) from .env -- tip: ⚙️  load multiple .env files with { path: ['.env.local', '.env'] }"}
{"timestamp":"2026-06-07T18:50:58.453Z","level":"LOG","message":"[dotenv@17.3.1] injecting env (0) from .env -- tip: ⚙️  write to custom object with { processEnv: myObject }"}
{"timestamp":"2026-06-07T18:50:58.707Z","level":"LOG","message":"✅ DB Connected"}
{"timestamp":"2026-06-07T18:50:58.769Z","level":"LOG","message":"✅ Tables Synced"}
{"timestamp":"2026-06-07T18:50:58.779Z","level":"LOG","message":"🚀 Server running on port 9001"}
{"timestamp":"2026-06-07T20:44:41.532Z","level":"LOG","message":"[dotenv@17.3.1] injecting env (21) from .env -- tip: ⚙️  write to custom object with { processEnv: myObject }"}
{"timestamp":"2026-06-07T20:44:41.894Z","level":"LOG","message":"[dotenv@17.3.1] injecting env (0) from .env -- tip: 🔐 prevent committing .env to code: https://dotenvx.com/precommit"}
{"timestamp":"2026-06-07T20:44:42.349Z","level":"LOG","message":"[dotenv@17.3.1] injecting env (0) from .env -- tip: 🤖 agentic secret storage: https://dotenvx.com/as2"}
{"timestamp":"2026-06-07T20:44:42.741Z","level":"LOG","message":"✅ DB Connected"}
{"timestamp":"2026-06-07T20:44:42.837Z","level":"LOG","message":"✅ Tables Synced"}
{"timestamp":"2026-06-07T20:44:42.851Z","level":"LOG","message":"🚀 Server running on port 9001"}
{"timestamp":"2026-06-07T22:03:24.822Z","level":"LOG","message":"[dotenv@17.3.1] injecting env (21) from .env -- tip: ⚙️  suppress all logs with { quiet: true }"}
{"timestamp":"2026-06-07T22:03:25.122Z","level":"LOG","message":"[dotenv@17.3.1] injecting env (0) from .env -- tip: ⚙️  enable debug logging with { debug: true }"}
{"timestamp":"2026-06-07T22:03:25.473Z","level":"LOG","message":"[dotenv@17.3.1] injecting env (0) from .env -- tip: 🛡️ auth for agents: https://vestauth.com"}
{"timestamp":"2026-06-07T22:03:25.766Z","level":"LOG","message":"✅ DB Connected"}
{"timestamp":"2026-06-07T22:03:25.830Z","level":"LOG","message":"✅ Tables Synced"}
{"timestamp":"2026-06-07T22:03:25.839Z","level":"LOG","message":"🚀 Server running on port 9001"}
{"timestamp":"2026-06-07T23:11:56.598Z","level":"LOG","message":"[dotenv@17.3.1] injecting env (21) from .env -- tip: 🔐 encrypt with Dotenvx: https://dotenvx.com"}
{"timestamp":"2026-06-07T23:11:56.932Z","level":"LOG","message":"[dotenv@17.3.1] injecting env (0) from .env -- tip: 🔐 prevent building .env in docker: https://dotenvx.com/prebuild"}
{"timestamp":"2026-06-07T23:11:57.283Z","level":"LOG","message":"[dotenv@17.3.1] injecting env (0) from .env -- tip: ⚙️  specify custom .env file path with { path: '/custom/path/.env' }"}
{"timestamp":"2026-06-07T23:11:57.633Z","level":"LOG","message":"✅ DB Connected"}
{"timestamp":"2026-06-07T23:11:57.714Z","level":"LOG","message":"✅ Tables Synced"}
{"timestamp":"2026-06-07T23:11:57.728Z","level":"LOG","message":"🚀 Server running on port 9001"}
{"timestamp":"2026-06-08T00:32:17.236Z","level":"LOG","message":"[dotenv@17.3.1] injecting env (21) from .env -- tip: ⚙️  write to custom object with { processEnv: myObject }"}
{"timestamp":"2026-06-08T00:32:17.449Z","level":"LOG","message":"[dotenv@17.3.1] injecting env (0) from .env -- tip: 🔐 prevent committing .env to code: https://dotenvx.com/precommit"}
{"timestamp":"2026-06-08T00:32:17.741Z","level":"LOG","message":"[dotenv@17.3.1] injecting env (0) from .env -- tip: ⚙️  suppress all logs with { quiet: true }"}
{"timestamp":"2026-06-08T00:32:17.983Z","level":"LOG","message":"✅ DB Connected"}
{"timestamp":"2026-06-08T00:32:18.045Z","level":"LOG","message":"✅ Tables Synced"}
{"timestamp":"2026-06-08T00:32:18.053Z","level":"LOG","message":"🚀 Server running on port 9001"}
{"timestamp":"2026-06-08T02:44:37.448Z","level":"LOG","message":"[dotenv@17.3.1] injecting env (21) from .env -- tip: 🤖 agentic secret storage: https://dotenvx.com/as2"}
{"timestamp":"2026-06-08T02:44:37.462Z","level":"LOG","message":"[dotenv@17.3.1] injecting env (21) from .env -- tip: ⚙️  load multiple .env files with { path: ['.env.local', '.env'] }"}
{"timestamp":"2026-06-08T02:44:37.734Z","level":"LOG","message":"[dotenv@17.3.1] injecting env (0) from .env -- tip: 🛠️  run anywhere with `dotenvx run -- yourcommand`"}
{"timestamp":"2026-06-08T02:44:37.751Z","level":"LOG","message":"[dotenv@17.3.1] injecting env (0) from .env -- tip: ⚙️  load multiple .env files with { path: ['.env.local', '.env'] }"}
{"timestamp":"2026-06-08T02:44:38.124Z","level":"LOG","message":"[dotenv@17.3.1] injecting env (0) from .env -- tip: 🛡️ auth for agents: https://vestauth.com"}
{"timestamp":"2026-06-08T02:44:38.124Z","level":"LOG","message":"[dotenv@17.3.1] injecting env (0) from .env -- tip: 🔐 encrypt with Dotenvx: https://dotenvx.com"}
{"timestamp":"2026-06-08T02:44:38.418Z","level":"LOG","message":"✅ DB Connected"}
{"timestamp":"2026-06-08T02:44:38.421Z","level":"LOG","message":"✅ DB Connected"}
{"timestamp":"2026-06-08T02:44:38.488Z","level":"LOG","message":"✅ Tables Synced"}
{"timestamp":"2026-06-08T02:44:38.491Z","level":"LOG","message":"✅ Tables Synced"}
{"timestamp":"2026-06-08T02:44:38.502Z","level":"LOG","message":"🚀 Server running on port 9001"}
{"timestamp":"2026-06-08T02:44:38.504Z","level":"LOG","message":"🚀 Server running on port 9001"}
{"timestamp":"2026-06-08T04:12:08.047Z","level":"LOG","message":"[dotenv@17.3.1] injecting env (21) from .env -- tip: ⚙️  specify custom .env file path with { path: '/custom/path/.env' }"}
{"timestamp":"2026-06-08T04:12:08.394Z","level":"LOG","message":"[dotenv@17.3.1] injecting env (0) from .env -- tip: ⚙️  specify custom .env file path with { path: '/custom/path/.env' }"}
{"timestamp":"2026-06-08T04:12:08.800Z","level":"LOG","message":"[dotenv@17.3.1] injecting env (0) from .env -- tip: ⚙️  load multiple .env files with { path: ['.env.local', '.env'] }"}
{"timestamp":"2026-06-08T04:12:09.123Z","level":"LOG","message":"✅ DB Connected"}
{"timestamp":"2026-06-08T04:12:09.211Z","level":"LOG","message":"✅ Tables Synced"}
{"timestamp":"2026-06-08T04:12:09.222Z","level":"LOG","message":"🚀 Server running on port 9001"}
{"timestamp":"2026-06-08T05:20:13.649Z","level":"LOG","message":"[dotenv@17.3.1] injecting env (21) from .env -- tip: ⚡️ secrets for agents: https://dotenvx.com/as2"}
{"timestamp":"2026-06-08T05:20:14.115Z","level":"LOG","message":"[dotenv@17.3.1] injecting env (0) from .env -- tip: 🤖 agentic secret storage: https://dotenvx.com/as2"}
{"timestamp":"2026-06-08T05:20:14.703Z","level":"LOG","message":"[dotenv@17.3.1] injecting env (0) from .env -- tip: 🛠️  run anywhere with `dotenvx run -- yourcommand`"}
{"timestamp":"2026-06-08T05:20:15.121Z","level":"LOG","message":"✅ DB Connected"}
{"timestamp":"2026-06-08T05:20:15.267Z","level":"LOG","message":"✅ Tables Synced"}
{"timestamp":"2026-06-08T05:20:15.281Z","level":"LOG","message":"🚀 Server running on port 9001"}
{"timestamp":"2026-06-08T05:51:03.192Z","level":"LOG","message":"orderStatusSms delivered: ORD1779865004734 sent "}
{"timestamp":"2026-06-08T05:58:08.034Z","level":"LOG","message":"AUTH ERROR: jwt expired"}
{"timestamp":"2026-06-08T05:58:08.216Z","level":"LOG","message":"AUTH ERROR: jwt expired"}
{"timestamp":"2026-06-08T06:02:32.798Z","level":"LOG","message":"AUTH ERROR: jwt expired"}
{"timestamp":"2026-06-08T06:13:30.486Z","level":"LOG","message":"AUTH ERROR: jwt expired"}
{"timestamp":"2026-06-08T06:13:31.853Z","level":"LOG","message":"AUTH ERROR: jwt expired"}
{"timestamp":"2026-06-08T06:13:37.162Z","level":"LOG","message":"AUTH ERROR: jwt expired"}
{"timestamp":"2026-06-08T06:14:12.819Z","level":"LOG","message":"AUTH ERROR: jwt expired"}
{"timestamp":"2026-06-08T06:14:13.127Z","level":"LOG","message":"AUTH ERROR: jwt expired"}
{"timestamp":"2026-06-08T06:15:28.186Z","level":"LOG","message":"AUTH ERROR: jwt expired"}
{"timestamp":"2026-06-08T06:15:32.945Z","level":"LOG","message":"AUTH ERROR: jwt expired"}
{"timestamp":"2026-06-08T06:15:35.024Z","level":"LOG","message":"AUTH ERROR: jwt expired"}
{"timestamp":"2026-06-08T06:15:35.221Z","level":"LOG","message":"AUTH ERROR: jwt expired"}
{"timestamp":"2026-06-08T06:16:16.469Z","level":"LOG","message":"AUTH ERROR: jwt expired"}
{"timestamp":"2026-06-08T06:17:06.190Z","level":"LOG","message":"AUTH ERROR: jwt expired"}
{"timestamp":"2026-06-08T06:20:57.639Z","level":"LOG","message":"AUTH ERROR: jwt expired"}
{"timestamp":"2026-06-08T06:21:01.612Z","level":"LOG","message":"AUTH ERROR: jwt expired"}
{"timestamp":"2026-06-08T06:21:06.470Z","level":"LOG","message":"[dotenv@17.3.1] injecting env (21) from .env -- tip: 🛡️ auth for agents: https://vestauth.com"}
{"timestamp":"2026-06-08T06:21:06.826Z","level":"LOG","message":"[dotenv@17.3.1] injecting env (0) from .env -- tip: 🔐 prevent committing .env to code: https://dotenvx.com/precommit"}
{"timestamp":"2026-06-08T06:21:07.281Z","level":"LOG","message":"[dotenv@17.3.1] injecting env (0) from .env -- tip: ⚡️ secrets for agents: https://dotenvx.com/as2"}
{"timestamp":"2026-06-08T06:21:07.628Z","level":"LOG","message":"✅ DB Connected"}
{"timestamp":"2026-06-08T06:21:07.729Z","level":"LOG","message":"✅ Tables Synced"}
{"timestamp":"2026-06-08T06:21:07.743Z","level":"LOG","message":"🚀 Server running on port 9001"}
{"timestamp":"2026-06-08T06:21:08.291Z","level":"LOG","message":"AUTH ERROR: jwt expired"}
{"timestamp":"2026-06-08T06:22:15.281Z","level":"LOG","message":"AUTH ERROR: jwt expired"}
{"timestamp":"2026-06-08T06:25:44.943Z","level":"LOG","message":"AUTH ERROR: jwt expired"}
{"timestamp":"2026-06-08T06:26:09.372Z","level":"LOG","message":"AUTH ERROR: jwt expired"}
{"timestamp":"2026-06-08T06:26:15.264Z","level":"LOG","message":"AUTH ERROR: jwt expired"}
{"timestamp":"2026-06-08T06:29:36.984Z","level":"LOG","message":"AUTH ERROR: jwt expired"}
{"timestamp":"2026-06-08T06:29:39.376Z","level":"LOG","message":"AUTH ERROR: jwt expired"}
{"timestamp":"2026-06-08T06:30:56.328Z","level":"LOG","message":"AUTH ERROR: jwt expired"}
{"timestamp":"2026-06-08T06:31:03.316Z","level":"LOG","message":"AUTH ERROR: jwt expired"}
{"timestamp":"2026-06-08T06:31:05.301Z","level":"LOG","message":"AUTH ERROR: jwt expired"}
{"timestamp":"2026-06-08T06:31:07.988Z","level":"LOG","message":"AUTH ERROR: jwt expired"}
{"timestamp":"2026-06-08T06:31:48.994Z","level":"LOG","message":"AUTH ERROR: jwt expired"}
{"timestamp":"2026-06-08T06:31:49.193Z","level":"LOG","message":"AUTH ERROR: jwt expired"}
{"timestamp":"2026-06-08T06:31:51.135Z","level":"LOG","message":"AUTH ERROR: jwt expired"}
{"timestamp":"2026-06-08T06:32:51.526Z","level":"LOG","message":"AUTH ERROR: jwt expired"}
{"timestamp":"2026-06-08T06:33:30.757Z","level":"LOG","message":"AUTH ERROR: jwt expired"}
{"timestamp":"2026-06-08T06:33:30.921Z","level":"LOG","message":"AUTH ERROR: jwt expired"}
{"timestamp":"2026-06-08T06:33:41.473Z","level":"LOG","message":"AUTH ERROR: jwt expired"}
{"timestamp":"2026-06-08T06:33:43.475Z","level":"LOG","message":"AUTH ERROR: jwt expired"}
{"timestamp":"2026-06-08T06:33:45.907Z","level":"LOG","message":"AUTH ERROR: jwt expired"}
{"timestamp":"2026-06-08T06:33:47.704Z","level":"LOG","message":"AUTH ERROR: jwt expired"}
{"timestamp":"2026-06-08T06:33:53.054Z","level":"LOG","message":"AUTH ERROR: jwt expired"}
{"timestamp":"2026-06-08T06:33:54.657Z","level":"LOG","message":"AUTH ERROR: jwt expired"}
{"timestamp":"2026-06-08T06:36:27.240Z","level":"LOG","message":"AUTH ERROR: jwt expired"}
{"timestamp":"2026-06-08T06:36:27.340Z","level":"LOG","message":"AUTH ERROR: jwt expired"}
{"timestamp":"2026-06-08T06:36:58.114Z","level":"LOG","message":"AUTH ERROR: jwt expired"}
{"timestamp":"2026-06-08T06:36:58.182Z","level":"LOG","message":"AUTH ERROR: jwt expired"}
{"timestamp":"2026-06-08T06:36:59.734Z","level":"LOG","message":"AUTH ERROR: jwt expired"}
{"timestamp":"2026-06-08T06:37:04.942Z","level":"LOG","message":"AUTH ERROR: jwt expired"}
{"timestamp":"2026-06-08T06:37:05.678Z","level":"LOG","message":"AUTH ERROR: jwt expired"}
{"timestamp":"2026-06-08T06:37:09.275Z","level":"LOG","message":"AUTH ERROR: jwt expired"}
{"timestamp":"2026-06-08T06:37:10.171Z","level":"LOG","message":"AUTH ERROR: jwt expired"}
{"timestamp":"2026-06-08T06:37:11.130Z","level":"LOG","message":"AUTH ERROR: jwt expired"}
{"timestamp":"2026-06-08T06:37:11.932Z","level":"LOG","message":"AUTH ERROR: jwt expired"}
{"timestamp":"2026-06-08T06:38:03.382Z","level":"LOG","message":"AUTH ERROR: jwt expired"}
{"timestamp":"2026-06-08T06:38:03.384Z","level":"LOG","message":"AUTH ERROR: jwt expired"}
{"timestamp":"2026-06-08T06:38:03.622Z","level":"LOG","message":"AUTH ERROR: jwt expired"}
{"timestamp":"2026-06-08T07:13:39.222Z","level":"LOG","message":"FILES 👉 {\"image\":[{\"fieldname\":\"image\",\"originalname\":\"sb-0000bt-blue-bluetooth-usb-sd-aux-fm-mp3-sound-boss-original-imah9hhfeywhpjp9.jpeg\",\"encoding\":\"7bit\",\"mimetype\":\"image/jpeg\",\"destination\":\"/home/u823569727/domains/api.shop99.co.in/nodejs/uploads\",\"filename\":\"1780902819203-sb-0000bt-blue-bluetooth-usb-sd-aux-fm-mp3-sound-boss-original-imah9hhfeywhpjp9.jpeg\",\"path\":\"/home/u823569727/domains/api.shop99.co.in/nodejs/uploads/1780902819203-sb-0000bt-blue-bluetooth-usb-sd-aux-fm-mp3-sound-boss-original-imah9hhfeywhpjp9.jpeg\",\"size\":172453}]}"}
{"timestamp":"2026-06-08T07:23:04.393Z","level":"LOG","message":"[dotenv@17.3.1] injecting env (21) from .env -- tip: ⚙️  override existing env vars with { override: true }"}
{"timestamp":"2026-06-08T07:23:04.702Z","level":"LOG","message":"[dotenv@17.3.1] injecting env (0) from .env -- tip: ⚙️  suppress all logs with { quiet: true }"}
{"timestamp":"2026-06-08T07:23:05.193Z","level":"LOG","message":"[dotenv@17.3.1] injecting env (0) from .env -- tip: ⚡️ secrets for agents: https://dotenvx.com/as2"}
{"timestamp":"2026-06-08T07:23:05.582Z","level":"LOG","message":"✅ DB Connected"}
{"timestamp":"2026-06-08T07:23:05.673Z","level":"LOG","message":"✅ Tables Synced"}
{"timestamp":"2026-06-08T07:23:05.687Z","level":"LOG","message":"🚀 Server running on port 9001"}
{"timestamp":"2026-06-08T08:25:44.309Z","level":"LOG","message":"[dotenv@17.3.1] injecting env (21) from .env -- tip: 🛠️  run anywhere with `dotenvx run -- yourcommand`"}
{"timestamp":"2026-06-08T08:25:44.722Z","level":"LOG","message":"[dotenv@17.3.1] injecting env (0) from .env -- tip: 🤖 agentic secret storage: https://dotenvx.com/as2"}
{"timestamp":"2026-06-08T08:25:45.205Z","level":"LOG","message":"[dotenv@17.3.1] injecting env (0) from .env -- tip: 🛡️ auth for agents: https://vestauth.com"}
{"timestamp":"2026-06-08T08:25:45.579Z","level":"LOG","message":"✅ DB Connected"}
{"timestamp":"2026-06-08T08:25:45.679Z","level":"LOG","message":"✅ Tables Synced"}
{"timestamp":"2026-06-08T08:25:45.691Z","level":"LOG","message":"🚀 Server running on port 9001"}
{"timestamp":"2026-06-08T09:37:15.823Z","level":"LOG","message":"[dotenv@17.3.1] injecting env (21) from .env -- tip: 🔐 encrypt with Dotenvx: https://dotenvx.com"}
{"timestamp":"2026-06-08T09:37:16.203Z","level":"LOG","message":"[dotenv@17.3.1] injecting env (0) from .env -- tip: 🤖 agentic secret storage: https://dotenvx.com/as2"}
{"timestamp":"2026-06-08T09:37:16.686Z","level":"LOG","message":"[dotenv@17.3.1] injecting env (0) from .env -- tip: 🔐 encrypt with Dotenvx: https://dotenvx.com"}
{"timestamp":"2026-06-08T09:37:17.038Z","level":"LOG","message":"✅ DB Connected"}
{"timestamp":"2026-06-08T09:37:17.137Z","level":"LOG","message":"✅ Tables Synced"}
{"timestamp":"2026-06-08T09:37:17.150Z","level":"LOG","message":"🚀 Server running on port 9001"}
{"timestamp":"2026-06-08T10:06:35.766Z","level":"LOG","message":"FILES 👉 {\"image\":[{\"fieldname\":\"image\",\"originalname\":\"sn-2124bt-bluetooth-wireless-with-phone-caller-id-receiver-car-original-imafwstryzeu4gwt.jpeg\",\"encoding\":\"7bit\",\"mimetype\":\"image/jpeg\",\"destination\":\"/home/u823569727/domains/api.shop99.co.in/nodejs/uploads\",\"filename\":\"1780913195731-sn-2124bt-bluetooth-wireless-with-phone-caller-id-receiver-car-original-imafwstryzeu4gwt.jpeg\",\"path\":\"/home/u823569727/domains/api.shop99.co.in/nodejs/uploads/1780913195731-sn-2124bt-bluetooth-wireless-with-phone-caller-id-receiver-car-original-imafwstryzeu4gwt.jpeg\",\"size\":592858}]}"}
{"timestamp":"2026-06-08T10:40:37.127Z","level":"LOG","message":"[dotenv@17.3.1] injecting env (21) from .env -- tip: 🤖 agentic secret storage: https://dotenvx.com/as2"}
{"timestamp":"2026-06-08T10:40:37.501Z","level":"LOG","message":"[dotenv@17.3.1] injecting env (0) from .env -- tip: 🛡️ auth for agents: https://vestauth.com"}
{"timestamp":"2026-06-08T10:40:38.067Z","level":"LOG","message":"[dotenv@17.3.1] injecting env (0) from .env -- tip: ⚙️  suppress all logs with { quiet: true }"}
{"timestamp":"2026-06-08T10:40:38.530Z","level":"LOG","message":"✅ DB Connected"}
{"timestamp":"2026-06-08T10:40:38.680Z","level":"LOG","message":"✅ Tables Synced"}
{"timestamp":"2026-06-08T10:40:38.695Z","level":"LOG","message":"🚀 Server running on port 9001"}
{"timestamp":"2026-06-08T10:40:39.155Z","level":"LOG","message":"FILES 👉 {\"image\":[{\"fieldname\":\"image\",\"originalname\":\"mp3-fm-usb-sd-aux-sb-990-sound-boss-original-imafv3s7hjzeab2t.jpeg\",\"encoding\":\"7bit\",\"mimetype\":\"image/jpeg\",\"destination\":\"/home/u823569727/domains/api.shop99.co.in/nodejs/uploads\",\"filename\":\"1780915239083-mp3-fm-usb-sd-aux-sb-990-sound-boss-original-imafv3s7hjzeab2t.jpeg\",\"path\":\"/home/u823569727/domains/api.shop99.co.in/nodejs/uploads/1780915239083-mp3-fm-usb-sd-aux-sb-990-sound-boss-original-imafv3s7hjzeab2t.jpeg\",\"size\":170698}]}"}
{"timestamp":"2026-06-08T11:41:19.378Z","level":"LOG","message":"[dotenv@17.3.1] injecting env (21) from .env -- tip: ⚡️ secrets for agents: https://dotenvx.com/as2"}
{"timestamp":"2026-06-08T11:41:19.766Z","level":"LOG","message":"[dotenv@17.3.1] injecting env (0) from .env -- tip: ⚙️  suppress all logs with { quiet: true }"}
{"timestamp":"2026-06-08T11:41:20.393Z","level":"LOG","message":"[dotenv@17.3.1] injecting env (0) from .env -- tip: ⚙️  suppress all logs with { quiet: true }"}
{"timestamp":"2026-06-08T11:41:20.797Z","level":"LOG","message":"✅ DB Connected"}
{"timestamp":"2026-06-08T11:41:20.920Z","level":"LOG","message":"✅ Tables Synced"}
{"timestamp":"2026-06-08T11:41:20.938Z","level":"LOG","message":"🚀 Server running on port 9001"}
{"timestamp":"2026-06-08T11:44:24.876Z","level":"LOG","message":"FILES 👉 {\"image\":[{\"fieldname\":\"image\",\"originalname\":\"9-inch-2gb-32gb-ts9-android-with-night-vision-rear-view-camera-original-imahk8hdpznzjgyt.jpeg\",\"encoding\":\"7bit\",\"mimetype\":\"image/jpeg\",\"destination\":\"/home/u823569727/domains/api.shop99.co.in/nodejs/uploads\",\"filename\":\"1780919064841-9-inch-2gb-32gb-ts9-android-with-night-vision-rear-view-camera-original-imahk8hdpznzjgyt.jpeg\",\"path\":\"/home/u823569727/domains/api.shop99.co.in/nodejs/uploads/1780919064841-9-inch-2gb-32gb-ts9-android-with-night-vision-rear-view-camera-original-imahk8hdpznzjgyt.jpeg\",\"size\":107780}]}"}
{"timestamp":"2026-06-08T12:29:43.141Z","level":"LOG","message":"[dotenv@17.3.1] injecting env (21) from .env -- tip: 🛡️ auth for agents: https://vestauth.com"}
{"timestamp":"2026-06-08T12:29:43.504Z","level":"LOG","message":"[dotenv@17.3.1] injecting env (0) from .env -- tip: 🤖 agentic secret storage: https://dotenvx.com/as2"}
{"timestamp":"2026-06-08T12:29:43.911Z","level":"LOG","message":"[dotenv@17.3.1] injecting env (0) from .env -- tip: 🔐 prevent committing .env to code: https://dotenvx.com/precommit"}
{"timestamp":"2026-06-08T12:29:44.215Z","level":"LOG","message":"✅ DB Connected"}
{"timestamp":"2026-06-08T12:29:44.302Z","level":"LOG","message":"✅ Tables Synced"}
{"timestamp":"2026-06-08T12:29:44.315Z","level":"LOG","message":"🚀 Server running on port 9001"}
{"timestamp":"2026-06-08T12:49:52.613Z","level":"LOG","message":"[dotenv@17.3.1] injecting env (21) from .env -- tip: 🔐 encrypt with Dotenvx: https://dotenvx.com"}
{"timestamp":"2026-06-08T12:49:52.902Z","level":"LOG","message":"[dotenv@17.3.1] injecting env (0) from .env -- tip: 🔐 prevent building .env in docker: https://dotenvx.com/prebuild"}
{"timestamp":"2026-06-08T12:49:53.299Z","level":"LOG","message":"[dotenv@17.3.1] injecting env (0) from .env -- tip: 🛡️ auth for agents: https://vestauth.com"}
{"timestamp":"2026-06-08T12:49:53.624Z","level":"LOG","message":"✅ DB Connected"}
{"timestamp":"2026-06-08T12:49:53.728Z","level":"LOG","message":"✅ Tables Synced"}
{"timestamp":"2026-06-08T12:49:53.742Z","level":"LOG","message":"🚀 Server running on port 9001"}
{"timestamp":"2026-06-08T13:23:10.629Z","level":"LOG","message":"Decoded user: {\"id\":12,\"phone\":\"8950299308\",\"iat\":1780642744,\"exp\":1781247544}"}
{"timestamp":"2026-06-08T13:23:10.629Z","level":"LOG","message":"REQ USER: {\"id\":12,\"phone\":\"8950299308\",\"iat\":1780642744,\"exp\":1781247544}"}
{"timestamp":"2026-06-08T13:23:10.854Z","level":"LOG","message":"Decoded user: {\"id\":12,\"phone\":\"8950299308\",\"iat\":1780642744,\"exp\":1781247544}"}
{"timestamp":"2026-06-08T13:23:10.854Z","level":"LOG","message":"REQ USER: {\"id\":12,\"phone\":\"8950299308\",\"iat\":1780642744,\"exp\":1781247544}"}
{"timestamp":"2026-06-08T13:53:10.658Z","level":"LOG","message":"[dotenv@17.3.1] injecting env (21) from .env -- tip: ⚙️  write to custom object with { processEnv: myObject }"}
{"timestamp":"2026-06-08T13:53:11.053Z","level":"LOG","message":"[dotenv@17.3.1] injecting env (0) from .env -- tip: ⚙️  suppress all logs with { quiet: true }"}
{"timestamp":"2026-06-08T13:53:11.522Z","level":"LOG","message":"[dotenv@17.3.1] injecting env (0) from .env -- tip: ⚙️  specify custom .env file path with { path: '/custom/path/.env' }"}
{"timestamp":"2026-06-08T13:53:11.898Z","level":"LOG","message":"✅ DB Connected"}
{"timestamp":"2026-06-08T13:53:12.004Z","level":"LOG","message":"✅ Tables Synced"}
{"timestamp":"2026-06-08T13:53:12.017Z","level":"LOG","message":"🚀 Server running on port 9001"}
{"timestamp":"2026-06-08T15:04:22.315Z","level":"LOG","message":"[dotenv@17.3.1] injecting env (21) from .env -- tip: ⚙️  write to custom object with { processEnv: myObject }"}
{"timestamp":"2026-06-08T15:04:22.635Z","level":"LOG","message":"[dotenv@17.3.1] injecting env (0) from .env -- tip: 🔐 prevent building .env in docker: https://dotenvx.com/prebuild"}
{"timestamp":"2026-06-08T15:04:23.083Z","level":"LOG","message":"[dotenv@17.3.1] injecting env (0) from .env -- tip: 🔐 prevent building .env in docker: https://dotenvx.com/prebuild"}
{"timestamp":"2026-06-08T15:04:23.366Z","level":"LOG","message":"✅ DB Connected"}
{"timestamp":"2026-06-08T15:04:23.442Z","level":"LOG","message":"✅ Tables Synced"}
{"timestamp":"2026-06-08T15:04:23.451Z","level":"LOG","message":"🚀 Server running on port 9001"}
{"timestamp":"2026-06-08T15:36:08.613Z","level":"LOG","message":"[dotenv@17.3.1] injecting env (21) from .env -- tip: 🛠️  run anywhere with `dotenvx run -- yourcommand`"}
{"timestamp":"2026-06-08T15:36:08.935Z","level":"LOG","message":"[dotenv@17.3.1] injecting env (0) from .env -- tip: ⚡️ secrets for agents: https://dotenvx.com/as2"}
{"timestamp":"2026-06-08T15:36:09.320Z","level":"LOG","message":"[dotenv@17.3.1] injecting env (0) from .env -- tip: 🔐 prevent committing .env to code: https://dotenvx.com/precommit"}
{"timestamp":"2026-06-08T15:36:09.593Z","level":"LOG","message":"✅ DB Connected"}
{"timestamp":"2026-06-08T15:36:09.677Z","level":"LOG","message":"✅ Tables Synced"}
{"timestamp":"2026-06-08T15:36:09.691Z","level":"LOG","message":"🚀 Server running on port 9001"}
{"timestamp":"2026-06-08T16:05:13.253Z","level":"LOG","message":"[dotenv@17.3.1] injecting env (21) from .env -- tip: ⚙️  load multiple .env files with { path: ['.env.local', '.env'] }"}
{"timestamp":"2026-06-08T16:05:13.532Z","level":"LOG","message":"[dotenv@17.3.1] injecting env (0) from .env -- tip: 🤖 agentic secret storage: https://dotenvx.com/as2"}
{"timestamp":"2026-06-08T16:05:13.851Z","level":"LOG","message":"[dotenv@17.3.1] injecting env (0) from .env -- tip: ⚙️  override existing env vars with { override: true }"}
{"timestamp":"2026-06-08T16:05:14.151Z","level":"LOG","message":"✅ DB Connected"}
{"timestamp":"2026-06-08T16:05:14.237Z","level":"LOG","message":"✅ Tables Synced"}
{"timestamp":"2026-06-08T16:05:14.246Z","level":"LOG","message":"🚀 Server running on port 9001"}
{"timestamp":"2026-06-08T16:05:14.438Z","level":"LOG","message":"Decoded user: {\"id\":21,\"phone\":\"7402783022\",\"iat\":1780853713,\"exp\":1781458513}"}
{"timestamp":"2026-06-08T16:05:14.439Z","level":"LOG","message":"REQ USER: {\"id\":21,\"phone\":\"7402783022\",\"iat\":1780853713,\"exp\":1781458513}"}
{"timestamp":"2026-06-08T16:05:14.806Z","level":"LOG","message":"Decoded user: {\"id\":21,\"phone\":\"7402783022\",\"iat\":1780853713,\"exp\":1781458513}"}
{"timestamp":"2026-06-08T16:05:14.807Z","level":"LOG","message":"REQ USER: {\"id\":21,\"phone\":\"7402783022\",\"iat\":1780853713,\"exp\":1781458513}"}
{"timestamp":"2026-06-08T16:06:46.794Z","level":"LOG","message":"Decoded user: {\"id\":21,\"phone\":\"7402783022\",\"iat\":1780853713,\"exp\":1781458513}"}
{"timestamp":"2026-06-08T16:06:55.398Z","level":"LOG","message":"Decoded user: {\"id\":21,\"phone\":\"7402783022\",\"iat\":1780853713,\"exp\":1781458513}"}
{"timestamp":"2026-06-08T16:06:55.398Z","level":"LOG","message":"REQ USER: {\"id\":21,\"phone\":\"7402783022\",\"iat\":1780853713,\"exp\":1781458513}"}
{"timestamp":"2026-06-08T16:07:00.841Z","level":"LOG","message":"Decoded user: {\"id\":21,\"phone\":\"7402783022\",\"iat\":1780853713,\"exp\":1781458513}"}
{"timestamp":"2026-06-08T16:07:09.477Z","level":"LOG","message":"Decoded user: {\"id\":21,\"phone\":\"7402783022\",\"iat\":1780853713,\"exp\":1781458513}"}
{"timestamp":"2026-06-08T16:07:09.477Z","level":"LOG","message":"REQ USER: {\"id\":21,\"phone\":\"7402783022\",\"iat\":1780853713,\"exp\":1781458513}"}
{"timestamp":"2026-06-08T16:07:13.766Z","level":"LOG","message":"Decoded user: {\"id\":21,\"phone\":\"7402783022\",\"iat\":1780853713,\"exp\":1781458513}"}
{"timestamp":"2026-06-08T16:07:22.674Z","level":"LOG","message":"Decoded user: {\"id\":21,\"phone\":\"7402783022\",\"iat\":1780853713,\"exp\":1781458513}"}
{"timestamp":"2026-06-08T16:07:22.675Z","level":"LOG","message":"REQ USER: {\"id\":21,\"phone\":\"7402783022\",\"iat\":1780853713,\"exp\":1781458513}"}
{"timestamp":"2026-06-08T16:07:26.270Z","level":"LOG","message":"Decoded user: {\"id\":21,\"phone\":\"7402783022\",\"iat\":1780853713,\"exp\":1781458513}"}
{"timestamp":"2026-06-08T16:07:29.677Z","level":"LOG","message":"Decoded user: {\"id\":21,\"phone\":\"7402783022\",\"iat\":1780853713,\"exp\":1781458513}"}
{"timestamp":"2026-06-08T16:07:29.677Z","level":"LOG","message":"REQ USER: {\"id\":21,\"phone\":\"7402783022\",\"iat\":1780853713,\"exp\":1781458513}"}
{"timestamp":"2026-06-08T16:08:13.924Z","level":"LOG","message":"Decoded user: {\"id\":21,\"phone\":\"7402783022\",\"iat\":1780853713,\"exp\":1781458513}"}
{"timestamp":"2026-06-08T16:08:23.111Z","level":"LOG","message":"Decoded user: {\"id\":21,\"phone\":\"7402783022\",\"iat\":1780853713,\"exp\":1781458513}"}
{"timestamp":"2026-06-08T16:08:23.112Z","level":"LOG","message":"REQ USER: {\"id\":21,\"phone\":\"7402783022\",\"iat\":1780853713,\"exp\":1781458513}"}
{"timestamp":"2026-06-08T16:08:43.384Z","level":"LOG","message":"Decoded user: {\"id\":21,\"phone\":\"7402783022\",\"iat\":1780853713,\"exp\":1781458513}"}
{"timestamp":"2026-06-08T16:08:52.626Z","level":"LOG","message":"Decoded user: {\"id\":21,\"phone\":\"7402783022\",\"iat\":1780853713,\"exp\":1781458513}"}
{"timestamp":"2026-06-08T16:08:52.626Z","level":"LOG","message":"REQ USER: {\"id\":21,\"phone\":\"7402783022\",\"iat\":1780853713,\"exp\":1781458513}"}
{"timestamp":"2026-06-08T16:09:13.658Z","level":"LOG","message":"Decoded user: {\"id\":21,\"phone\":\"7402783022\",\"iat\":1780853713,\"exp\":1781458513}"}
{"timestamp":"2026-06-08T16:09:19.403Z","level":"LOG","message":"Decoded user: {\"id\":21,\"phone\":\"7402783022\",\"iat\":1780853713,\"exp\":1781458513}"}
{"timestamp":"2026-06-08T16:09:19.403Z","level":"LOG","message":"REQ USER: {\"id\":21,\"phone\":\"7402783022\",\"iat\":1780853713,\"exp\":1781458513}"}
{"timestamp":"2026-06-08T17:10:02.616Z","level":"LOG","message":"[dotenv@17.3.1] injecting env (21) from .env -- tip: ⚙️  load multiple .env files with { path: ['.env.local', '.env'] }"}
{"timestamp":"2026-06-08T17:10:03.036Z","level":"LOG","message":"[dotenv@17.3.1] injecting env (0) from .env -- tip: 🔐 encrypt with Dotenvx: https://dotenvx.com"}
{"timestamp":"2026-06-08T17:10:03.589Z","level":"LOG","message":"[dotenv@17.3.1] injecting env (0) from .env -- tip: ⚙️  specify custom .env file path with { path: '/custom/path/.env' }"}
{"timestamp":"2026-06-08T17:10:03.955Z","level":"LOG","message":"✅ DB Connected"}
{"timestamp":"2026-06-08T17:10:04.062Z","level":"LOG","message":"✅ Tables Synced"}
{"timestamp":"2026-06-08T17:10:04.076Z","level":"LOG","message":"🚀 Server running on port 9001"}
{"timestamp":"2026-06-08T18:23:45.436Z","level":"LOG","message":"[dotenv@17.3.1] injecting env (21) from .env -- tip: 🔐 encrypt with Dotenvx: https://dotenvx.com"}
{"timestamp":"2026-06-08T18:23:45.773Z","level":"LOG","message":"[dotenv@17.3.1] injecting env (0) from .env -- tip: 🤖 agentic secret storage: https://dotenvx.com/as2"}
{"timestamp":"2026-06-08T18:23:46.202Z","level":"LOG","message":"[dotenv@17.3.1] injecting env (0) from .env -- tip: 🔐 prevent building .env in docker: https://dotenvx.com/prebuild"}
{"timestamp":"2026-06-08T18:23:46.501Z","level":"LOG","message":"✅ DB Connected"}
{"timestamp":"2026-06-08T18:23:46.566Z","level":"LOG","message":"✅ Tables Synced"}
{"timestamp":"2026-06-08T18:23:46.579Z","level":"LOG","message":"🚀 Server running on port 9001"}
{"timestamp":"2026-06-08T19:24:30.434Z","level":"LOG","message":"[dotenv@17.3.1] injecting env (21) from .env -- tip: ⚙️  enable debug logging with { debug: true }"}
{"timestamp":"2026-06-08T19:24:30.802Z","level":"LOG","message":"[dotenv@17.3.1] injecting env (0) from .env -- tip: ⚙️  override existing env vars with { override: true }"}
{"timestamp":"2026-06-08T19:24:31.270Z","level":"LOG","message":"[dotenv@17.3.1] injecting env (0) from .env -- tip: ⚙️  load multiple .env files with { path: ['.env.local', '.env'] }"}
{"timestamp":"2026-06-08T19:24:31.924Z","level":"LOG","message":"✅ DB Connected"}
{"timestamp":"2026-06-08T19:24:32.047Z","level":"LOG","message":"✅ Tables Synced"}
{"timestamp":"2026-06-08T19:24:32.063Z","level":"LOG","message":"🚀 Server running on port 9001"}
{"timestamp":"2026-06-08T20:51:05.862Z","level":"LOG","message":"[dotenv@17.3.1] injecting env (21) from .env -- tip: ⚙️  write to custom object with { processEnv: myObject }"}
{"timestamp":"2026-06-08T20:51:06.146Z","level":"LOG","message":"[dotenv@17.3.1] injecting env (0) from .env -- tip: ⚡️ secrets for agents: https://dotenvx.com/as2"}
{"timestamp":"2026-06-08T20:51:06.570Z","level":"LOG","message":"[dotenv@17.3.1] injecting env (0) from .env -- tip: ⚙️  specify custom .env file path with { path: '/custom/path/.env' }"}
{"timestamp":"2026-06-08T20:51:06.857Z","level":"LOG","message":"✅ DB Connected"}
{"timestamp":"2026-06-08T20:51:06.928Z","level":"LOG","message":"✅ Tables Synced"}
{"timestamp":"2026-06-08T20:51:06.937Z","level":"LOG","message":"🚀 Server running on port 9001"}
{"timestamp":"2026-06-08T20:53:08.838Z","level":"LOG","message":"[dotenv@17.3.1] injecting env (21) from .env -- tip: 🤖 agentic secret storage: https://dotenvx.com/as2"}
{"timestamp":"2026-06-08T20:53:09.086Z","level":"LOG","message":"[dotenv@17.3.1] injecting env (0) from .env -- tip: 🔐 prevent committing .env to code: https://dotenvx.com/precommit"}
{"timestamp":"2026-06-08T20:53:09.366Z","level":"LOG","message":"[dotenv@17.3.1] injecting env (0) from .env -- tip: ⚙️  specify custom .env file path with { path: '/custom/path/.env' }"}
{"timestamp":"2026-06-08T20:53:09.628Z","level":"LOG","message":"✅ DB Connected"}
{"timestamp":"2026-06-08T20:53:09.711Z","level":"LOG","message":"✅ Tables Synced"}
{"timestamp":"2026-06-08T20:53:09.721Z","level":"LOG","message":"🚀 Server running on port 9001"}
{"timestamp":"2026-06-08T21:54:33.554Z","level":"LOG","message":"[dotenv@17.3.1] injecting env (21) from .env -- tip: 🛠️  run anywhere with `dotenvx run -- yourcommand`"}
{"timestamp":"2026-06-08T21:54:33.869Z","level":"LOG","message":"[dotenv@17.3.1] injecting env (0) from .env -- tip: ⚙️  specify custom .env file path with { path: '/custom/path/.env' }"}
{"timestamp":"2026-06-08T21:54:34.284Z","level":"LOG","message":"[dotenv@17.3.1] injecting env (0) from .env -- tip: 🛡️ auth for agents: https://vestauth.com"}
{"timestamp":"2026-06-08T21:54:34.645Z","level":"LOG","message":"✅ DB Connected"}
{"timestamp":"2026-06-08T21:54:34.731Z","level":"LOG","message":"✅ Tables Synced"}
{"timestamp":"2026-06-08T21:54:34.744Z","level":"LOG","message":"🚀 Server running on port 9001"}
{"timestamp":"2026-06-08T22:56:23.327Z","level":"LOG","message":"[dotenv@17.3.1] injecting env (21) from .env -- tip: ⚙️  write to custom object with { processEnv: myObject }"}
{"timestamp":"2026-06-08T22:56:23.566Z","level":"LOG","message":"[dotenv@17.3.1] injecting env (0) from .env -- tip: ⚙️  enable debug logging with { debug: true }"}
{"timestamp":"2026-06-08T22:56:23.868Z","level":"LOG","message":"[dotenv@17.3.1] injecting env (0) from .env -- tip: 🔐 prevent building .env in docker: https://dotenvx.com/prebuild"}
{"timestamp":"2026-06-08T22:56:24.502Z","level":"LOG","message":"✅ DB Connected"}
{"timestamp":"2026-06-08T22:56:24.586Z","level":"LOG","message":"✅ Tables Synced"}
{"timestamp":"2026-06-08T22:56:24.599Z","level":"LOG","message":"🚀 Server running on port 9001"}
{"timestamp":"2026-06-09T00:13:07.685Z","level":"LOG","message":"[dotenv@17.3.1] injecting env (21) from .env -- tip: ⚙️  override existing env vars with { override: true }"}
{"timestamp":"2026-06-09T00:13:08.026Z","level":"LOG","message":"[dotenv@17.3.1] injecting env (0) from .env -- tip: 🔐 prevent building .env in docker: https://dotenvx.com/prebuild"}
{"timestamp":"2026-06-09T00:13:08.450Z","level":"LOG","message":"[dotenv@17.3.1] injecting env (0) from .env -- tip: ⚙️  enable debug logging with { debug: true }"}
{"timestamp":"2026-06-09T00:13:08.774Z","level":"LOG","message":"✅ DB Connected"}
{"timestamp":"2026-06-09T00:13:08.861Z","level":"LOG","message":"✅ Tables Synced"}
{"timestamp":"2026-06-09T00:13:08.873Z","level":"LOG","message":"🚀 Server running on port 9001"}
{"timestamp":"2026-06-09T01:52:50.123Z","level":"LOG","message":"[dotenv@17.3.1] injecting env (21) from .env -- tip: ⚙️  enable debug logging with { debug: true }"}
{"timestamp":"2026-06-09T01:52:50.468Z","level":"LOG","message":"[dotenv@17.3.1] injecting env (0) from .env -- tip: ⚙️  specify custom .env file path with { path: '/custom/path/.env' }"}
{"timestamp":"2026-06-09T01:52:50.875Z","level":"LOG","message":"[dotenv@17.3.1] injecting env (0) from .env -- tip: 🔐 encrypt with Dotenvx: https://dotenvx.com"}
{"timestamp":"2026-06-09T01:52:51.613Z","level":"LOG","message":"✅ DB Connected"}
{"timestamp":"2026-06-09T01:52:51.693Z","level":"LOG","message":"✅ Tables Synced"}
{"timestamp":"2026-06-09T01:52:51.702Z","level":"LOG","message":"🚀 Server running on port 9001"}
{"timestamp":"2026-06-09T03:14:41.219Z","level":"LOG","message":"[dotenv@17.3.1] injecting env (21) from .env -- tip: ⚡️ secrets for agents: https://dotenvx.com/as2"}
{"timestamp":"2026-06-09T03:14:41.535Z","level":"LOG","message":"[dotenv@17.3.1] injecting env (0) from .env -- tip: 🤖 agentic secret storage: https://dotenvx.com/as2"}
{"timestamp":"2026-06-09T03:14:41.879Z","level":"LOG","message":"[dotenv@17.3.1] injecting env (0) from .env -- tip: ⚙️  write to custom object with { processEnv: myObject }"}
{"timestamp":"2026-06-09T03:14:42.126Z","level":"LOG","message":"✅ DB Connected"}
{"timestamp":"2026-06-09T03:14:42.194Z","level":"LOG","message":"✅ Tables Synced"}
{"timestamp":"2026-06-09T03:14:42.203Z","level":"LOG","message":"🚀 Server running on port 9001"}
{"timestamp":"2026-06-09T04:04:55.923Z","level":"LOG","message":"Decoded user: {\"id\":20,\"phone\":\"7012543676\",\"iat\":1780684539,\"exp\":1781289339}"}
{"timestamp":"2026-06-09T04:04:55.924Z","level":"LOG","message":"REQ USER: {\"id\":20,\"phone\":\"7012543676\",\"iat\":1780684539,\"exp\":1781289339}"}
{"timestamp":"2026-06-09T04:29:29.927Z","level":"LOG","message":"[dotenv@17.3.1] injecting env (21) from .env -- tip: ⚙️  load multiple .env files with { path: ['.env.local', '.env'] }"}
{"timestamp":"2026-06-09T04:29:30.260Z","level":"LOG","message":"[dotenv@17.3.1] injecting env (0) from .env -- tip: 🛡️ auth for agents: https://vestauth.com"}
{"timestamp":"2026-06-09T04:29:30.698Z","level":"LOG","message":"[dotenv@17.3.1] injecting env (0) from .env -- tip: 🛠️  run anywhere with `dotenvx run -- yourcommand`"}
{"timestamp":"2026-06-09T04:29:30.980Z","level":"LOG","message":"✅ DB Connected"}
{"timestamp":"2026-06-09T04:29:31.049Z","level":"LOG","message":"✅ Tables Synced"}
{"timestamp":"2026-06-09T04:29:31.058Z","level":"LOG","message":"🚀 Server running on port 9001"}
{"timestamp":"2026-06-09T04:41:14.838Z","level":"LOG","message":"[dotenv@17.3.1] injecting env (21) from .env -- tip: 🤖 agentic secret storage: https://dotenvx.com/as2"}
{"timestamp":"2026-06-09T04:41:15.144Z","level":"LOG","message":"[dotenv@17.3.1] injecting env (0) from .env -- tip: 🔐 prevent building .env in docker: https://dotenvx.com/prebuild"}
{"timestamp":"2026-06-09T04:41:15.594Z","level":"LOG","message":"[dotenv@17.3.1] injecting env (0) from .env -- tip: 🛠️  run anywhere with `dotenvx run -- yourcommand`"}
{"timestamp":"2026-06-09T04:41:15.964Z","level":"LOG","message":"✅ DB Connected"}
{"timestamp":"2026-06-09T04:41:16.074Z","level":"LOG","message":"✅ Tables Synced"}
{"timestamp":"2026-06-09T04:41:16.088Z","level":"LOG","message":"🚀 Server running on port 9001"}
{"timestamp":"2026-06-09T06:01:39.284Z","level":"LOG","message":"[dotenv@17.3.1] injecting env (21) from .env -- tip: ⚙️  suppress all logs with { quiet: true }"}
{"timestamp":"2026-06-09T06:01:39.571Z","level":"LOG","message":"[dotenv@17.3.1] injecting env (0) from .env -- tip: ⚙️  suppress all logs with { quiet: true }"}
{"timestamp":"2026-06-09T06:01:39.963Z","level":"LOG","message":"[dotenv@17.3.1] injecting env (0) from .env -- tip: 🔐 encrypt with Dotenvx: https://dotenvx.com"}
{"timestamp":"2026-06-09T06:01:40.350Z","level":"LOG","message":"✅ DB Connected"}
{"timestamp":"2026-06-09T06:01:40.463Z","level":"LOG","message":"✅ Tables Synced"}
{"timestamp":"2026-06-09T06:01:40.478Z","level":"LOG","message":"🚀 Server running on port 9001"}
{"timestamp":"2026-06-09T06:06:21.306Z","level":"LOG","message":"SMS Response: {\"return\":true,\"request_id\":\"S9jzEj6fIpnsuyq\",\"message\":[\"SMS sent successfully.\"]}"}
{"timestamp":"2026-06-09T06:06:26.164Z","level":"LOG","message":"SMS DLR (after await):\n{\n  \"success\": true,\n  \"message\": \"DLR found successfully.\",\n  \"data\": [\n    {\n      \"request_id\": \"S9jzEj6fIpnsuyq\",\n      \"route\": \"dlt\",\n      \"delivery_status\": [\n        {\n          \"sender_id\": \"SHOPHN\",\n          \"mobile\": 6383991532,\n          \"status\": \"Sent\",\n          \"status_description\": \"Delivered successfully\",\n          \"dlr_attempt\": 1,\n          \"sms_language\": \"english\",\n          \"character_count\": 65,\n          \"sms_count\": 1,\n          \"amount_debited\": \"0.2500\",\n          \"sent_timestamp\": 1780985181,\n          \"sent_time\": \"09-06-2026 06:06:21 AM\"\n        }\n      ]\n    }\n  ]\n}"}
{"timestamp":"2026-06-09T06:06:35.424Z","level":"LOG","message":"Decoded user: {\"id\":18,\"phone\":\"6383991532\",\"iat\":1780985194,\"exp\":1781589994}"}
{"timestamp":"2026-06-09T06:06:35.424Z","level":"LOG","message":"REQ USER: {\"id\":18,\"phone\":\"6383991532\",\"iat\":1780985194,\"exp\":1781589994}"}
{"timestamp":"2026-06-09T06:06:35.501Z","level":"LOG","message":"Decoded user: {\"id\":18,\"phone\":\"6383991532\",\"iat\":1780985194,\"exp\":1781589994}"}
{"timestamp":"2026-06-09T06:06:35.501Z","level":"LOG","message":"REQ USER: {\"id\":18,\"phone\":\"6383991532\",\"iat\":1780985194,\"exp\":1781589994}"}
{"timestamp":"2026-06-09T06:07:06.365Z","level":"LOG","message":"Decoded user: {\"id\":18,\"phone\":\"6383991532\",\"iat\":1780985194,\"exp\":1781589994}"}
{"timestamp":"2026-06-09T06:07:06.406Z","level":"LOG","message":"Decoded user: {\"id\":18,\"phone\":\"6383991532\",\"iat\":1780985194,\"exp\":1781589994}"}
{"timestamp":"2026-06-09T06:07:34.635Z","level":"LOG","message":"Decoded user: {\"id\":18,\"phone\":\"6383991532\",\"iat\":1780985194,\"exp\":1781589994}"}
{"timestamp":"2026-06-09T06:07:34.636Z","level":"LOG","message":"REQ USER: {\"id\":18,\"phone\":\"6383991532\",\"iat\":1780985194,\"exp\":1781589994}"}
{"timestamp":"2026-06-09T06:07:52.656Z","level":"LOG","message":"Decoded user: {\"id\":18,\"phone\":\"6383991532\",\"iat\":1780985194,\"exp\":1781589994}"}
{"timestamp":"2026-06-09T06:07:52.656Z","level":"LOG","message":"REQ USER: {\"id\":18,\"phone\":\"6383991532\",\"iat\":1780985194,\"exp\":1781589994}"}
{"timestamp":"2026-06-09T06:08:04.872Z","level":"LOG","message":"Decoded user: {\"id\":18,\"phone\":\"6383991532\",\"iat\":1780985194,\"exp\":1781589994}"}
{"timestamp":"2026-06-09T06:08:20.513Z","level":"LOG","message":"Decoded user: {\"id\":18,\"phone\":\"6383991532\",\"iat\":1780985194,\"exp\":1781589994}"}
{"timestamp":"2026-06-09T06:08:30.702Z","level":"LOG","message":"Decoded user: {\"id\":18,\"phone\":\"6383991532\",\"iat\":1780985194,\"exp\":1781589994}"}
{"timestamp":"2026-06-09T06:08:30.867Z","level":"LOG","message":"Decoded user: {\"id\":18,\"phone\":\"6383991532\",\"iat\":1780985194,\"exp\":1781589994}"}
{"timestamp":"2026-06-09T06:08:34.198Z","level":"LOG","message":"Decoded user: {\"id\":18,\"phone\":\"6383991532\",\"iat\":1780985194,\"exp\":1781589994}"}
{"timestamp":"2026-06-09T07:15:57.324Z","level":"LOG","message":"[dotenv@17.3.1] injecting env (21) from .env -- tip: ⚙️  enable debug logging with { debug: true }"}
{"timestamp":"2026-06-09T07:15:57.658Z","level":"LOG","message":"[dotenv@17.3.1] injecting env (0) from .env -- tip: 🔐 encrypt with Dotenvx: https://dotenvx.com"}
{"timestamp":"2026-06-09T07:15:58.116Z","level":"LOG","message":"[dotenv@17.3.1] injecting env (0) from .env -- tip: ⚙️  specify custom .env file path with { path: '/custom/path/.env' }"}
{"timestamp":"2026-06-09T07:15:58.441Z","level":"LOG","message":"✅ DB Connected"}
{"timestamp":"2026-06-09T07:15:58.536Z","level":"LOG","message":"✅ Tables Synced"}
{"timestamp":"2026-06-09T07:15:58.552Z","level":"LOG","message":"🚀 Server running on port 9001"}
{"timestamp":"2026-06-09T08:20:10.323Z","level":"LOG","message":"[dotenv@17.3.1] injecting env (21) from .env -- tip: ⚡️ secrets for agents: https://dotenvx.com/as2"}
{"timestamp":"2026-06-09T08:20:10.695Z","level":"LOG","message":"[dotenv@17.3.1] injecting env (0) from .env -- tip: 🔐 prevent committing .env to code: https://dotenvx.com/precommit"}
{"timestamp":"2026-06-09T08:20:11.217Z","level":"LOG","message":"[dotenv@17.3.1] injecting env (0) from .env -- tip: ⚙️  suppress all logs with { quiet: true }"}
{"timestamp":"2026-06-09T08:20:11.575Z","level":"LOG","message":"✅ DB Connected"}
{"timestamp":"2026-06-09T08:20:11.671Z","level":"LOG","message":"✅ Tables Synced"}
{"timestamp":"2026-06-09T08:20:11.685Z","level":"LOG","message":"🚀 Server running on port 9001"}
{"timestamp":"2026-06-09T09:41:21.270Z","level":"LOG","message":"[dotenv@17.3.1] injecting env (21) from .env -- tip: ⚙️  enable debug logging with { debug: true }"}
{"timestamp":"2026-06-09T09:41:21.630Z","level":"LOG","message":"[dotenv@17.3.1] injecting env (0) from .env -- tip: 🛡️ auth for agents: https://vestauth.com"}
{"timestamp":"2026-06-09T09:41:22.131Z","level":"LOG","message":"[dotenv@17.3.1] injecting env (0) from .env -- tip: ⚙️  load multiple .env files with { path: ['.env.local', '.env'] }"}
{"timestamp":"2026-06-09T09:41:22.534Z","level":"LOG","message":"✅ DB Connected"}
{"timestamp":"2026-06-09T09:41:22.625Z","level":"LOG","message":"✅ Tables Synced"}
{"timestamp":"2026-06-09T09:41:22.639Z","level":"LOG","message":"🚀 Server running on port 9001"}
{"timestamp":"2026-06-09T10:47:17.792Z","level":"LOG","message":"[dotenv@17.3.1] injecting env (21) from .env -- tip: ⚙️  load multiple .env files with { path: ['.env.local', '.env'] }"}
{"timestamp":"2026-06-09T10:47:18.272Z","level":"LOG","message":"[dotenv@17.3.1] injecting env (0) from .env -- tip: 🔐 prevent building .env in docker: https://dotenvx.com/prebuild"}
{"timestamp":"2026-06-09T10:47:18.865Z","level":"LOG","message":"[dotenv@17.3.1] injecting env (0) from .env -- tip: ⚡️ secrets for agents: https://dotenvx.com/as2"}
{"timestamp":"2026-06-09T10:47:19.360Z","level":"LOG","message":"✅ DB Connected"}
{"timestamp":"2026-06-09T10:47:19.522Z","level":"LOG","message":"✅ Tables Synced"}
{"timestamp":"2026-06-09T10:47:19.542Z","level":"LOG","message":"🚀 Server running on port 9001"}
{"timestamp":"2026-06-09T11:48:04.926Z","level":"LOG","message":"[dotenv@17.3.1] injecting env (21) from .env -- tip: 🔐 prevent committing .env to code: https://dotenvx.com/precommit"}
{"timestamp":"2026-06-09T11:48:05.441Z","level":"LOG","message":"[dotenv@17.3.1] injecting env (0) from .env -- tip: ⚡️ secrets for agents: https://dotenvx.com/as2"}
{"timestamp":"2026-06-09T11:48:06.093Z","level":"LOG","message":"[dotenv@17.3.1] injecting env (0) from .env -- tip: 🔐 prevent building .env in docker: https://dotenvx.com/prebuild"}
{"timestamp":"2026-06-09T11:48:06.601Z","level":"LOG","message":"✅ DB Connected"}
{"timestamp":"2026-06-09T11:48:06.762Z","level":"LOG","message":"✅ Tables Synced"}
{"timestamp":"2026-06-09T11:48:06.778Z","level":"LOG","message":"🚀 Server running on port 9001"}
{"timestamp":"2026-06-09T11:56:37.879Z","level":"LOG","message":"FILES 👉 {\"image\":[{\"fieldname\":\"image\",\"originalname\":\"premium-610bt-usb-fm-sd-aux-bluetooth-wireless-with-phone-caller-original-imahk8d5tp57vevt (1).jpeg\",\"encoding\":\"7bit\",\"mimetype\":\"image/jpeg\",\"destination\":\"/home/u823569727/domains/api.shop99.co.in/nodejs/uploads\",\"filename\":\"1781006197836-premium-610bt-usb-fm-sd-aux-bluetooth-wireless-with-phone-caller-original-imahk8d5tp57vevt (1).jpeg\",\"path\":\"/home/u823569727/domains/api.shop99.co.in/nodejs/uploads/1781006197836-premium-610bt-usb-fm-sd-aux-bluetooth-wireless-with-phone-caller-original-imahk8d5tp57vevt (1).jpeg\",\"size\":132611}]}"}
{"timestamp":"2026-06-09T12:39:33.595Z","level":"LOG","message":"FILES 👉 {\"image\":[{\"fieldname\":\"image\",\"originalname\":\"dual-usb-bluetooth-sd-aux-fm-mp3-punkmetal-original-imahk8f6tj9xjpqg.jpeg\",\"encoding\":\"7bit\",\"mimetype\":\"image/jpeg\",\"destination\":\"/home/u823569727/domains/api.shop99.co.in/nodejs/uploads\",\"filename\":\"1781008773584-dual-usb-bluetooth-sd-aux-fm-mp3-punkmetal-original-imahk8f6tj9xjpqg.jpeg\",\"path\":\"/home/u823569727/domains/api.shop99.co.in/nodejs/uploads/1781008773584-dual-usb-bluetooth-sd-aux-fm-mp3-punkmetal-original-imahk8f6tj9xjpqg.jpeg\",\"size\":110890}]}"}
{"timestamp":"2026-06-09T12:49:02.710Z","level":"LOG","message":"[dotenv@17.3.1] injecting env (21) from .env -- tip: 🔐 prevent committing .env to code: https://dotenvx.com/precommit"}
{"timestamp":"2026-06-09T12:49:03.131Z","level":"LOG","message":"[dotenv@17.3.1] injecting env (0) from .env -- tip: ⚙️  suppress all logs with { quiet: true }"}
{"timestamp":"2026-06-09T12:49:03.611Z","level":"LOG","message":"[dotenv@17.3.1] injecting env (0) from .env -- tip: ⚙️  override existing env vars with { override: true }"}
{"timestamp":"2026-06-09T12:49:03.974Z","level":"LOG","message":"✅ DB Connected"}
{"timestamp":"2026-06-09T12:49:04.066Z","level":"LOG","message":"✅ Tables Synced"}
{"timestamp":"2026-06-09T12:49:04.079Z","level":"LOG","message":"🚀 Server running on port 9001"}
{"timestamp":"2026-06-09T14:00:38.644Z","level":"LOG","message":"[dotenv@17.3.1] injecting env (21) from .env -- tip: 🛡️ auth for agents: https://vestauth.com"}
{"timestamp":"2026-06-09T14:00:38.939Z","level":"LOG","message":"[dotenv@17.3.1] injecting env (0) from .env -- tip: 🛡️ auth for agents: https://vestauth.com"}
{"timestamp":"2026-06-09T14:00:39.349Z","level":"LOG","message":"[dotenv@17.3.1] injecting env (0) from .env -- tip: ⚙️  write to custom object with { processEnv: myObject }"}
{"timestamp":"2026-06-09T14:00:39.749Z","level":"LOG","message":"✅ DB Connected"}
{"timestamp":"2026-06-09T14:00:39.821Z","level":"LOG","message":"✅ Tables Synced"}
{"timestamp":"2026-06-09T14:00:39.830Z","level":"LOG","message":"🚀 Server running on port 9001"}
{"timestamp":"2026-06-09T15:04:53.886Z","level":"LOG","message":"[dotenv@17.3.1] injecting env (21) from .env -- tip: ⚙️  specify custom .env file path with { path: '/custom/path/.env' }"}
{"timestamp":"2026-06-09T15:04:54.221Z","level":"LOG","message":"[dotenv@17.3.1] injecting env (0) from .env -- tip: 🔐 prevent building .env in docker: https://dotenvx.com/prebuild"}
{"timestamp":"2026-06-09T15:04:54.651Z","level":"LOG","message":"[dotenv@17.3.1] injecting env (0) from .env -- tip: ⚙️  enable debug logging with { debug: true }"}
{"timestamp":"2026-06-09T15:04:54.947Z","level":"LOG","message":"✅ DB Connected"}
{"timestamp":"2026-06-09T15:04:55.019Z","level":"LOG","message":"✅ Tables Synced"}
{"timestamp":"2026-06-09T15:04:55.028Z","level":"LOG","message":"🚀 Server running on port 9001"}
{"timestamp":"2026-06-09T16:08:20.114Z","level":"LOG","message":"[dotenv@17.3.1] injecting env (21) from .env -- tip: 🛠️  run anywhere with `dotenvx run -- yourcommand`"}
{"timestamp":"2026-06-09T16:08:20.478Z","level":"LOG","message":"[dotenv@17.3.1] injecting env (0) from .env -- tip: 🔐 encrypt with Dotenvx: https://dotenvx.com"}
{"timestamp":"2026-06-09T16:08:20.957Z","level":"LOG","message":"[dotenv@17.3.1] injecting env (0) from .env -- tip: ⚙️  write to custom object with { processEnv: myObject }"}
{"timestamp":"2026-06-09T16:08:21.314Z","level":"LOG","message":"✅ DB Connected"}
{"timestamp":"2026-06-09T16:08:21.405Z","level":"LOG","message":"✅ Tables Synced"}
{"timestamp":"2026-06-09T16:08:21.419Z","level":"LOG","message":"🚀 Server running on port 9001"}
{"timestamp":"2026-06-09T17:18:22.820Z","level":"LOG","message":"[dotenv@17.3.1] injecting env (21) from .env -- tip: ⚙️  suppress all logs with { quiet: true }"}
{"timestamp":"2026-06-09T17:18:23.126Z","level":"LOG","message":"[dotenv@17.3.1] injecting env (0) from .env -- tip: ⚙️  load multiple .env files with { path: ['.env.local', '.env'] }"}
{"timestamp":"2026-06-09T17:18:23.506Z","level":"LOG","message":"[dotenv@17.3.1] injecting env (0) from .env -- tip: ⚙️  suppress all logs with { quiet: true }"}
{"timestamp":"2026-06-09T17:18:23.872Z","level":"LOG","message":"✅ DB Connected"}
{"timestamp":"2026-06-09T17:18:23.967Z","level":"LOG","message":"✅ Tables Synced"}
{"timestamp":"2026-06-09T17:18:23.977Z","level":"LOG","message":"🚀 Server running on port 9001"}
{"timestamp":"2026-06-09T17:55:32.996Z","level":"LOG","message":"[dotenv@17.3.1] injecting env (21) from .env -- tip: 🔐 prevent building .env in docker: https://dotenvx.com/prebuild"}
{"timestamp":"2026-06-09T17:55:33.279Z","level":"LOG","message":"[dotenv@17.3.1] injecting env (0) from .env -- tip: ⚙️  write to custom object with { processEnv: myObject }"}
{"timestamp":"2026-06-09T17:55:33.626Z","level":"LOG","message":"[dotenv@17.3.1] injecting env (0) from .env -- tip: 🤖 agentic secret storage: https://dotenvx.com/as2"}
{"timestamp":"2026-06-09T17:55:33.892Z","level":"LOG","message":"✅ DB Connected"}
{"timestamp":"2026-06-09T17:55:33.955Z","level":"LOG","message":"✅ Tables Synced"}
{"timestamp":"2026-06-09T17:55:33.965Z","level":"LOG","message":"🚀 Server running on port 9001"}
{"timestamp":"2026-06-09T19:14:13.295Z","level":"LOG","message":"[dotenv@17.3.1] injecting env (21) from .env -- tip: ⚡️ secrets for agents: https://dotenvx.com/as2"}
{"timestamp":"2026-06-09T19:14:13.643Z","level":"LOG","message":"[dotenv@17.3.1] injecting env (0) from .env -- tip: 🛡️ auth for agents: https://vestauth.com"}
{"timestamp":"2026-06-09T19:14:14.144Z","level":"LOG","message":"[dotenv@17.3.1] injecting env (0) from .env -- tip: 🤖 agentic secret storage: https://dotenvx.com/as2"}
{"timestamp":"2026-06-09T19:14:14.547Z","level":"LOG","message":"✅ DB Connected"}
{"timestamp":"2026-06-09T19:14:14.664Z","level":"LOG","message":"✅ Tables Synced"}
{"timestamp":"2026-06-09T19:14:14.679Z","level":"LOG","message":"🚀 Server running on port 9001"}
{"timestamp":"2026-06-09T21:07:46.246Z","level":"LOG","message":"[dotenv@17.3.1] injecting env (21) from .env -- tip: ⚙️  suppress all logs with { quiet: true }"}
{"timestamp":"2026-06-09T21:07:46.585Z","level":"LOG","message":"[dotenv@17.3.1] injecting env (0) from .env -- tip: 🔐 prevent building .env in docker: https://dotenvx.com/prebuild"}
{"timestamp":"2026-06-09T21:07:47.038Z","level":"LOG","message":"[dotenv@17.3.1] injecting env (0) from .env -- tip: 🔐 prevent committing .env to code: https://dotenvx.com/precommit"}
{"timestamp":"2026-06-09T21:07:47.400Z","level":"LOG","message":"✅ DB Connected"}
{"timestamp":"2026-06-09T21:07:47.488Z","level":"LOG","message":"✅ Tables Synced"}
{"timestamp":"2026-06-09T21:07:47.501Z","level":"LOG","message":"🚀 Server running on port 9001"}
{"timestamp":"2026-06-09T22:50:31.446Z","level":"LOG","message":"[dotenv@17.3.1] injecting env (21) from .env -- tip: 🛡️ auth for agents: https://vestauth.com"}
{"timestamp":"2026-06-09T22:50:31.743Z","level":"LOG","message":"[dotenv@17.3.1] injecting env (0) from .env -- tip: ⚡️ secrets for agents: https://dotenvx.com/as2"}
{"timestamp":"2026-06-09T22:50:32.156Z","level":"LOG","message":"[dotenv@17.3.1] injecting env (0) from .env -- tip: ⚙️  load multiple .env files with { path: ['.env.local', '.env'] }"}
{"timestamp":"2026-06-09T22:50:32.461Z","level":"LOG","message":"✅ DB Connected"}
{"timestamp":"2026-06-09T22:50:32.554Z","level":"LOG","message":"✅ Tables Synced"}
{"timestamp":"2026-06-09T22:50:32.568Z","level":"LOG","message":"🚀 Server running on port 9001"}
{"timestamp":"2026-06-10T00:10:12.691Z","level":"LOG","message":"[dotenv@17.3.1] injecting env (21) from .env -- tip: 🔐 encrypt with Dotenvx: https://dotenvx.com"}
{"timestamp":"2026-06-10T00:10:12.972Z","level":"LOG","message":"[dotenv@17.3.1] injecting env (0) from .env -- tip: ⚙️  load multiple .env files with { path: ['.env.local', '.env'] }"}
{"timestamp":"2026-06-10T00:10:13.321Z","level":"LOG","message":"[dotenv@17.3.1] injecting env (0) from .env -- tip: 🔐 prevent committing .env to code: https://dotenvx.com/precommit"}
{"timestamp":"2026-06-10T00:10:13.597Z","level":"LOG","message":"✅ DB Connected"}
{"timestamp":"2026-06-10T00:10:13.671Z","level":"LOG","message":"✅ Tables Synced"}
{"timestamp":"2026-06-10T00:10:13.682Z","level":"LOG","message":"🚀 Server running on port 9001"}
{"timestamp":"2026-06-10T01:51:03.459Z","level":"LOG","message":"[dotenv@17.3.1] injecting env (21) from .env -- tip: ⚡️ secrets for agents: https://dotenvx.com/as2"}
{"timestamp":"2026-06-10T01:51:03.807Z","level":"LOG","message":"[dotenv@17.3.1] injecting env (0) from .env -- tip: 🤖 agentic secret storage: https://dotenvx.com/as2"}
{"timestamp":"2026-06-10T01:51:04.229Z","level":"LOG","message":"[dotenv@17.3.1] injecting env (0) from .env -- tip: ⚙️  suppress all logs with { quiet: true }"}
{"timestamp":"2026-06-10T01:51:04.546Z","level":"LOG","message":"✅ DB Connected"}
{"timestamp":"2026-06-10T01:51:04.648Z","level":"LOG","message":"✅ Tables Synced"}
{"timestamp":"2026-06-10T01:51:04.662Z","level":"LOG","message":"🚀 Server running on port 9001"}
{"timestamp":"2026-06-10T03:04:09.368Z","level":"LOG","message":"[dotenv@17.3.1] injecting env (21) from .env -- tip: 🔐 encrypt with Dotenvx: https://dotenvx.com"}
{"timestamp":"2026-06-10T03:04:09.715Z","level":"LOG","message":"[dotenv@17.3.1] injecting env (0) from .env -- tip: ⚙️  specify custom .env file path with { path: '/custom/path/.env' }"}
{"timestamp":"2026-06-10T03:04:10.136Z","level":"LOG","message":"[dotenv@17.3.1] injecting env (0) from .env -- tip: ⚙️  override existing env vars with { override: true }"}
{"timestamp":"2026-06-10T03:04:10.494Z","level":"LOG","message":"✅ DB Connected"}
{"timestamp":"2026-06-10T03:04:10.576Z","level":"LOG","message":"✅ Tables Synced"}
{"timestamp":"2026-06-10T03:04:10.590Z","level":"LOG","message":"🚀 Server running on port 9001"}
{"timestamp":"2026-06-10T04:05:55.619Z","level":"LOG","message":"[dotenv@17.3.1] injecting env (21) from .env -- tip: ⚙️  write to custom object with { processEnv: myObject }"}
{"timestamp":"2026-06-10T04:05:55.984Z","level":"LOG","message":"[dotenv@17.3.1] injecting env (0) from .env -- tip: 🤖 agentic secret storage: https://dotenvx.com/as2"}
{"timestamp":"2026-06-10T04:05:56.415Z","level":"LOG","message":"[dotenv@17.3.1] injecting env (0) from .env -- tip: ⚙️  override existing env vars with { override: true }"}
{"timestamp":"2026-06-10T04:05:56.741Z","level":"LOG","message":"✅ DB Connected"}
{"timestamp":"2026-06-10T04:05:56.829Z","level":"LOG","message":"✅ Tables Synced"}
{"timestamp":"2026-06-10T04:05:56.838Z","level":"LOG","message":"🚀 Server running on port 9001"}
{"timestamp":"2026-06-10T05:08:33.996Z","level":"LOG","message":"[dotenv@17.3.1] injecting env (21) from .env -- tip: ⚙️  write to custom object with { processEnv: myObject }"}
{"timestamp":"2026-06-10T05:08:34.351Z","level":"LOG","message":"[dotenv@17.3.1] injecting env (0) from .env -- tip: ⚙️  load multiple .env files with { path: ['.env.local', '.env'] }"}
{"timestamp":"2026-06-10T05:08:34.828Z","level":"LOG","message":"[dotenv@17.3.1] injecting env (0) from .env -- tip: 🤖 agentic secret storage: https://dotenvx.com/as2"}
{"timestamp":"2026-06-10T05:08:35.212Z","level":"LOG","message":"✅ DB Connected"}
{"timestamp":"2026-06-10T05:08:35.318Z","level":"LOG","message":"✅ Tables Synced"}
{"timestamp":"2026-06-10T05:08:35.328Z","level":"LOG","message":"🚀 Server running on port 9001"}
{"timestamp":"2026-06-10T06:09:02.519Z","level":"LOG","message":"[dotenv@17.3.1] injecting env (21) from .env -- tip: ⚙️  load multiple .env files with { path: ['.env.local', '.env'] }"}
{"timestamp":"2026-06-10T06:09:03.014Z","level":"LOG","message":"[dotenv@17.3.1] injecting env (0) from .env -- tip: ⚙️  suppress all logs with { quiet: true }"}
{"timestamp":"2026-06-10T06:09:03.600Z","level":"LOG","message":"[dotenv@17.3.1] injecting env (0) from .env -- tip: 🔐 encrypt with Dotenvx: https://dotenvx.com"}
{"timestamp":"2026-06-10T06:09:04.015Z","level":"LOG","message":"✅ DB Connected"}
{"timestamp":"2026-06-10T06:09:04.116Z","level":"LOG","message":"✅ Tables Synced"}
{"timestamp":"2026-06-10T06:09:04.130Z","level":"LOG","message":"🚀 Server running on port 9001"}
{"timestamp":"2026-06-10T07:32:12.371Z","level":"LOG","message":"[dotenv@17.3.1] injecting env (21) from .env -- tip: ⚙️  load multiple .env files with { path: ['.env.local', '.env'] }"}
{"timestamp":"2026-06-10T07:32:12.969Z","level":"LOG","message":"[dotenv@17.3.1] injecting env (0) from .env -- tip: ⚙️  specify custom .env file path with { path: '/custom/path/.env' }"}
{"timestamp":"2026-06-10T07:32:13.800Z","level":"LOG","message":"[dotenv@17.3.1] injecting env (0) from .env -- tip: ⚙️  suppress all logs with { quiet: true }"}
{"timestamp":"2026-06-10T07:32:14.454Z","level":"LOG","message":"✅ DB Connected"}
{"timestamp":"2026-06-10T07:32:15.113Z","level":"LOG","message":"✅ Tables Synced"}
{"timestamp":"2026-06-10T07:32:15.133Z","level":"LOG","message":"🚀 Server running on port 9001"}
{"timestamp":"2026-06-10T08:53:13.618Z","level":"LOG","message":"[dotenv@17.3.1] injecting env (21) from .env -- tip: 🔐 prevent committing .env to code: https://dotenvx.com/precommit"}
{"timestamp":"2026-06-10T08:53:13.972Z","level":"LOG","message":"[dotenv@17.3.1] injecting env (0) from .env -- tip: 🛠️  run anywhere with `dotenvx run -- yourcommand`"}
{"timestamp":"2026-06-10T08:53:14.448Z","level":"LOG","message":"[dotenv@17.3.1] injecting env (0) from .env -- tip: 🔐 encrypt with Dotenvx: https://dotenvx.com"}
{"timestamp":"2026-06-10T08:53:14.862Z","level":"LOG","message":"✅ DB Connected"}
{"timestamp":"2026-06-10T08:53:14.964Z","level":"LOG","message":"✅ Tables Synced"}
{"timestamp":"2026-06-10T08:53:14.978Z","level":"LOG","message":"🚀 Server running on port 9001"}
{"timestamp":"2026-06-10T08:53:45.867Z","level":"LOG","message":"SMS Response: {\"return\":true,\"request_id\":\"S4GSQzsBrA9WGpN\",\"message\":[\"SMS sent successfully.\"]}"}
{"timestamp":"2026-06-10T08:53:50.305Z","level":"LOG","message":"SMS DLR (after await):\n{\n  \"success\": true,\n  \"message\": \"DLR found successfully.\",\n  \"data\": [\n    {\n      \"request_id\": \"S4GSQzsBrA9WGpN\",\n      \"route\": \"dlt\",\n      \"delivery_status\": [\n        {\n          \"sender_id\": \"SHOPHN\",\n          \"mobile\": 9623848016,\n          \"status\": \"Sent\",\n          \"status_description\": \"Delivered successfully\",\n          \"dlr_attempt\": 1,\n          \"sms_language\": \"english\",\n          \"character_count\": 65,\n          \"sms_count\": 1,\n          \"amount_debited\": \"0.2500\",\n          \"sent_timestamp\": 1781081626,\n          \"sent_time\": \"10-06-2026 08:53:46 AM\"\n        }\n      ]\n    }\n  ]\n}"}
{"timestamp":"2026-06-10T08:54:41.135Z","level":"LOG","message":"SMS Response: {\"return\":true,\"request_id\":\"S0DC2t8AMaRBpKa\",\"message\":[\"SMS sent successfully.\"]}"}
{"timestamp":"2026-06-10T08:54:45.514Z","level":"LOG","message":"SMS DLR (after await):\n{\n  \"success\": true,\n  \"message\": \"DLR found successfully.\",\n  \"data\": [\n    {\n      \"request_id\": \"S0DC2t8AMaRBpKa\",\n      \"route\": \"dlt\",\n      \"delivery_status\": [\n        {\n          \"sender_id\": \"SHOPHN\",\n          \"mobile\": 9623848016,\n          \"status\": \"Sent\",\n          \"status_description\": \"Delivered successfully\",\n          \"dlr_attempt\": 1,\n          \"sms_language\": \"english\",\n          \"character_count\": 65,\n          \"sms_count\": 1,\n          \"amount_debited\": \"0.2500\",\n          \"sent_timestamp\": 1781081682,\n          \"sent_time\": \"10-06-2026 08:54:42 AM\"\n        }\n      ]\n    }\n  ]\n}"}
{"timestamp":"2026-06-10T08:55:16.443Z","level":"LOG","message":"Decoded user: {\"id\":22,\"phone\":\"9623848016\",\"iat\":1781081714,\"exp\":1781686514}"}
{"timestamp":"2026-06-10T08:55:16.443Z","level":"LOG","message":"REQ USER: {\"id\":22,\"phone\":\"9623848016\",\"iat\":1781081714,\"exp\":1781686514}"}
{"timestamp":"2026-06-10T08:55:16.724Z","level":"LOG","message":"Decoded user: {\"id\":22,\"phone\":\"9623848016\",\"iat\":1781081714,\"exp\":1781686514}"}
{"timestamp":"2026-06-10T08:55:16.724Z","level":"LOG","message":"REQ USER: {\"id\":22,\"phone\":\"9623848016\",\"iat\":1781081714,\"exp\":1781686514}"}
{"timestamp":"2026-06-10T08:55:21.114Z","level":"LOG","message":"Decoded user: {\"id\":22,\"phone\":\"9623848016\",\"iat\":1781081714,\"exp\":1781686514}"}
{"timestamp":"2026-06-10T08:55:21.170Z","level":"LOG","message":"Decoded user: {\"id\":22,\"phone\":\"9623848016\",\"iat\":1781081714,\"exp\":1781686514}"}
{"timestamp":"2026-06-10T08:55:41.473Z","level":"LOG","message":"Decoded user: {\"id\":22,\"phone\":\"9623848016\",\"iat\":1781081714,\"exp\":1781686514}"}
{"timestamp":"2026-06-10T08:55:41.511Z","level":"LOG","message":"Decoded user: {\"id\":22,\"phone\":\"9623848016\",\"iat\":1781081714,\"exp\":1781686514}"}
{"timestamp":"2026-06-10T08:55:42.387Z","level":"LOG","message":"Decoded user: {\"id\":22,\"phone\":\"9623848016\",\"iat\":1781081714,\"exp\":1781686514}"}
{"timestamp":"2026-06-10T08:55:42.387Z","level":"LOG","message":"REQ USER: {\"id\":22,\"phone\":\"9623848016\",\"iat\":1781081714,\"exp\":1781686514}"}
{"timestamp":"2026-06-10T08:55:45.933Z","level":"LOG","message":"Decoded user: {\"id\":22,\"phone\":\"9623848016\",\"iat\":1781081714,\"exp\":1781686514}"}
{"timestamp":"2026-06-10T08:55:45.933Z","level":"LOG","message":"REQ USER: {\"id\":22,\"phone\":\"9623848016\",\"iat\":1781081714,\"exp\":1781686514}"}
{"timestamp":"2026-06-10T08:55:49.673Z","level":"LOG","message":"Decoded user: {\"id\":22,\"phone\":\"9623848016\",\"iat\":1781081714,\"exp\":1781686514}"}
{"timestamp":"2026-06-10T08:55:49.674Z","level":"LOG","message":"REQ USER: {\"id\":22,\"phone\":\"9623848016\",\"iat\":1781081714,\"exp\":1781686514}"}
{"timestamp":"2026-06-10T08:55:53.266Z","level":"LOG","message":"Decoded user: {\"id\":22,\"phone\":\"9623848016\",\"iat\":1781081714,\"exp\":1781686514}"}
{"timestamp":"2026-06-10T08:55:53.266Z","level":"LOG","message":"REQ USER: {\"id\":22,\"phone\":\"9623848016\",\"iat\":1781081714,\"exp\":1781686514}"}
{"timestamp":"2026-06-10T08:55:53.758Z","level":"LOG","message":"Decoded user: {\"id\":22,\"phone\":\"9623848016\",\"iat\":1781081714,\"exp\":1781686514}"}
{"timestamp":"2026-06-10T08:55:53.758Z","level":"LOG","message":"REQ USER: {\"id\":22,\"phone\":\"9623848016\",\"iat\":1781081714,\"exp\":1781686514}"}
{"timestamp":"2026-06-10T09:49:27.213Z","level":"LOG","message":"FILES 👉 {\"image\":[{\"fieldname\":\"image\",\"originalname\":\"androidify-3rdgeneration-bass-blaster-9-inch-q-led-car-play-2gb-original-imah6nnnzhgchdkh.jpeg\",\"encoding\":\"7bit\",\"mimetype\":\"image/jpeg\",\"destination\":\"/home/u823569727/domains/api.shop99.co.in/nodejs/uploads\",\"filename\":\"1781084967160-androidify-3rdgeneration-bass-blaster-9-inch-q-led-car-play-2gb-original-imah6nnnzhgchdkh.jpeg\",\"path\":\"/home/u823569727/domains/api.shop99.co.in/nodejs/uploads/1781084967160-androidify-3rdgeneration-bass-blaster-9-inch-q-led-car-play-2gb-original-imah6nnnzhgchdkh.jpeg\",\"size\":199207}]}"}
{"timestamp":"2026-06-10T09:58:14.493Z","level":"LOG","message":"[dotenv@17.3.1] injecting env (21) from .env -- tip: ⚙️  specify custom .env file path with { path: '/custom/path/.env' }"}
{"timestamp":"2026-06-10T09:58:14.903Z","level":"LOG","message":"[dotenv@17.3.1] injecting env (0) from .env -- tip: ⚡️ secrets for agents: https://dotenvx.com/as2"}
{"timestamp":"2026-06-10T09:58:15.453Z","level":"LOG","message":"[dotenv@17.3.1] injecting env (0) from .env -- tip: 🛡️ auth for agents: https://vestauth.com"}
{"timestamp":"2026-06-10T09:58:15.821Z","level":"LOG","message":"✅ DB Connected"}
{"timestamp":"2026-06-10T09:58:15.926Z","level":"LOG","message":"✅ Tables Synced"}
{"timestamp":"2026-06-10T09:58:15.939Z","level":"LOG","message":"🚀 Server running on port 9001"}
{"timestamp":"2026-06-10T10:47:25.622Z","level":"LOG","message":"FILES 👉 {\"image\":[{\"fieldname\":\"image\",\"originalname\":\"sf-0013-black-bluetooth-usb-sd-aux-fm-mp3-sound-fire-original-imahk8hq74hvhghp.jpeg\",\"encoding\":\"7bit\",\"mimetype\":\"image/jpeg\",\"destination\":\"/home/u823569727/domains/api.shop99.co.in/nodejs/uploads\",\"filename\":\"1781088445596-sf-0013-black-bluetooth-usb-sd-aux-fm-mp3-sound-fire-original-imahk8hq74hvhghp.jpeg\",\"path\":\"/home/u823569727/domains/api.shop99.co.in/nodejs/uploads/1781088445596-sf-0013-black-bluetooth-usb-sd-aux-fm-mp3-sound-fire-original-imahk8hq74hvhghp.jpeg\",\"size\":115587}]}"}
{"timestamp":"2026-06-10T11:13:51.824Z","level":"LOG","message":"[dotenv@17.3.1] injecting env (21) from .env -- tip: 🔐 prevent committing .env to code: https://dotenvx.com/precommit"}
{"timestamp":"2026-06-10T11:13:52.415Z","level":"LOG","message":"[dotenv@17.3.1] injecting env (0) from .env -- tip: 🔐 encrypt with Dotenvx: https://dotenvx.com"}
{"timestamp":"2026-06-10T11:13:52.904Z","level":"LOG","message":"[dotenv@17.3.1] injecting env (0) from .env -- tip: 🛡️ auth for agents: https://vestauth.com"}
{"timestamp":"2026-06-10T11:13:53.394Z","level":"LOG","message":"✅ DB Connected"}
{"timestamp":"2026-06-10T11:13:53.536Z","level":"LOG","message":"✅ Tables Synced"}
{"timestamp":"2026-06-10T11:13:53.551Z","level":"LOG","message":"🚀 Server running on port 9001"}
{"timestamp":"2026-06-10T12:09:50.346Z","level":"LOG","message":"Decoded user: {\"id\":12,\"phone\":\"8950299308\",\"iat\":1780642744,\"exp\":1781247544}"}
{"timestamp":"2026-06-10T12:09:50.347Z","level":"LOG","message":"REQ USER: {\"id\":12,\"phone\":\"8950299308\",\"iat\":1780642744,\"exp\":1781247544}"}
{"timestamp":"2026-06-10T12:09:50.631Z","level":"LOG","message":"Decoded user: {\"id\":12,\"phone\":\"8950299308\",\"iat\":1780642744,\"exp\":1781247544}"}
{"timestamp":"2026-06-10T12:09:50.631Z","level":"LOG","message":"REQ USER: {\"id\":12,\"phone\":\"8950299308\",\"iat\":1780642744,\"exp\":1781247544}"}
{"timestamp":"2026-06-10T12:14:42.873Z","level":"LOG","message":"[dotenv@17.3.1] injecting env (21) from .env -- tip: ⚡️ secrets for agents: https://dotenvx.com/as2"}
{"timestamp":"2026-06-10T12:14:43.216Z","level":"LOG","message":"[dotenv@17.3.1] injecting env (0) from .env -- tip: ⚡️ secrets for agents: https://dotenvx.com/as2"}
{"timestamp":"2026-06-10T12:14:43.682Z","level":"LOG","message":"[dotenv@17.3.1] injecting env (0) from .env -- tip: 🤖 agentic secret storage: https://dotenvx.com/as2"}
{"timestamp":"2026-06-10T12:14:44.091Z","level":"LOG","message":"✅ DB Connected"}
{"timestamp":"2026-06-10T12:14:44.209Z","level":"LOG","message":"✅ Tables Synced"}
{"timestamp":"2026-06-10T12:14:44.223Z","level":"LOG","message":"🚀 Server running on port 9001"}
{"timestamp":"2026-06-10T12:17:48.225Z","level":"LOG","message":"FILES 👉 {\"image\":[{\"fieldname\":\"image\",\"originalname\":\"lodgy-9-inch-frame-for-android-sound-boss-original-imahc4dm6tqsrdnj.jpeg\",\"encoding\":\"7bit\",\"mimetype\":\"image/jpeg\",\"destination\":\"/home/u823569727/domains/api.shop99.co.in/nodejs/uploads\",\"filename\":\"1781093868183-lodgy-9-inch-frame-for-android-sound-boss-original-imahc4dm6tqsrdnj.jpeg\",\"path\":\"/home/u823569727/domains/api.shop99.co.in/nodejs/uploads/1781093868183-lodgy-9-inch-frame-for-android-sound-boss-original-imahc4dm6tqsrdnj.jpeg\",\"size\":183107}]}"}
{"timestamp":"2026-06-10T12:28:06.392Z","level":"LOG","message":"FILES 👉 {\"image\":[{\"fieldname\":\"image\",\"originalname\":\"eon-9-inch-abs-frame-for-android-rockson-original-imagyh9jvff2rrhh.jpeg\",\"encoding\":\"7bit\",\"mimetype\":\"image/jpeg\",\"destination\":\"/home/u823569727/domains/api.shop99.co.in/nodejs/uploads\",\"filename\":\"1781094486367-eon-9-inch-abs-frame-for-android-rockson-original-imagyh9jvff2rrhh.jpeg\",\"path\":\"/home/u823569727/domains/api.shop99.co.in/nodejs/uploads/1781094486367-eon-9-inch-abs-frame-for-android-rockson-original-imagyh9jvff2rrhh.jpeg\",\"size\":147359}]}"}
{"timestamp":"2026-06-10T13:10:50.461Z","level":"LOG","message":"FILES 👉 {\"image\":[{\"fieldname\":\"image\",\"originalname\":\"rm-anu156-compatible-for-home-theater-system-bidas-original-imageyqtncrg8ufv.jpeg\",\"encoding\":\"7bit\",\"mimetype\":\"image/jpeg\",\"destination\":\"/home/u823569727/domains/api.shop99.co.in/nodejs/uploads\",\"filename\":\"1781097050448-rm-anu156-compatible-for-home-theater-system-bidas-original-imageyqtncrg8ufv.jpeg\",\"path\":\"/home/u823569727/domains/api.shop99.co.in/nodejs/uploads/1781097050448-rm-anu156-compatible-for-home-theater-system-bidas-original-imageyqtncrg8ufv.jpeg\",\"size\":63898}]}"}
{"timestamp":"2026-06-10T13:16:20.829Z","level":"LOG","message":"[dotenv@17.3.1] injecting env (21) from .env -- tip: 🛡️ auth for agents: https://vestauth.com"}
{"timestamp":"2026-06-10T13:16:21.265Z","level":"LOG","message":"[dotenv@17.3.1] injecting env (0) from .env -- tip: ⚙️  override existing env vars with { override: true }"}
{"timestamp":"2026-06-10T13:16:21.865Z","level":"LOG","message":"[dotenv@17.3.1] injecting env (0) from .env -- tip: 🔐 encrypt with Dotenvx: https://dotenvx.com"}
{"timestamp":"2026-06-10T13:16:22.337Z","level":"LOG","message":"✅ DB Connected"}
{"timestamp":"2026-06-10T13:16:22.518Z","level":"LOG","message":"✅ Tables Synced"}
{"timestamp":"2026-06-10T13:16:22.533Z","level":"LOG","message":"🚀 Server running on port 9001"}
{"timestamp":"2026-06-10T13:34:33.411Z","level":"LOG","message":"[dotenv@17.3.1] injecting env (21) from .env -- tip: ⚙️  specify custom .env file path with { path: '/custom/path/.env' }"}
{"timestamp":"2026-06-10T13:34:33.804Z","level":"LOG","message":"[dotenv@17.3.1] injecting env (0) from .env -- tip: 🛠️  run anywhere with `dotenvx run -- yourcommand`"}
{"timestamp":"2026-06-10T13:34:34.350Z","level":"LOG","message":"[dotenv@17.3.1] injecting env (0) from .env -- tip: 🔐 encrypt with Dotenvx: https://dotenvx.com"}
{"timestamp":"2026-06-10T13:34:34.790Z","level":"LOG","message":"✅ DB Connected"}
{"timestamp":"2026-06-10T13:34:34.915Z","level":"LOG","message":"✅ Tables Synced"}
{"timestamp":"2026-06-10T13:34:34.926Z","level":"LOG","message":"🚀 Server running on port 9001"}
{"timestamp":"2026-06-10T14:19:36.510Z","level":"LOG","message":"[dotenv@17.3.1] injecting env (21) from .env -- tip: ⚙️  load multiple .env files with { path: ['.env.local', '.env'] }"}
{"timestamp":"2026-06-10T14:19:36.919Z","level":"LOG","message":"[dotenv@17.3.1] injecting env (0) from .env -- tip: 🛡️ auth for agents: https://vestauth.com"}
{"timestamp":"2026-06-10T14:19:37.426Z","level":"LOG","message":"[dotenv@17.3.1] injecting env (0) from .env -- tip: ⚙️  enable debug logging with { debug: true }"}
{"timestamp":"2026-06-10T14:19:37.864Z","level":"LOG","message":"✅ DB Connected"}
{"timestamp":"2026-06-10T14:19:38.598Z","level":"LOG","message":"✅ Tables Synced"}
{"timestamp":"2026-06-10T14:19:38.612Z","level":"LOG","message":"🚀 Server running on port 9001"}
{"timestamp":"2026-06-10T15:33:13.215Z","level":"LOG","message":"[dotenv@17.3.1] injecting env (21) from .env -- tip: ⚙️  suppress all logs with { quiet: true }"}
{"timestamp":"2026-06-10T15:33:13.553Z","level":"LOG","message":"[dotenv@17.3.1] injecting env (0) from .env -- tip: ⚙️  write to custom object with { processEnv: myObject }"}
{"timestamp":"2026-06-10T15:33:13.981Z","level":"LOG","message":"[dotenv@17.3.1] injecting env (0) from .env -- tip: 🔐 prevent committing .env to code: https://dotenvx.com/precommit"}
{"timestamp":"2026-06-10T15:33:14.310Z","level":"LOG","message":"✅ DB Connected"}
{"timestamp":"2026-06-10T15:33:14.403Z","level":"LOG","message":"✅ Tables Synced"}
{"timestamp":"2026-06-10T15:33:14.417Z","level":"LOG","message":"🚀 Server running on port 9001"}
{"timestamp":"2026-06-10T16:16:38.956Z","level":"LOG","message":"[dotenv@17.3.1] injecting env (21) from .env -- tip: ⚡️ secrets for agents: https://dotenvx.com/as2"}
{"timestamp":"2026-06-10T16:16:39.346Z","level":"LOG","message":"[dotenv@17.3.1] injecting env (0) from .env -- tip: ⚙️  enable debug logging with { debug: true }"}
{"timestamp":"2026-06-10T16:16:39.876Z","level":"LOG","message":"[dotenv@17.3.1] injecting env (0) from .env -- tip: 🛡️ auth for agents: https://vestauth.com"}
{"timestamp":"2026-06-10T16:16:40.310Z","level":"LOG","message":"✅ DB Connected"}
{"timestamp":"2026-06-10T16:16:40.449Z","level":"LOG","message":"✅ Tables Synced"}
{"timestamp":"2026-06-10T16:16:40.464Z","level":"LOG","message":"🚀 Server running on port 9001"}
{"timestamp":"2026-06-10T16:40:47.677Z","level":"LOG","message":"[dotenv@17.3.1] injecting env (21) from .env -- tip: ⚙️  suppress all logs with { quiet: true }"}
{"timestamp":"2026-06-10T16:40:47.991Z","level":"LOG","message":"[dotenv@17.3.1] injecting env (0) from .env -- tip: ⚡️ secrets for agents: https://dotenvx.com/as2"}
{"timestamp":"2026-06-10T16:40:48.391Z","level":"LOG","message":"[dotenv@17.3.1] injecting env (0) from .env -- tip: 🤖 agentic secret storage: https://dotenvx.com/as2"}
{"timestamp":"2026-06-10T16:40:48.710Z","level":"LOG","message":"✅ DB Connected"}
{"timestamp":"2026-06-10T16:40:48.808Z","level":"LOG","message":"✅ Tables Synced"}
{"timestamp":"2026-06-10T16:40:48.822Z","level":"LOG","message":"🚀 Server running on port 9001"}
{"timestamp":"2026-06-10T17:41:03.858Z","level":"LOG","message":"[dotenv@17.3.1] injecting env (21) from .env -- tip: ⚙️  suppress all logs with { quiet: true }"}
{"timestamp":"2026-06-10T17:41:04.262Z","level":"LOG","message":"[dotenv@17.3.1] injecting env (0) from .env -- tip: ⚙️  override existing env vars with { override: true }"}
{"timestamp":"2026-06-10T17:41:04.732Z","level":"LOG","message":"[dotenv@17.3.1] injecting env (0) from .env -- tip: 🛡️ auth for agents: https://vestauth.com"}
{"timestamp":"2026-06-10T17:41:05.034Z","level":"LOG","message":"✅ DB Connected"}
{"timestamp":"2026-06-10T17:41:05.114Z","level":"LOG","message":"✅ Tables Synced"}
{"timestamp":"2026-06-10T17:41:05.123Z","level":"LOG","message":"🚀 Server running on port 9001"}
{"timestamp":"2026-06-10T19:03:07.103Z","level":"LOG","message":"[dotenv@17.3.1] injecting env (21) from .env -- tip: 🔐 prevent committing .env to code: https://dotenvx.com/precommit"}
{"timestamp":"2026-06-10T19:03:07.399Z","level":"LOG","message":"[dotenv@17.3.1] injecting env (0) from .env -- tip: 🛠️  run anywhere with `dotenvx run -- yourcommand`"}
{"timestamp":"2026-06-10T19:03:07.832Z","level":"LOG","message":"[dotenv@17.3.1] injecting env (0) from .env -- tip: ⚙️  suppress all logs with { quiet: true }"}
{"timestamp":"2026-06-10T19:03:08.213Z","level":"LOG","message":"✅ DB Connected"}
{"timestamp":"2026-06-10T19:03:08.331Z","level":"LOG","message":"✅ Tables Synced"}
{"timestamp":"2026-06-10T19:03:08.347Z","level":"LOG","message":"🚀 Server running on port 9001"}
{"timestamp":"2026-06-10T20:54:55.185Z","level":"LOG","message":"[dotenv@17.3.1] injecting env (21) from .env -- tip: ⚙️  write to custom object with { processEnv: myObject }"}
{"timestamp":"2026-06-10T20:54:55.512Z","level":"LOG","message":"[dotenv@17.3.1] injecting env (0) from .env -- tip: 🤖 agentic secret storage: https://dotenvx.com/as2"}
{"timestamp":"2026-06-10T20:54:55.944Z","level":"LOG","message":"[dotenv@17.3.1] injecting env (0) from .env -- tip: 🛡️ auth for agents: https://vestauth.com"}
{"timestamp":"2026-06-10T20:54:56.248Z","level":"LOG","message":"✅ DB Connected"}
{"timestamp":"2026-06-10T20:54:56.328Z","level":"LOG","message":"✅ Tables Synced"}
{"timestamp":"2026-06-10T20:54:56.340Z","level":"LOG","message":"🚀 Server running on port 9001"}
{"timestamp":"2026-06-10T21:14:38.729Z","level":"LOG","message":"[dotenv@17.3.1] injecting env (21) from .env -- tip: 🛠️  run anywhere with `dotenvx run -- yourcommand`"}
{"timestamp":"2026-06-10T21:14:39.056Z","level":"LOG","message":"[dotenv@17.3.1] injecting env (0) from .env -- tip: 🤖 agentic secret storage: https://dotenvx.com/as2"}
{"timestamp":"2026-06-10T21:14:39.502Z","level":"LOG","message":"[dotenv@17.3.1] injecting env (0) from .env -- tip: ⚡️ secrets for agents: https://dotenvx.com/as2"}
{"timestamp":"2026-06-10T21:14:39.884Z","level":"LOG","message":"✅ DB Connected"}
{"timestamp":"2026-06-10T21:14:39.995Z","level":"LOG","message":"✅ Tables Synced"}
{"timestamp":"2026-06-10T21:14:40.009Z","level":"LOG","message":"🚀 Server running on port 9001"}
{"timestamp":"2026-06-10T22:04:13.096Z","level":"LOG","message":"[dotenv@17.3.1] injecting env (21) from .env -- tip: ⚙️  write to custom object with { processEnv: myObject }"}
{"timestamp":"2026-06-10T22:04:13.392Z","level":"LOG","message":"[dotenv@17.3.1] injecting env (0) from .env -- tip: 🛠️  run anywhere with `dotenvx run -- yourcommand`"}
{"timestamp":"2026-06-10T22:04:13.773Z","level":"LOG","message":"[dotenv@17.3.1] injecting env (0) from .env -- tip: ⚙️  enable debug logging with { debug: true }"}
{"timestamp":"2026-06-10T22:04:14.073Z","level":"LOG","message":"✅ DB Connected"}
{"timestamp":"2026-06-10T22:04:14.164Z","level":"LOG","message":"✅ Tables Synced"}
{"timestamp":"2026-06-10T22:04:14.173Z","level":"LOG","message":"🚀 Server running on port 9001"}
{"timestamp":"2026-06-11T00:00:23.442Z","level":"LOG","message":"[dotenv@17.3.1] injecting env (21) from .env -- tip: ⚙️  override existing env vars with { override: true }"}
{"timestamp":"2026-06-11T00:00:23.744Z","level":"LOG","message":"[dotenv@17.3.1] injecting env (0) from .env -- tip: ⚙️  specify custom .env file path with { path: '/custom/path/.env' }"}
{"timestamp":"2026-06-11T00:00:24.132Z","level":"LOG","message":"[dotenv@17.3.1] injecting env (0) from .env -- tip: ⚙️  write to custom object with { processEnv: myObject }"}
{"timestamp":"2026-06-11T00:00:24.468Z","level":"LOG","message":"✅ DB Connected"}
{"timestamp":"2026-06-11T00:00:24.554Z","level":"LOG","message":"✅ Tables Synced"}
{"timestamp":"2026-06-11T00:00:24.564Z","level":"LOG","message":"🚀 Server running on port 9001"}
{"timestamp":"2026-06-11T01:58:11.438Z","level":"LOG","message":"[dotenv@17.3.1] injecting env (21) from .env -- tip: 🔐 encrypt with Dotenvx: https://dotenvx.com"}
{"timestamp":"2026-06-11T01:58:11.805Z","level":"LOG","message":"[dotenv@17.3.1] injecting env (0) from .env -- tip: ⚙️  load multiple .env files with { path: ['.env.local', '.env'] }"}
{"timestamp":"2026-06-11T01:58:12.308Z","level":"LOG","message":"[dotenv@17.3.1] injecting env (0) from .env -- tip: ⚙️  override existing env vars with { override: true }"}
{"timestamp":"2026-06-11T01:58:12.727Z","level":"LOG","message":"✅ DB Connected"}
{"timestamp":"2026-06-11T01:58:12.887Z","level":"LOG","message":"✅ Tables Synced"}
{"timestamp":"2026-06-11T01:58:12.903Z","level":"LOG","message":"🚀 Server running on port 9001"}
{"timestamp":"2026-06-11T04:09:08.650Z","level":"LOG","message":"[dotenv@17.3.1] injecting env (21) from .env -- tip: ⚙️  load multiple .env files with { path: ['.env.local', '.env'] }"}
{"timestamp":"2026-06-11T04:09:08.992Z","level":"LOG","message":"[dotenv@17.3.1] injecting env (0) from .env -- tip: 🔐 encrypt with Dotenvx: https://dotenvx.com"}
{"timestamp":"2026-06-11T04:09:09.373Z","level":"LOG","message":"[dotenv@17.3.1] injecting env (0) from .env -- tip: 🛡️ auth for agents: https://vestauth.com"}
{"timestamp":"2026-06-11T04:09:09.690Z","level":"LOG","message":"✅ DB Connected"}
{"timestamp":"2026-06-11T04:09:09.777Z","level":"LOG","message":"✅ Tables Synced"}
{"timestamp":"2026-06-11T04:09:09.791Z","level":"LOG","message":"🚀 Server running on port 9001"}
{"timestamp":"2026-06-11T05:19:09.862Z","level":"LOG","message":"[dotenv@17.3.1] injecting env (21) from .env -- tip: 🛡️ auth for agents: https://vestauth.com"}
{"timestamp":"2026-06-11T05:19:10.234Z","level":"LOG","message":"[dotenv@17.3.1] injecting env (0) from .env -- tip: ⚙️  write to custom object with { processEnv: myObject }"}
{"timestamp":"2026-06-11T05:19:10.690Z","level":"LOG","message":"[dotenv@17.3.1] injecting env (0) from .env -- tip: 🔐 prevent building .env in docker: https://dotenvx.com/prebuild"}
{"timestamp":"2026-06-11T05:19:11.037Z","level":"LOG","message":"✅ DB Connected"}
{"timestamp":"2026-06-11T05:19:11.136Z","level":"LOG","message":"✅ Tables Synced"}
{"timestamp":"2026-06-11T05:19:11.149Z","level":"LOG","message":"🚀 Server running on port 9001"}
{"timestamp":"2026-06-11T06:32:23.665Z","level":"LOG","message":"[dotenv@17.3.1] injecting env (21) from .env -- tip: ⚡️ secrets for agents: https://dotenvx.com/as2"}
{"timestamp":"2026-06-11T06:32:24.040Z","level":"LOG","message":"[dotenv@17.3.1] injecting env (0) from .env -- tip: 🛠️  run anywhere with `dotenvx run -- yourcommand`"}
{"timestamp":"2026-06-11T06:32:24.507Z","level":"LOG","message":"[dotenv@17.3.1] injecting env (0) from .env -- tip: ⚡️ secrets for agents: https://dotenvx.com/as2"}
{"timestamp":"2026-06-11T06:32:24.866Z","level":"LOG","message":"✅ DB Connected"}
{"timestamp":"2026-06-11T06:32:24.959Z","level":"LOG","message":"✅ Tables Synced"}
{"timestamp":"2026-06-11T06:32:24.970Z","level":"LOG","message":"🚀 Server running on port 9001"}
{"timestamp":"2026-06-11T06:32:25.270Z","level":"LOG","message":"Decoded user: {\"id\":20,\"phone\":\"7012543676\",\"iat\":1780684539,\"exp\":1781289339}"}
{"timestamp":"2026-06-11T06:32:25.271Z","level":"LOG","message":"REQ USER: {\"id\":20,\"phone\":\"7012543676\",\"iat\":1780684539,\"exp\":1781289339}"}
{"timestamp":"2026-06-11T06:32:25.599Z","level":"LOG","message":"Decoded user: {\"id\":20,\"phone\":\"7012543676\",\"iat\":1780684539,\"exp\":1781289339}"}
{"timestamp":"2026-06-11T06:32:25.600Z","level":"LOG","message":"REQ USER: {\"id\":20,\"phone\":\"7012543676\",\"iat\":1780684539,\"exp\":1781289339}"}
{"timestamp":"2026-06-11T06:32:40.398Z","level":"LOG","message":"Decoded user: {\"id\":20,\"phone\":\"7012543676\",\"iat\":1780684539,\"exp\":1781289339}"}
{"timestamp":"2026-06-11T06:32:40.399Z","level":"LOG","message":"REQ USER: {\"id\":20,\"phone\":\"7012543676\",\"iat\":1780684539,\"exp\":1781289339}"}
{"timestamp":"2026-06-11T06:32:57.377Z","level":"LOG","message":"Decoded user: {\"id\":20,\"phone\":\"7012543676\",\"iat\":1780684539,\"exp\":1781289339}"}
{"timestamp":"2026-06-11T06:33:29.245Z","level":"LOG","message":"Decoded user: {\"id\":20,\"phone\":\"7012543676\",\"iat\":1780684539,\"exp\":1781289339}"}
{"timestamp":"2026-06-11T06:33:29.245Z","level":"LOG","message":"REQ USER: {\"id\":20,\"phone\":\"7012543676\",\"iat\":1780684539,\"exp\":1781289339}"}
{"timestamp":"2026-06-11T06:33:35.865Z","level":"LOG","message":"Decoded user: {\"id\":20,\"phone\":\"7012543676\",\"iat\":1780684539,\"exp\":1781289339}"}
{"timestamp":"2026-06-11T06:34:59.428Z","level":"LOG","message":"Decoded user: {\"id\":20,\"phone\":\"7012543676\",\"iat\":1780684539,\"exp\":1781289339}"}
{"timestamp":"2026-06-11T06:34:59.428Z","level":"LOG","message":"REQ USER: {\"id\":20,\"phone\":\"7012543676\",\"iat\":1780684539,\"exp\":1781289339}"}
{"timestamp":"2026-06-11T06:35:14.427Z","level":"LOG","message":"Decoded user: {\"id\":20,\"phone\":\"7012543676\",\"iat\":1780684539,\"exp\":1781289339}"}
{"timestamp":"2026-06-11T06:35:22.926Z","level":"LOG","message":"Decoded user: {\"id\":20,\"phone\":\"7012543676\",\"iat\":1780684539,\"exp\":1781289339}"}
{"timestamp":"2026-06-11T06:35:22.926Z","level":"LOG","message":"REQ USER: {\"id\":20,\"phone\":\"7012543676\",\"iat\":1780684539,\"exp\":1781289339}"}
{"timestamp":"2026-06-11T06:35:36.896Z","level":"LOG","message":"Decoded user: {\"id\":20,\"phone\":\"7012543676\",\"iat\":1780684539,\"exp\":1781289339}"}
{"timestamp":"2026-06-11T06:36:07.184Z","level":"LOG","message":"Decoded user: {\"id\":20,\"phone\":\"7012543676\",\"iat\":1780684539,\"exp\":1781289339}"}
{"timestamp":"2026-06-11T06:36:07.184Z","level":"LOG","message":"REQ USER: {\"id\":20,\"phone\":\"7012543676\",\"iat\":1780684539,\"exp\":1781289339}"}
{"timestamp":"2026-06-11T07:33:05.415Z","level":"LOG","message":"[dotenv@17.3.1] injecting env (21) from .env -- tip: 🔐 encrypt with Dotenvx: https://dotenvx.com"}
{"timestamp":"2026-06-11T07:33:05.904Z","level":"LOG","message":"[dotenv@17.3.1] injecting env (0) from .env -- tip: 🤖 agentic secret storage: https://dotenvx.com/as2"}
{"timestamp":"2026-06-11T07:33:06.528Z","level":"LOG","message":"[dotenv@17.3.1] injecting env (0) from .env -- tip: ⚙️  override existing env vars with { override: true }"}
{"timestamp":"2026-06-11T07:33:07.151Z","level":"LOG","message":"✅ DB Connected"}
{"timestamp":"2026-06-11T07:33:08.709Z","level":"LOG","message":"✅ Tables Synced"}
{"timestamp":"2026-06-11T07:33:08.731Z","level":"LOG","message":"🚀 Server running on port 9001"}
{"timestamp":"2026-06-11T08:11:33.799Z","level":"LOG","message":"Decoded user: {\"id\":20,\"phone\":\"7012543676\",\"iat\":1780684539,\"exp\":1781289339}"}
{"timestamp":"2026-06-11T08:11:33.801Z","level":"LOG","message":"REQ USER: {\"id\":20,\"phone\":\"7012543676\",\"iat\":1780684539,\"exp\":1781289339}"}
{"timestamp":"2026-06-11T08:55:28.906Z","level":"LOG","message":"[dotenv@17.3.1] injecting env (21) from .env -- tip: 🔐 prevent building .env in docker: https://dotenvx.com/prebuild"}
{"timestamp":"2026-06-11T08:55:29.301Z","level":"LOG","message":"[dotenv@17.3.1] injecting env (0) from .env -- tip: 🛡️ auth for agents: https://vestauth.com"}
{"timestamp":"2026-06-11T08:55:29.820Z","level":"LOG","message":"[dotenv@17.3.1] injecting env (0) from .env -- tip: 🤖 agentic secret storage: https://dotenvx.com/as2"}
{"timestamp":"2026-06-11T08:55:30.151Z","level":"LOG","message":"✅ DB Connected"}
{"timestamp":"2026-06-11T08:55:30.238Z","level":"LOG","message":"✅ Tables Synced"}
{"timestamp":"2026-06-11T08:55:30.251Z","level":"LOG","message":"🚀 Server running on port 9001"}
{"timestamp":"2026-06-11T09:26:12.778Z","level":"LOG","message":"Decoded user: {\"id\":12,\"phone\":\"8950299308\",\"iat\":1780642744,\"exp\":1781247544}"}
{"timestamp":"2026-06-11T09:26:12.779Z","level":"LOG","message":"REQ USER: {\"id\":12,\"phone\":\"8950299308\",\"iat\":1780642744,\"exp\":1781247544}"}
{"timestamp":"2026-06-11T09:26:13.071Z","level":"LOG","message":"Decoded user: {\"id\":12,\"phone\":\"8950299308\",\"iat\":1780642744,\"exp\":1781247544}"}
{"timestamp":"2026-06-11T09:26:13.071Z","level":"LOG","message":"REQ USER: {\"id\":12,\"phone\":\"8950299308\",\"iat\":1780642744,\"exp\":1781247544}"}
{"timestamp":"2026-06-11T09:31:35.010Z","level":"ERROR","message":"SequelizeAccessDeniedError: Access denied for user 'u823569727_shop99User'@'127.0.0.1' (using password: YES)\n    at ConnectionManager.connect (/home/u823569727/domains/api.shop99.co.in/nodejs/node_modules/sequelize/lib/dialects/mysql/connection-manager.js:94:17)\n    at process.processTicksAndRejections (node:internal/process/task_queues:105:5)\n    at async ConnectionManager._connect (/home/u823569727/domains/api.shop99.co.in/nodejs/node_modules/sequelize/lib/dialects/abstract/connection-manager.js:222:24)"}
{"timestamp":"2026-06-11T09:34:30.652Z","level":"ERROR","message":"SequelizeAccessDeniedError: Access denied for user 'u823569727_shop99User'@'127.0.0.1' (using password: YES)\n    at ConnectionManager.connect (/home/u823569727/domains/api.shop99.co.in/nodejs/node_modules/sequelize/lib/dialects/mysql/connection-manager.js:94:17)\n    at process.processTicksAndRejections (node:internal/process/task_queues:105:5)\n    at async ConnectionManager._connect (/home/u823569727/domains/api.shop99.co.in/nodejs/node_modules/sequelize/lib/dialects/abstract/connection-manager.js:222:24)"}
{"timestamp":"2026-06-11T09:34:36.141Z","level":"ERROR","message":"SequelizeAccessDeniedError: Access denied for user 'u823569727_shop99User'@'127.0.0.1' (using password: YES)\n    at ConnectionManager.connect (/home/u823569727/domains/api.shop99.co.in/nodejs/node_modules/sequelize/lib/dialects/mysql/connection-manager.js:94:17)\n    at process.processTicksAndRejections (node:internal/process/task_queues:105:5)\n    at async ConnectionManager._connect (/home/u823569727/domains/api.shop99.co.in/nodejs/node_modules/sequelize/lib/dialects/abstract/connection-manager.js:222:24)"}
{"timestamp":"2026-06-11T09:35:08.200Z","level":"ERROR","message":"SequelizeAccessDeniedError: Access denied for user 'u823569727_shop99User'@'127.0.0.1' (using password: YES)\n    at ConnectionManager.connect (/home/u823569727/domains/api.shop99.co.in/nodejs/node_modules/sequelize/lib/dialects/mysql/connection-manager.js:94:17)\n    at process.processTicksAndRejections (node:internal/process/task_queues:105:5)\n    at async ConnectionManager._connect (/home/u823569727/domains/api.shop99.co.in/nodejs/node_modules/sequelize/lib/dialects/abstract/connection-manager.js:222:24)"}
{"timestamp":"2026-06-11T09:35:13.481Z","level":"ERROR","message":"SequelizeAccessDeniedError: Access denied for user 'u823569727_shop99User'@'127.0.0.1' (using password: YES)\n    at ConnectionManager.connect (/home/u823569727/domains/api.shop99.co.in/nodejs/node_modules/sequelize/lib/dialects/mysql/connection-manager.js:94:17)\n    at process.processTicksAndRejections (node:internal/process/task_queues:105:5)\n    at async ConnectionManager._connect (/home/u823569727/domains/api.shop99.co.in/nodejs/node_modules/sequelize/lib/dialects/abstract/connection-manager.js:222:24)"}
{"timestamp":"2026-06-11T09:35:52.250Z","level":"ERROR","message":"SequelizeAccessDeniedError: Access denied for user 'u823569727_shop99User'@'127.0.0.1' (using password: YES)\n    at ConnectionManager.connect (/home/u823569727/domains/api.shop99.co.in/nodejs/node_modules/sequelize/lib/dialects/mysql/connection-manager.js:94:17)\n    at process.processTicksAndRejections (node:internal/process/task_queues:105:5)\n    at async ConnectionManager._connect (/home/u823569727/domains/api.shop99.co.in/nodejs/node_modules/sequelize/lib/dialects/abstract/connection-manager.js:222:24)"}
{"timestamp":"2026-06-11T09:36:02.605Z","level":"ERROR","message":"SequelizeAccessDeniedError: Access denied for user 'u823569727_shop99User'@'127.0.0.1' (using password: YES)\n    at ConnectionManager.connect (/home/u823569727/domains/api.shop99.co.in/nodejs/node_modules/sequelize/lib/dialects/mysql/connection-manager.js:94:17)\n    at process.processTicksAndRejections (node:internal/process/task_queues:105:5)\n    at async ConnectionManager._connect (/home/u823569727/domains/api.shop99.co.in/nodejs/node_modules/sequelize/lib/dialects/abstract/connection-manager.js:222:24)"}
{"timestamp":"2026-06-11T09:36:28.422Z","level":"ERROR","message":"SequelizeAccessDeniedError: Access denied for user 'u823569727_shop99User'@'127.0.0.1' (using password: YES)\n    at ConnectionManager.connect (/home/u823569727/domains/api.shop99.co.in/nodejs/node_modules/sequelize/lib/dialects/mysql/connection-manager.js:94:17)\n    at process.processTicksAndRejections (node:internal/process/task_queues:105:5)\n    at async ConnectionManager._connect (/home/u823569727/domains/api.shop99.co.in/nodejs/node_modules/sequelize/lib/dialects/abstract/connection-manager.js:222:24)"}
{"timestamp":"2026-06-11T09:36:50.137Z","level":"ERROR","message":"SequelizeAccessDeniedError: Access denied for user 'u823569727_shop99User'@'127.0.0.1' (using password: YES)\n    at ConnectionManager.connect (/home/u823569727/domains/api.shop99.co.in/nodejs/node_modules/sequelize/lib/dialects/mysql/connection-manager.js:94:17)\n    at process.processTicksAndRejections (node:internal/process/task_queues:105:5)\n    at async ConnectionManager._connect (/home/u823569727/domains/api.shop99.co.in/nodejs/node_modules/sequelize/lib/dialects/abstract/connection-manager.js:222:24)"}
{"timestamp":"2026-06-11T09:37:04.199Z","level":"ERROR","message":"SequelizeAccessDeniedError: Access denied for user 'u823569727_shop99User'@'127.0.0.1' (using password: YES)\n    at ConnectionManager.connect (/home/u823569727/domains/api.shop99.co.in/nodejs/node_modules/sequelize/lib/dialects/mysql/connection-manager.js:94:17)\n    at process.processTicksAndRejections (node:internal/process/task_queues:105:5)\n    at async ConnectionManager._connect (/home/u823569727/domains/api.shop99.co.in/nodejs/node_modules/sequelize/lib/dialects/abstract/connection-manager.js:222:24)"}
{"timestamp":"2026-06-11T09:37:16.849Z","level":"ERROR","message":"SequelizeAccessDeniedError: Access denied for user 'u823569727_shop99User'@'127.0.0.1' (using password: YES)\n    at ConnectionManager.connect (/home/u823569727/domains/api.shop99.co.in/nodejs/node_modules/sequelize/lib/dialects/mysql/connection-manager.js:94:17)\n    at process.processTicksAndRejections (node:internal/process/task_queues:105:5)\n    at async ConnectionManager._connect (/home/u823569727/domains/api.shop99.co.in/nodejs/node_modules/sequelize/lib/dialects/abstract/connection-manager.js:222:24)"}
{"timestamp":"2026-06-11T09:37:45.932Z","level":"ERROR","message":"SequelizeAccessDeniedError: Access denied for user 'u823569727_shop99User'@'127.0.0.1' (using password: YES)\n    at ConnectionManager.connect (/home/u823569727/domains/api.shop99.co.in/nodejs/node_modules/sequelize/lib/dialects/mysql/connection-manager.js:94:17)\n    at process.processTicksAndRejections (node:internal/process/task_queues:105:5)\n    at async ConnectionManager._connect (/home/u823569727/domains/api.shop99.co.in/nodejs/node_modules/sequelize/lib/dialects/abstract/connection-manager.js:222:24)"}
{"timestamp":"2026-06-11T09:38:17.711Z","level":"ERROR","message":"GET SEO BY PAGE ERROR: SequelizeAccessDeniedError: Access denied for user 'u823569727_shop99User'@'127.0.0.1' (using password: YES)\n    at ConnectionManager.connect (/home/u823569727/domains/api.shop99.co.in/nodejs/node_modules/sequelize/lib/dialects/mysql/connection-manager.js:94:17)\n    at process.processTicksAndRejections (node:internal/process/task_queues:105:5)\n    at async ConnectionManager._connect (/home/u823569727/domains/api.shop99.co.in/nodejs/node_modules/sequelize/lib/dialects/abstract/connection-manager.js:222:24)"}
{"timestamp":"2026-06-11T09:38:17.737Z","level":"ERROR","message":"SequelizeAccessDeniedError: Access denied for user 'u823569727_shop99User'@'127.0.0.1' (using password: YES)\n    at ConnectionManager.connect (/home/u823569727/domains/api.shop99.co.in/nodejs/node_modules/sequelize/lib/dialects/mysql/connection-manager.js:94:17)\n    at process.processTicksAndRejections (node:internal/process/task_queues:105:5)\n    at async ConnectionManager._connect (/home/u823569727/domains/api.shop99.co.in/nodejs/node_modules/sequelize/lib/dialects/abstract/connection-manager.js:222:24)"}
{"timestamp":"2026-06-11T09:38:17.745Z","level":"LOG","message":"AUTH ERROR: jwt expired"}
{"timestamp":"2026-06-11T09:38:17.768Z","level":"ERROR","message":"SequelizeAccessDeniedError: Access denied for user 'u823569727_shop99User'@'127.0.0.1' (using password: YES)\n    at ConnectionManager.connect (/home/u823569727/domains/api.shop99.co.in/nodejs/node_modules/sequelize/lib/dialects/mysql/connection-manager.js:94:17)\n    at process.processTicksAndRejections (node:internal/process/task_queues:105:5)\n    at async ConnectionManager._connect (/home/u823569727/domains/api.shop99.co.in/nodejs/node_modules/sequelize/lib/dialects/abstract/connection-manager.js:222:24)"}
{"timestamp":"2026-06-11T09:38:17.788Z","level":"ERROR","message":"SequelizeAccessDeniedError: Access denied for user 'u823569727_shop99User'@'127.0.0.1' (using password: YES)\n    at ConnectionManager.connect (/home/u823569727/domains/api.shop99.co.in/nodejs/node_modules/sequelize/lib/dialects/mysql/connection-manager.js:94:17)\n    at process.processTicksAndRejections (node:internal/process/task_queues:105:5)\n    at async ConnectionManager._connect (/home/u823569727/domains/api.shop99.co.in/nodejs/node_modules/sequelize/lib/dialects/abstract/connection-manager.js:222:24)"}
{"timestamp":"2026-06-11T09:38:21.490Z","level":"LOG","message":"AUTH ERROR: jwt expired"}
{"timestamp":"2026-06-11T09:38:21.501Z","level":"ERROR","message":"SequelizeAccessDeniedError: Access denied for user 'u823569727_shop99User'@'127.0.0.1' (using password: YES)\n    at ConnectionManager.connect (/home/u823569727/domains/api.shop99.co.in/nodejs/node_modules/sequelize/lib/dialects/mysql/connection-manager.js:94:17)\n    at process.processTicksAndRejections (node:internal/process/task_queues:105:5)\n    at async ConnectionManager._connect (/home/u823569727/domains/api.shop99.co.in/nodejs/node_modules/sequelize/lib/dialects/abstract/connection-manager.js:222:24)"}
{"timestamp":"2026-06-11T09:38:21.523Z","level":"ERROR","message":"SequelizeAccessDeniedError: Access denied for user 'u823569727_shop99User'@'127.0.0.1' (using password: YES)\n    at ConnectionManager.connect (/home/u823569727/domains/api.shop99.co.in/nodejs/node_modules/sequelize/lib/dialects/mysql/connection-manager.js:94:17)\n    at process.processTicksAndRejections (node:internal/process/task_queues:105:5)\n    at async ConnectionManager._connect (/home/u823569727/domains/api.shop99.co.in/nodejs/node_modules/sequelize/lib/dialects/abstract/connection-manager.js:222:24)"}
{"timestamp":"2026-06-11T09:38:21.528Z","level":"ERROR","message":"GET SEO BY PAGE ERROR: SequelizeAccessDeniedError: Access denied for user 'u823569727_shop99User'@'127.0.0.1' (using password: YES)\n    at ConnectionManager.connect (/home/u823569727/domains/api.shop99.co.in/nodejs/node_modules/sequelize/lib/dialects/mysql/connection-manager.js:94:17)\n    at process.processTicksAndRejections (node:internal/process/task_queues:105:5)\n    at async ConnectionManager._connect (/home/u823569727/domains/api.shop99.co.in/nodejs/node_modules/sequelize/lib/dialects/abstract/connection-manager.js:222:24)"}
{"timestamp":"2026-06-11T09:38:21.547Z","level":"ERROR","message":"SequelizeAccessDeniedError: Access denied for user 'u823569727_shop99User'@'127.0.0.1' (using password: YES)\n    at ConnectionManager.connect (/home/u823569727/domains/api.shop99.co.in/nodejs/node_modules/sequelize/lib/dialects/mysql/connection-manager.js:94:17)\n    at process.processTicksAndRejections (node:internal/process/task_queues:105:5)\n    at async ConnectionManager._connect (/home/u823569727/domains/api.shop99.co.in/nodejs/node_modules/sequelize/lib/dialects/abstract/connection-manager.js:222:24)"}
{"timestamp":"2026-06-11T09:38:23.897Z","level":"ERROR","message":"SequelizeAccessDeniedError: Access denied for user 'u823569727_shop99User'@'127.0.0.1' (using password: YES)\n    at ConnectionManager.connect (/home/u823569727/domains/api.shop99.co.in/nodejs/node_modules/sequelize/lib/dialects/mysql/connection-manager.js:94:17)\n    at process.processTicksAndRejections (node:internal/process/task_queues:105:5)\n    at async ConnectionManager._connect (/home/u823569727/domains/api.shop99.co.in/nodejs/node_modules/sequelize/lib/dialects/abstract/connection-manager.js:222:24)"}
{"timestamp":"2026-06-11T09:38:23.909Z","level":"ERROR","message":"GET SEO BY PAGE ERROR: SequelizeAccessDeniedError: Access denied for user 'u823569727_shop99User'@'127.0.0.1' (using password: YES)\n    at ConnectionManager.connect (/home/u823569727/domains/api.shop99.co.in/nodejs/node_modules/sequelize/lib/dialects/mysql/connection-manager.js:94:17)\n    at process.processTicksAndRejections (node:internal/process/task_queues:105:5)\n    at async ConnectionManager._connect (/home/u823569727/domains/api.shop99.co.in/nodejs/node_modules/sequelize/lib/dialects/abstract/connection-manager.js:222:24)"}
{"timestamp":"2026-06-11T09:38:23.921Z","level":"ERROR","message":"SequelizeAccessDeniedError: Access denied for user 'u823569727_shop99User'@'127.0.0.1' (using password: YES)\n    at ConnectionManager.connect (/home/u823569727/domains/api.shop99.co.in/nodejs/node_modules/sequelize/lib/dialects/mysql/connection-manager.js:94:17)\n    at process.processTicksAndRejections (node:internal/process/task_queues:105:5)\n    at async ConnectionManager._connect (/home/u823569727/domains/api.shop99.co.in/nodejs/node_modules/sequelize/lib/dialects/abstract/connection-manager.js:222:24)"}
{"timestamp":"2026-06-11T09:38:23.928Z","level":"LOG","message":"AUTH ERROR: jwt expired"}
{"timestamp":"2026-06-11T09:38:23.937Z","level":"ERROR","message":"SequelizeAccessDeniedError: Access denied for user 'u823569727_shop99User'@'127.0.0.1' (using password: YES)\n    at ConnectionManager.connect (/home/u823569727/domains/api.shop99.co.in/nodejs/node_modules/sequelize/lib/dialects/mysql/connection-manager.js:94:17)\n    at process.processTicksAndRejections (node:internal/process/task_queues:105:5)\n    at async ConnectionManager._connect (/home/u823569727/domains/api.shop99.co.in/nodejs/node_modules/sequelize/lib/dialects/abstract/connection-manager.js:222:24)"}
{"timestamp":"2026-06-11T09:38:31.625Z","level":"ERROR","message":"SequelizeAccessDeniedError: Access denied for user 'u823569727_shop99User'@'127.0.0.1' (using password: YES)\n    at ConnectionManager.connect (/home/u823569727/domains/api.shop99.co.in/nodejs/node_modules/sequelize/lib/dialects/mysql/connection-manager.js:94:17)\n    at process.processTicksAndRejections (node:internal/process/task_queues:105:5)\n    at async ConnectionManager._connect (/home/u823569727/domains/api.shop99.co.in/nodejs/node_modules/sequelize/lib/dialects/abstract/connection-manager.js:222:24)"}
{"timestamp":"2026-06-11T09:38:35.162Z","level":"ERROR","message":"SequelizeAccessDeniedError: Access denied for user 'u823569727_shop99User'@'127.0.0.1' (using password: YES)\n    at ConnectionManager.connect (/home/u823569727/domains/api.shop99.co.in/nodejs/node_modules/sequelize/lib/dialects/mysql/connection-manager.js:94:17)\n    at process.processTicksAndRejections (node:internal/process/task_queues:105:5)\n    at async ConnectionManager._connect (/home/u823569727/domains/api.shop99.co.in/nodejs/node_modules/sequelize/lib/dialects/abstract/connection-manager.js:222:24)"}
{"timestamp":"2026-06-11T09:38:37.636Z","level":"ERROR","message":"SequelizeAccessDeniedError: Access denied for user 'u823569727_shop99User'@'127.0.0.1' (using password: YES)\n    at ConnectionManager.connect (/home/u823569727/domains/api.shop99.co.in/nodejs/node_modules/sequelize/lib/dialects/mysql/connection-manager.js:94:17)\n    at process.processTicksAndRejections (node:internal/process/task_queues:105:5)\n    at async ConnectionManager._connect (/home/u823569727/domains/api.shop99.co.in/nodejs/node_modules/sequelize/lib/dialects/abstract/connection-manager.js:222:24)"}
{"timestamp":"2026-06-11T09:38:41.323Z","level":"ERROR","message":"SequelizeAccessDeniedError: Access denied for user 'u823569727_shop99User'@'127.0.0.1' (using password: YES)\n    at ConnectionManager.connect (/home/u823569727/domains/api.shop99.co.in/nodejs/node_modules/sequelize/lib/dialects/mysql/connection-manager.js:94:17)\n    at process.processTicksAndRejections (node:internal/process/task_queues:105:5)\n    at async ConnectionManager._connect (/home/u823569727/domains/api.shop99.co.in/nodejs/node_modules/sequelize/lib/dialects/abstract/connection-manager.js:222:24)"}
{"timestamp":"2026-06-11T09:38:44.219Z","level":"ERROR","message":"SequelizeAccessDeniedError: Access denied for user 'u823569727_shop99User'@'127.0.0.1' (using password: YES)\n    at ConnectionManager.connect (/home/u823569727/domains/api.shop99.co.in/nodejs/node_modules/sequelize/lib/dialects/mysql/connection-manager.js:94:17)\n    at process.processTicksAndRejections (node:internal/process/task_queues:105:5)\n    at async ConnectionManager._connect (/home/u823569727/domains/api.shop99.co.in/nodejs/node_modules/sequelize/lib/dialects/abstract/connection-manager.js:222:24)"}
{"timestamp":"2026-06-11T09:39:33.201Z","level":"ERROR","message":"SequelizeAccessDeniedError: Access denied for user 'u823569727_shop99User'@'127.0.0.1' (using password: YES)\n    at ConnectionManager.connect (/home/u823569727/domains/api.shop99.co.in/nodejs/node_modules/sequelize/lib/dialects/mysql/connection-manager.js:94:17)\n    at process.processTicksAndRejections (node:internal/process/task_queues:105:5)\n    at async ConnectionManager._connect (/home/u823569727/domains/api.shop99.co.in/nodejs/node_modules/sequelize/lib/dialects/abstract/connection-manager.js:222:24)"}
{"timestamp":"2026-06-11T09:39:33.209Z","level":"ERROR","message":"SequelizeAccessDeniedError: Access denied for user 'u823569727_shop99User'@'127.0.0.1' (using password: YES)\n    at ConnectionManager.connect (/home/u823569727/domains/api.shop99.co.in/nodejs/node_modules/sequelize/lib/dialects/mysql/connection-manager.js:94:17)\n    at process.processTicksAndRejections (node:internal/process/task_queues:105:5)\n    at async ConnectionManager._connect (/home/u823569727/domains/api.shop99.co.in/nodejs/node_modules/sequelize/lib/dialects/abstract/connection-manager.js:222:24)"}
{"timestamp":"2026-06-11T09:39:33.222Z","level":"LOG","message":"AUTH ERROR: jwt expired"}
{"timestamp":"2026-06-11T09:39:33.246Z","level":"ERROR","message":"SequelizeAccessDeniedError: Access denied for user 'u823569727_shop99User'@'127.0.0.1' (using password: YES)\n    at ConnectionManager.connect (/home/u823569727/domains/api.shop99.co.in/nodejs/node_modules/sequelize/lib/dialects/mysql/connection-manager.js:94:17)\n    at process.processTicksAndRejections (node:internal/process/task_queues:105:5)\n    at async ConnectionManager._connect (/home/u823569727/domains/api.shop99.co.in/nodejs/node_modules/sequelize/lib/dialects/abstract/connection-manager.js:222:24)"}
{"timestamp":"2026-06-11T09:39:33.253Z","level":"ERROR","message":"GET SEO BY PAGE ERROR: SequelizeAccessDeniedError: Access denied for user 'u823569727_shop99User'@'127.0.0.1' (using password: YES)\n    at ConnectionManager.connect (/home/u823569727/domains/api.shop99.co.in/nodejs/node_modules/sequelize/lib/dialects/mysql/connection-manager.js:94:17)\n    at process.processTicksAndRejections (node:internal/process/task_queues:105:5)\n    at async ConnectionManager._connect (/home/u823569727/domains/api.shop99.co.in/nodejs/node_modules/sequelize/lib/dialects/abstract/connection-manager.js:222:24)"}
{"timestamp":"2026-06-11T09:40:16.144Z","level":"ERROR","message":"SequelizeAccessDeniedError: Access denied for user 'u823569727_shop99User'@'127.0.0.1' (using password: YES)\n    at ConnectionManager.connect (/home/u823569727/domains/api.shop99.co.in/nodejs/node_modules/sequelize/lib/dialects/mysql/connection-manager.js:94:17)\n    at process.processTicksAndRejections (node:internal/process/task_queues:105:5)\n    at async ConnectionManager._connect (/home/u823569727/domains/api.shop99.co.in/nodejs/node_modules/sequelize/lib/dialects/abstract/connection-manager.js:222:24)"}
{"timestamp":"2026-06-11T09:40:20.132Z","level":"ERROR","message":"SequelizeAccessDeniedError: Access denied for user 'u823569727_shop99User'@'127.0.0.1' (using password: YES)\n    at ConnectionManager.connect (/home/u823569727/domains/api.shop99.co.in/nodejs/node_modules/sequelize/lib/dialects/mysql/connection-manager.js:94:17)\n    at process.processTicksAndRejections (node:internal/process/task_queues:105:5)\n    at async ConnectionManager._connect (/home/u823569727/domains/api.shop99.co.in/nodejs/node_modules/sequelize/lib/dialects/abstract/connection-manager.js:222:24)"}
{"timestamp":"2026-06-11T09:40:22.942Z","level":"ERROR","message":"SequelizeAccessDeniedError: Access denied for user 'u823569727_shop99User'@'127.0.0.1' (using password: YES)\n    at ConnectionManager.connect (/home/u823569727/domains/api.shop99.co.in/nodejs/node_modules/sequelize/lib/dialects/mysql/connection-manager.js:94:17)\n    at process.processTicksAndRejections (node:internal/process/task_queues:105:5)\n    at async ConnectionManager._connect (/home/u823569727/domains/api.shop99.co.in/nodejs/node_modules/sequelize/lib/dialects/abstract/connection-manager.js:222:24)"}
{"timestamp":"2026-06-11T09:40:25.978Z","level":"ERROR","message":"SequelizeAccessDeniedError: Access denied for user 'u823569727_shop99User'@'127.0.0.1' (using password: YES)\n    at ConnectionManager.connect (/home/u823569727/domains/api.shop99.co.in/nodejs/node_modules/sequelize/lib/dialects/mysql/connection-manager.js:94:17)\n    at process.processTicksAndRejections (node:internal/process/task_queues:105:5)\n    at async ConnectionManager._connect (/home/u823569727/domains/api.shop99.co.in/nodejs/node_modules/sequelize/lib/dialects/abstract/connection-manager.js:222:24)"}
{"timestamp":"2026-06-11T09:40:27.771Z","level":"ERROR","message":"SequelizeAccessDeniedError: Access denied for user 'u823569727_shop99User'@'127.0.0.1' (using password: YES)\n    at ConnectionManager.connect (/home/u823569727/domains/api.shop99.co.in/nodejs/node_modules/sequelize/lib/dialects/mysql/connection-manager.js:94:17)\n    at process.processTicksAndRejections (node:internal/process/task_queues:105:5)\n    at async ConnectionManager._connect (/home/u823569727/domains/api.shop99.co.in/nodejs/node_modules/sequelize/lib/dialects/abstract/connection-manager.js:222:24)"}
{"timestamp":"2026-06-11T09:40:30.337Z","level":"ERROR","message":"GET SEO BY PAGE ERROR: SequelizeAccessDeniedError: Access denied for user 'u823569727_shop99User'@'127.0.0.1' (using password: YES)\n    at ConnectionManager.connect (/home/u823569727/domains/api.shop99.co.in/nodejs/node_modules/sequelize/lib/dialects/mysql/connection-manager.js:94:17)\n    at process.processTicksAndRejections (node:internal/process/task_queues:105:5)\n    at async ConnectionManager._connect (/home/u823569727/domains/api.shop99.co.in/nodejs/node_modules/sequelize/lib/dialects/abstract/connection-manager.js:222:24)"}
{"timestamp":"2026-06-11T09:40:30.345Z","level":"ERROR","message":"SequelizeAccessDeniedError: Access denied for user 'u823569727_shop99User'@'127.0.0.1' (using password: YES)\n    at ConnectionManager.connect (/home/u823569727/domains/api.shop99.co.in/nodejs/node_modules/sequelize/lib/dialects/mysql/connection-manager.js:94:17)\n    at process.processTicksAndRejections (node:internal/process/task_queues:105:5)\n    at async ConnectionManager._connect (/home/u823569727/domains/api.shop99.co.in/nodejs/node_modules/sequelize/lib/dialects/abstract/connection-manager.js:222:24)"}
{"timestamp":"2026-06-11T09:40:30.363Z","level":"ERROR","message":"SequelizeAccessDeniedError: Access denied for user 'u823569727_shop99User'@'127.0.0.1' (using password: YES)\n    at ConnectionManager.connect (/home/u823569727/domains/api.shop99.co.in/nodejs/node_modules/sequelize/lib/dialects/mysql/connection-manager.js:94:17)\n    at process.processTicksAndRejections (node:internal/process/task_queues:105:5)\n    at async ConnectionManager._connect (/home/u823569727/domains/api.shop99.co.in/nodejs/node_modules/sequelize/lib/dialects/abstract/connection-manager.js:222:24)"}
{"timestamp":"2026-06-11T09:40:30.374Z","level":"ERROR","message":"SequelizeAccessDeniedError: Access denied for user 'u823569727_shop99User'@'127.0.0.1' (using password: YES)\n    at ConnectionManager.connect (/home/u823569727/domains/api.shop99.co.in/nodejs/node_modules/sequelize/lib/dialects/mysql/connection-manager.js:94:17)\n    at process.processTicksAndRejections (node:internal/process/task_queues:105:5)\n    at async ConnectionManager._connect (/home/u823569727/domains/api.shop99.co.in/nodejs/node_modules/sequelize/lib/dialects/abstract/connection-manager.js:222:24)"}
{"timestamp":"2026-06-11T09:40:48.433Z","level":"ERROR","message":"GET SEO BY PAGE ERROR: SequelizeAccessDeniedError: Access denied for user 'u823569727_shop99User'@'127.0.0.1' (using password: YES)\n    at ConnectionManager.connect (/home/u823569727/domains/api.shop99.co.in/nodejs/node_modules/sequelize/lib/dialects/mysql/connection-manager.js:94:17)\n    at process.processTicksAndRejections (node:internal/process/task_queues:105:5)\n    at async ConnectionManager._connect (/home/u823569727/domains/api.shop99.co.in/nodejs/node_modules/sequelize/lib/dialects/abstract/connection-manager.js:222:24)"}
{"timestamp":"2026-06-11T09:40:48.490Z","level":"ERROR","message":"SequelizeAccessDeniedError: Access denied for user 'u823569727_shop99User'@'127.0.0.1' (using password: YES)\n    at ConnectionManager.connect (/home/u823569727/domains/api.shop99.co.in/nodejs/node_modules/sequelize/lib/dialects/mysql/connection-manager.js:94:17)\n    at process.processTicksAndRejections (node:internal/process/task_queues:105:5)\n    at async ConnectionManager._connect (/home/u823569727/domains/api.shop99.co.in/nodejs/node_modules/sequelize/lib/dialects/abstract/connection-manager.js:222:24)"}
{"timestamp":"2026-06-11T09:40:48.494Z","level":"ERROR","message":"SequelizeAccessDeniedError: Access denied for user 'u823569727_shop99User'@'127.0.0.1' (using password: YES)\n    at ConnectionManager.connect (/home/u823569727/domains/api.shop99.co.in/nodejs/node_modules/sequelize/lib/dialects/mysql/connection-manager.js:94:17)\n    at process.processTicksAndRejections (node:internal/process/task_queues:105:5)\n    at async ConnectionManager._connect (/home/u823569727/domains/api.shop99.co.in/nodejs/node_modules/sequelize/lib/dialects/abstract/connection-manager.js:222:24)"}
{"timestamp":"2026-06-11T09:40:48.506Z","level":"ERROR","message":"SequelizeAccessDeniedError: Access denied for user 'u823569727_shop99User'@'127.0.0.1' (using password: YES)\n    at ConnectionManager.connect (/home/u823569727/domains/api.shop99.co.in/nodejs/node_modules/sequelize/lib/dialects/mysql/connection-manager.js:94:17)\n    at process.processTicksAndRejections (node:internal/process/task_queues:105:5)\n    at async ConnectionManager._connect (/home/u823569727/domains/api.shop99.co.in/nodejs/node_modules/sequelize/lib/dialects/abstract/connection-manager.js:222:24)"}
{"timestamp":"2026-06-11T09:41:45.660Z","level":"LOG","message":"Decoded user: {\"id\":12,\"phone\":\"8950299308\",\"iat\":1780642744,\"exp\":1781247544}"}
{"timestamp":"2026-06-11T09:41:45.660Z","level":"LOG","message":"REQ USER: {\"id\":12,\"phone\":\"8950299308\",\"iat\":1780642744,\"exp\":1781247544}"}
{"timestamp":"2026-06-11T09:41:45.682Z","level":"ERROR","message":"GET WISHLIST ERROR: SequelizeAccessDeniedError: Access denied for user 'u823569727_shop99User'@'127.0.0.1' (using password: YES)\n    at ConnectionManager.connect (/home/u823569727/domains/api.shop99.co.in/nodejs/node_modules/sequelize/lib/dialects/mysql/connection-manager.js:94:17)\n    at process.processTicksAndRejections (node:internal/process/task_queues:105:5)\n    at async ConnectionManager._connect (/home/u823569727/domains/api.shop99.co.in/nodejs/node_modules/sequelize/lib/dialects/abstract/connection-manager.js:222:24)"}
{"timestamp":"2026-06-11T09:41:45.686Z","level":"ERROR","message":"GET SEO BY PAGE ERROR: SequelizeAccessDeniedError: Access denied for user 'u823569727_shop99User'@'127.0.0.1' (using password: YES)\n    at ConnectionManager.connect (/home/u823569727/domains/api.shop99.co.in/nodejs/node_modules/sequelize/lib/dialects/mysql/connection-manager.js:94:17)\n    at process.processTicksAndRejections (node:internal/process/task_queues:105:5)\n    at async ConnectionManager._connect (/home/u823569727/domains/api.shop99.co.in/nodejs/node_modules/sequelize/lib/dialects/abstract/connection-manager.js:222:24)"}
{"timestamp":"2026-06-11T09:41:45.715Z","level":"ERROR","message":"SequelizeAccessDeniedError: Access denied for user 'u823569727_shop99User'@'127.0.0.1' (using password: YES)\n    at ConnectionManager.connect (/home/u823569727/domains/api.shop99.co.in/nodejs/node_modules/sequelize/lib/dialects/mysql/connection-manager.js:94:17)\n    at process.processTicksAndRejections (node:internal/process/task_queues:105:5)\n    at async ConnectionManager._connect (/home/u823569727/domains/api.shop99.co.in/nodejs/node_modules/sequelize/lib/dialects/abstract/connection-manager.js:222:24)"}
{"timestamp":"2026-06-11T09:41:45.723Z","level":"ERROR","message":"SequelizeAccessDeniedError: Access denied for user 'u823569727_shop99User'@'127.0.0.1' (using password: YES)\n    at ConnectionManager.connect (/home/u823569727/domains/api.shop99.co.in/nodejs/node_modules/sequelize/lib/dialects/mysql/connection-manager.js:94:17)\n    at process.processTicksAndRejections (node:internal/process/task_queues:105:5)\n    at async ConnectionManager._connect (/home/u823569727/domains/api.shop99.co.in/nodejs/node_modules/sequelize/lib/dialects/abstract/connection-manager.js:222:24)"}
{"timestamp":"2026-06-11T09:41:45.730Z","level":"ERROR","message":"SequelizeAccessDeniedError: Access denied for user 'u823569727_shop99User'@'127.0.0.1' (using password: YES)\n    at ConnectionManager.connect (/home/u823569727/domains/api.shop99.co.in/nodejs/node_modules/sequelize/lib/dialects/mysql/connection-manager.js:94:17)\n    at process.processTicksAndRejections (node:internal/process/task_queues:105:5)\n    at async ConnectionManager._connect (/home/u823569727/domains/api.shop99.co.in/nodejs/node_modules/sequelize/lib/dialects/abstract/connection-manager.js:222:24)"}
{"timestamp":"2026-06-11T09:42:35.899Z","level":"ERROR","message":"SequelizeAccessDeniedError: Access denied for user 'u823569727_shop99User'@'127.0.0.1' (using password: YES)\n    at ConnectionManager.connect (/home/u823569727/domains/api.shop99.co.in/nodejs/node_modules/sequelize/lib/dialects/mysql/connection-manager.js:94:17)\n    at process.processTicksAndRejections (node:internal/process/task_queues:105:5)\n    at async ConnectionManager._connect (/home/u823569727/domains/api.shop99.co.in/nodejs/node_modules/sequelize/lib/dialects/abstract/connection-manager.js:222:24)"}
{"timestamp":"2026-06-11T09:45:28.990Z","level":"LOG","message":"Decoded user: {\"id\":12,\"phone\":\"8950299308\",\"iat\":1780642744,\"exp\":1781247544}"}
{"timestamp":"2026-06-11T09:45:28.990Z","level":"LOG","message":"REQ USER: {\"id\":12,\"phone\":\"8950299308\",\"iat\":1780642744,\"exp\":1781247544}"}
{"timestamp":"2026-06-11T09:45:29.011Z","level":"ERROR","message":"SequelizeAccessDeniedError: Access denied for user 'u823569727_shop99User'@'127.0.0.1' (using password: YES)\n    at ConnectionManager.connect (/home/u823569727/domains/api.shop99.co.in/nodejs/node_modules/sequelize/lib/dialects/mysql/connection-manager.js:94:17)\n    at process.processTicksAndRejections (node:internal/process/task_queues:105:5)\n    at async ConnectionManager._connect (/home/u823569727/domains/api.shop99.co.in/nodejs/node_modules/sequelize/lib/dialects/abstract/connection-manager.js:222:24)"}
{"timestamp":"2026-06-11T09:45:29.013Z","level":"ERROR","message":"GET SEO BY PAGE ERROR: SequelizeAccessDeniedError: Access denied for user 'u823569727_shop99User'@'127.0.0.1' (using password: YES)\n    at ConnectionManager.connect (/home/u823569727/domains/api.shop99.co.in/nodejs/node_modules/sequelize/lib/dialects/mysql/connection-manager.js:94:17)\n    at process.processTicksAndRejections (node:internal/process/task_queues:105:5)\n    at async ConnectionManager._connect (/home/u823569727/domains/api.shop99.co.in/nodejs/node_modules/sequelize/lib/dialects/abstract/connection-manager.js:222:24)"}
{"timestamp":"2026-06-11T09:45:29.017Z","level":"ERROR","message":"GET WISHLIST ERROR: SequelizeAccessDeniedError: Access denied for user 'u823569727_shop99User'@'127.0.0.1' (using password: YES)\n    at ConnectionManager.connect (/home/u823569727/domains/api.shop99.co.in/nodejs/node_modules/sequelize/lib/dialects/mysql/connection-manager.js:94:17)\n    at process.processTicksAndRejections (node:internal/process/task_queues:105:5)\n    at async ConnectionManager._connect (/home/u823569727/domains/api.shop99.co.in/nodejs/node_modules/sequelize/lib/dialects/abstract/connection-manager.js:222:24)"}
{"timestamp":"2026-06-11T09:45:29.051Z","level":"ERROR","message":"SequelizeAccessDeniedError: Access denied for user 'u823569727_shop99User'@'127.0.0.1' (using password: YES)\n    at ConnectionManager.connect (/home/u823569727/domains/api.shop99.co.in/nodejs/node_modules/sequelize/lib/dialects/mysql/connection-manager.js:94:17)\n    at process.processTicksAndRejections (node:internal/process/task_queues:105:5)\n    at async ConnectionManager._connect (/home/u823569727/domains/api.shop99.co.in/nodejs/node_modules/sequelize/lib/dialects/abstract/connection-manager.js:222:24)"}
{"timestamp":"2026-06-11T09:45:29.063Z","level":"ERROR","message":"SequelizeAccessDeniedError: Access denied for user 'u823569727_shop99User'@'127.0.0.1' (using password: YES)\n    at ConnectionManager.connect (/home/u823569727/domains/api.shop99.co.in/nodejs/node_modules/sequelize/lib/dialects/mysql/connection-manager.js:94:17)\n    at process.processTicksAndRejections (node:internal/process/task_queues:105:5)\n    at async ConnectionManager._connect (/home/u823569727/domains/api.shop99.co.in/nodejs/node_modules/sequelize/lib/dialects/abstract/connection-manager.js:222:24)"}
{"timestamp":"2026-06-11T09:45:31.763Z","level":"ERROR","message":"SequelizeAccessDeniedError: Access denied for user 'u823569727_shop99User'@'127.0.0.1' (using password: YES)\n    at ConnectionManager.connect (/home/u823569727/domains/api.shop99.co.in/nodejs/node_modules/sequelize/lib/dialects/mysql/connection-manager.js:94:17)\n    at process.processTicksAndRejections (node:internal/process/task_queues:105:5)\n    at async ConnectionManager._connect (/home/u823569727/domains/api.shop99.co.in/nodejs/node_modules/sequelize/lib/dialects/abstract/connection-manager.js:222:24)"}
{"timestamp":"2026-06-11T09:45:31.779Z","level":"LOG","message":"Decoded user: {\"id\":12,\"phone\":\"8950299308\",\"iat\":1780642744,\"exp\":1781247544}"}
{"timestamp":"2026-06-11T09:45:31.779Z","level":"LOG","message":"REQ USER: {\"id\":12,\"phone\":\"8950299308\",\"iat\":1780642744,\"exp\":1781247544}"}
{"timestamp":"2026-06-11T09:45:31.799Z","level":"ERROR","message":"SequelizeAccessDeniedError: Access denied for user 'u823569727_shop99User'@'127.0.0.1' (using password: YES)\n    at ConnectionManager.connect (/home/u823569727/domains/api.shop99.co.in/nodejs/node_modules/sequelize/lib/dialects/mysql/connection-manager.js:94:17)\n    at process.processTicksAndRejections (node:internal/process/task_queues:105:5)\n    at async ConnectionManager._connect (/home/u823569727/domains/api.shop99.co.in/nodejs/node_modules/sequelize/lib/dialects/abstract/connection-manager.js:222:24)"}
{"timestamp":"2026-06-11T09:45:31.808Z","level":"ERROR","message":"GET SEO BY PAGE ERROR: SequelizeAccessDeniedError: Access denied for user 'u823569727_shop99User'@'127.0.0.1' (using password: YES)\n    at ConnectionManager.connect (/home/u823569727/domains/api.shop99.co.in/nodejs/node_modules/sequelize/lib/dialects/mysql/connection-manager.js:94:17)\n    at process.processTicksAndRejections (node:internal/process/task_queues:105:5)\n    at async ConnectionManager._connect (/home/u823569727/domains/api.shop99.co.in/nodejs/node_modules/sequelize/lib/dialects/abstract/connection-manager.js:222:24)"}
{"timestamp":"2026-06-11T09:45:31.813Z","level":"ERROR","message":"GET WISHLIST ERROR: SequelizeAccessDeniedError: Access denied for user 'u823569727_shop99User'@'127.0.0.1' (using password: YES)\n    at ConnectionManager.connect (/home/u823569727/domains/api.shop99.co.in/nodejs/node_modules/sequelize/lib/dialects/mysql/connection-manager.js:94:17)\n    at process.processTicksAndRejections (node:internal/process/task_queues:105:5)\n    at async ConnectionManager._connect (/home/u823569727/domains/api.shop99.co.in/nodejs/node_modules/sequelize/lib/dialects/abstract/connection-manager.js:222:24)"}
{"timestamp":"2026-06-11T09:45:31.854Z","level":"ERROR","message":"SequelizeAccessDeniedError: Access denied for user 'u823569727_shop99User'@'127.0.0.1' (using password: YES)\n    at ConnectionManager.connect (/home/u823569727/domains/api.shop99.co.in/nodejs/node_modules/sequelize/lib/dialects/mysql/connection-manager.js:94:17)\n    at process.processTicksAndRejections (node:internal/process/task_queues:105:5)\n    at async ConnectionManager._connect (/home/u823569727/domains/api.shop99.co.in/nodejs/node_modules/sequelize/lib/dialects/abstract/connection-manager.js:222:24)"}
{"timestamp":"2026-06-11T09:45:33.944Z","level":"ERROR","message":"GET SEO BY PAGE ERROR: SequelizeAccessDeniedError: Access denied for user 'u823569727_shop99User'@'127.0.0.1' (using password: YES)\n    at ConnectionManager.connect (/home/u823569727/domains/api.shop99.co.in/nodejs/node_modules/sequelize/lib/dialects/mysql/connection-manager.js:94:17)\n    at process.processTicksAndRejections (node:internal/process/task_queues:105:5)\n    at async ConnectionManager._connect (/home/u823569727/domains/api.shop99.co.in/nodejs/node_modules/sequelize/lib/dialects/abstract/connection-manager.js:222:24)"}
{"timestamp":"2026-06-11T09:45:33.950Z","level":"ERROR","message":"SequelizeAccessDeniedError: Access denied for user 'u823569727_shop99User'@'127.0.0.1' (using password: YES)\n    at ConnectionManager.connect (/home/u823569727/domains/api.shop99.co.in/nodejs/node_modules/sequelize/lib/dialects/mysql/connection-manager.js:94:17)\n    at process.processTicksAndRejections (node:internal/process/task_queues:105:5)\n    at async ConnectionManager._connect (/home/u823569727/domains/api.shop99.co.in/nodejs/node_modules/sequelize/lib/dialects/abstract/connection-manager.js:222:24)"}
{"timestamp":"2026-06-11T09:45:33.966Z","level":"ERROR","message":"SequelizeAccessDeniedError: Access denied for user 'u823569727_shop99User'@'127.0.0.1' (using password: YES)\n    at ConnectionManager.connect (/home/u823569727/domains/api.shop99.co.in/nodejs/node_modules/sequelize/lib/dialects/mysql/connection-manager.js:94:17)\n    at process.processTicksAndRejections (node:internal/process/task_queues:105:5)\n    at async ConnectionManager._connect (/home/u823569727/domains/api.shop99.co.in/nodejs/node_modules/sequelize/lib/dialects/abstract/connection-manager.js:222:24)"}
{"timestamp":"2026-06-11T09:45:33.985Z","level":"LOG","message":"Decoded user: {\"id\":12,\"phone\":\"8950299308\",\"iat\":1780642744,\"exp\":1781247544}"}
{"timestamp":"2026-06-11T09:45:33.985Z","level":"LOG","message":"REQ USER: {\"id\":12,\"phone\":\"8950299308\",\"iat\":1780642744,\"exp\":1781247544}"}
{"timestamp":"2026-06-11T09:45:33.994Z","level":"ERROR","message":"SequelizeAccessDeniedError: Access denied for user 'u823569727_shop99User'@'127.0.0.1' (using password: YES)\n    at ConnectionManager.connect (/home/u823569727/domains/api.shop99.co.in/nodejs/node_modules/sequelize/lib/dialects/mysql/connection-manager.js:94:17)\n    at process.processTicksAndRejections (node:internal/process/task_queues:105:5)\n    at async ConnectionManager._connect (/home/u823569727/domains/api.shop99.co.in/nodejs/node_modules/sequelize/lib/dialects/abstract/connection-manager.js:222:24)"}
{"timestamp":"2026-06-11T09:45:34.004Z","level":"ERROR","message":"GET WISHLIST ERROR: SequelizeConnectionError: connect EPERM 127.0.0.1:3306 - Local (0.0.0.0:0)\n    at ConnectionManager.connect (/home/u823569727/domains/api.shop99.co.in/nodejs/node_modules/sequelize/lib/dialects/mysql/connection-manager.js:102:17)\n    at process.processTicksAndRejections (node:internal/process/task_queues:105:5)\n    at async ConnectionManager._connect (/home/u823569727/domains/api.shop99.co.in/nodejs/node_modules/sequelize/lib/dialects/abstract/connection-manager.js:222:24)"}
{"timestamp":"2026-06-11T09:45:48.910Z","level":"LOG","message":"[dotenv@17.3.1] injecting env (21) from .env -- tip: 🔐 prevent building .env in docker: https://dotenvx.com/prebuild"}
{"timestamp":"2026-06-11T09:45:49.252Z","level":"LOG","message":"[dotenv@17.3.1] injecting env (0) from .env -- tip: ⚙️  write to custom object with { processEnv: myObject }"}
{"timestamp":"2026-06-11T09:45:49.698Z","level":"LOG","message":"[dotenv@17.3.1] injecting env (0) from .env -- tip: 🔐 encrypt with Dotenvx: https://dotenvx.com"}
{"timestamp":"2026-06-11T09:45:50.080Z","level":"LOG","message":"✅ DB Connected"}
{"timestamp":"2026-06-11T09:45:50.199Z","level":"LOG","message":"✅ Tables Synced"}
{"timestamp":"2026-06-11T09:45:50.213Z","level":"LOG","message":"🚀 Server running on port 9001"}
{"timestamp":"2026-06-11T09:45:50.509Z","level":"LOG","message":"Decoded user: {\"id\":12,\"phone\":\"8950299308\",\"iat\":1780642744,\"exp\":1781247544}"}
{"timestamp":"2026-06-11T09:45:50.510Z","level":"LOG","message":"REQ USER: {\"id\":12,\"phone\":\"8950299308\",\"iat\":1780642744,\"exp\":1781247544}"}
{"timestamp":"2026-06-11T09:45:50.889Z","level":"LOG","message":"Decoded user: {\"id\":12,\"phone\":\"8950299308\",\"iat\":1780642744,\"exp\":1781247544}"}
{"timestamp":"2026-06-11T09:45:50.889Z","level":"LOG","message":"REQ USER: {\"id\":12,\"phone\":\"8950299308\",\"iat\":1780642744,\"exp\":1781247544}"}
{"timestamp":"2026-06-11T09:47:06.697Z","level":"LOG","message":"[dotenv@17.3.1] injecting env (21) from .env -- tip: ⚙️  suppress all logs with { quiet: true }"}
{"timestamp":"2026-06-11T09:47:06.957Z","level":"LOG","message":"[dotenv@17.3.1] injecting env (0) from .env -- tip: 🔐 prevent committing .env to code: https://dotenvx.com/precommit"}
{"timestamp":"2026-06-11T09:47:07.322Z","level":"LOG","message":"[dotenv@17.3.1] injecting env (0) from .env -- tip: 🛡️ auth for agents: https://vestauth.com"}
{"timestamp":"2026-06-11T09:47:07.632Z","level":"LOG","message":"✅ DB Connected"}
{"timestamp":"2026-06-11T09:47:07.714Z","level":"LOG","message":"✅ Tables Synced"}
{"timestamp":"2026-06-11T09:47:07.727Z","level":"LOG","message":"🚀 Server running on port 9001"}
{"timestamp":"2026-06-11T09:47:29.770Z","level":"LOG","message":"AUTH ERROR: jwt expired"}
{"timestamp":"2026-06-11T09:47:30.345Z","level":"LOG","message":"AUTH ERROR: jwt expired"}
{"timestamp":"2026-06-11T10:02:47.334Z","level":"LOG","message":"SMS Response: {\"return\":true,\"request_id\":\"S1V0tVfqm0PNflc\",\"message\":[\"SMS sent successfully.\"]}"}
{"timestamp":"2026-06-11T10:02:51.798Z","level":"LOG","message":"SMS DLR (after await):\n{\n  \"success\": true,\n  \"message\": \"DLR found successfully.\",\n  \"data\": [\n    {\n      \"request_id\": \"S1V0tVfqm0PNflc\",\n      \"route\": \"dlt\",\n      \"delivery_status\": [\n        {\n          \"sender_id\": \"SHOPHN\",\n          \"mobile\": 8950299308,\n          \"status\": \"Sent\",\n          \"status_description\": \"Delivered successfully\",\n          \"dlr_attempt\": 1,\n          \"sms_language\": \"english\",\n          \"character_count\": 65,\n          \"sms_count\": 1,\n          \"amount_debited\": \"0.2500\",\n          \"sent_timestamp\": 1781172167,\n          \"sent_time\": \"11-06-2026 10:02:47 AM\"\n        }\n      ]\n    }\n  ]\n}"}
{"timestamp":"2026-06-11T10:03:06.542Z","level":"LOG","message":"Decoded user: {\"id\":12,\"phone\":\"8950299308\",\"iat\":1781172185,\"exp\":1781776985}"}
{"timestamp":"2026-06-11T10:03:06.543Z","level":"LOG","message":"REQ USER: {\"id\":12,\"phone\":\"8950299308\",\"iat\":1781172185,\"exp\":1781776985}"}
{"timestamp":"2026-06-11T10:03:06.692Z","level":"LOG","message":"Decoded user: {\"id\":12,\"phone\":\"8950299308\",\"iat\":1781172185,\"exp\":1781776985}"}
{"timestamp":"2026-06-11T10:03:06.692Z","level":"LOG","message":"REQ USER: {\"id\":12,\"phone\":\"8950299308\",\"iat\":1781172185,\"exp\":1781776985}"}
{"timestamp":"2026-06-11T10:03:09.456Z","level":"LOG","message":"Decoded user: {\"id\":12,\"phone\":\"8950299308\",\"iat\":1781172185,\"exp\":1781776985}"}
{"timestamp":"2026-06-11T10:03:09.549Z","level":"LOG","message":"Decoded user: {\"id\":12,\"phone\":\"8950299308\",\"iat\":1781172185,\"exp\":1781776985}"}
{"timestamp":"2026-06-11T10:03:11.066Z","level":"LOG","message":"Decoded user: {\"id\":12,\"phone\":\"8950299308\",\"iat\":1781172185,\"exp\":1781776985}"}
{"timestamp":"2026-06-11T10:48:07.215Z","level":"LOG","message":"[dotenv@17.3.1] injecting env (21) from .env -- tip: 🔐 prevent building .env in docker: https://dotenvx.com/prebuild"}
{"timestamp":"2026-06-11T10:48:07.625Z","level":"LOG","message":"[dotenv@17.3.1] injecting env (0) from .env -- tip: 🛡️ auth for agents: https://vestauth.com"}
{"timestamp":"2026-06-11T10:48:08.213Z","level":"LOG","message":"[dotenv@17.3.1] injecting env (0) from .env -- tip: ⚡️ secrets for agents: https://dotenvx.com/as2"}
{"timestamp":"2026-06-11T10:48:08.661Z","level":"LOG","message":"✅ DB Connected"}
{"timestamp":"2026-06-11T10:48:08.844Z","level":"LOG","message":"✅ Tables Synced"}
{"timestamp":"2026-06-11T10:48:08.859Z","level":"LOG","message":"🚀 Server running on port 9001"}
{"timestamp":"2026-06-11T11:49:04.588Z","level":"LOG","message":"[dotenv@17.3.1] injecting env (21) from .env -- tip: 🤖 agentic secret storage: https://dotenvx.com/as2"}
{"timestamp":"2026-06-11T11:49:05.019Z","level":"LOG","message":"[dotenv@17.3.1] injecting env (0) from .env -- tip: 🔐 encrypt with Dotenvx: https://dotenvx.com"}
{"timestamp":"2026-06-11T11:49:05.602Z","level":"LOG","message":"[dotenv@17.3.1] injecting env (0) from .env -- tip: 🔐 prevent building .env in docker: https://dotenvx.com/prebuild"}
{"timestamp":"2026-06-11T11:49:06.117Z","level":"LOG","message":"✅ DB Connected"}
{"timestamp":"2026-06-11T11:49:06.267Z","level":"LOG","message":"✅ Tables Synced"}
{"timestamp":"2026-06-11T11:49:06.281Z","level":"LOG","message":"🚀 Server running on port 9001"}
{"timestamp":"2026-06-11T11:54:45.858Z","level":"LOG","message":"FILES 👉 {\"image\":[{\"fieldname\":\"image\",\"originalname\":\"a005-3d-red-rocker-sound-boss-original-imahbk6acesztwys.jpeg\",\"encoding\":\"7bit\",\"mimetype\":\"image/jpeg\",\"destination\":\"/home/u823569727/domains/api.shop99.co.in/nodejs/uploads\",\"filename\":\"1781178885834-a005-3d-red-rocker-sound-boss-original-imahbk6acesztwys.jpeg\",\"path\":\"/home/u823569727/domains/api.shop99.co.in/nodejs/uploads/1781178885834-a005-3d-red-rocker-sound-boss-original-imahbk6acesztwys.jpeg\",\"size\":72313}]}"}
{"timestamp":"2026-06-11T12:06:00.515Z","level":"LOG","message":"FILES 👉 {\"image\":[{\"fieldname\":\"image\",\"originalname\":\"sb-1048-sound-boss-original-imagqw259gwytqhz.jpeg\",\"encoding\":\"7bit\",\"mimetype\":\"image/jpeg\",\"destination\":\"/home/u823569727/domains/api.shop99.co.in/nodejs/uploads\",\"filename\":\"1781179560499-sb-1048-sound-boss-original-imagqw259gwytqhz.jpeg\",\"path\":\"/home/u823569727/domains/api.shop99.co.in/nodejs/uploads/1781179560499-sb-1048-sound-boss-original-imagqw259gwytqhz.jpeg\",\"size\":208365}]}"}
{"timestamp":"2026-06-11T12:15:56.934Z","level":"LOG","message":"FILES 👉 {\"image\":[{\"fieldname\":\"image\",\"originalname\":\"thunder-1-1-sound-boss-original-imahhgpmgtggtyvz.jpeg\",\"encoding\":\"7bit\",\"mimetype\":\"image/jpeg\",\"destination\":\"/home/u823569727/domains/api.shop99.co.in/nodejs/uploads\",\"filename\":\"1781180156919-thunder-1-1-sound-boss-original-imahhgpmgtggtyvz.jpeg\",\"path\":\"/home/u823569727/domains/api.shop99.co.in/nodejs/uploads/1781180156919-thunder-1-1-sound-boss-original-imahhgpmgtggtyvz.jpeg\",\"size\":207107}]}"}
{"timestamp":"2026-06-11T12:25:33.545Z","level":"LOG","message":"FILES 👉 {\"image\":[{\"fieldname\":\"image\",\"originalname\":\"rainbow-1-1-sound-boss-original-imagxsfwjdsfqu4u.jpeg\",\"encoding\":\"7bit\",\"mimetype\":\"image/jpeg\",\"destination\":\"/home/u823569727/domains/api.shop99.co.in/nodejs/uploads\",\"filename\":\"1781180733527-rainbow-1-1-sound-boss-original-imagxsfwjdsfqu4u.jpeg\",\"path\":\"/home/u823569727/domains/api.shop99.co.in/nodejs/uploads/1781180733527-rainbow-1-1-sound-boss-original-imagxsfwjdsfqu4u.jpeg\",\"size\":87228}]}"}
{"timestamp":"2026-06-11T12:25:51.762Z","level":"LOG","message":"Decoded user: {\"id\":12,\"phone\":\"8950299308\",\"iat\":1780642744,\"exp\":1781247544}"}
{"timestamp":"2026-06-11T12:25:51.762Z","level":"LOG","message":"REQ USER: {\"id\":12,\"phone\":\"8950299308\",\"iat\":1780642744,\"exp\":1781247544}"}
{"timestamp":"2026-06-11T12:25:52.355Z","level":"LOG","message":"Decoded user: {\"id\":12,\"phone\":\"8950299308\",\"iat\":1780642744,\"exp\":1781247544}"}
{"timestamp":"2026-06-11T12:25:52.355Z","level":"LOG","message":"REQ USER: {\"id\":12,\"phone\":\"8950299308\",\"iat\":1780642744,\"exp\":1781247544}"}
